-- MySQL dump 10.13  Distrib 5.1.73, for redhat-linux-gnu (x86_64)
--
-- Host: localhost    Database: db_portal
-- ------------------------------------------------------
-- Server version	5.1.73

/*!40101 SET @OLD_CHARACTER_SET_CLIENT=@@CHARACTER_SET_CLIENT */;
/*!40101 SET @OLD_CHARACTER_SET_RESULTS=@@CHARACTER_SET_RESULTS */;
/*!40101 SET @OLD_COLLATION_CONNECTION=@@COLLATION_CONNECTION */;
/*!40101 SET NAMES utf8 */;
/*!40103 SET @OLD_TIME_ZONE=@@TIME_ZONE */;
/*!40103 SET TIME_ZONE='+00:00' */;
/*!40014 SET @OLD_UNIQUE_CHECKS=@@UNIQUE_CHECKS, UNIQUE_CHECKS=0 */;
/*!40014 SET @OLD_FOREIGN_KEY_CHECKS=@@FOREIGN_KEY_CHECKS, FOREIGN_KEY_CHECKS=0 */;
/*!40101 SET @OLD_SQL_MODE=@@SQL_MODE, SQL_MODE='NO_AUTO_VALUE_ON_ZERO' */;
/*!40111 SET @OLD_SQL_NOTES=@@SQL_NOTES, SQL_NOTES=0 */;

--
-- Table structure for table `core_domains`
--

DROP TABLE IF EXISTS `core_domains`;
/*!40101 SET @saved_cs_client     = @@character_set_client */;
/*!40101 SET character_set_client = utf8 */;
CREATE TABLE `core_domains` (
  `id` int(11) NOT NULL AUTO_INCREMENT,
  `domain` varchar(100) NOT NULL,
  `site_id` int(11) NOT NULL,
  `type` enum('park','redirect') NOT NULL DEFAULT 'park',
  PRIMARY KEY (`id`),
  UNIQUE KEY `unique` (`domain`),
  KEY `domain` (`domain`)
) ENGINE=InnoDB DEFAULT CHARSET=utf8;
/*!40101 SET character_set_client = @saved_cs_client */;

--
-- Dumping data for table `core_domains`
--

LOCK TABLES `core_domains` WRITE;
/*!40000 ALTER TABLE `core_domains` DISABLE KEYS */;
/*!40000 ALTER TABLE `core_domains` ENABLE KEYS */;
UNLOCK TABLES;

--
-- Table structure for table `core_settings`
--

DROP TABLE IF EXISTS `core_settings`;
/*!40101 SET @saved_cs_client     = @@character_set_client */;
/*!40101 SET character_set_client = utf8 */;
CREATE TABLE `core_settings` (
  `slug` varchar(30) COLLATE utf8_unicode_ci NOT NULL,
  `default` text COLLATE utf8_unicode_ci NOT NULL,
  `value` text COLLATE utf8_unicode_ci NOT NULL,
  PRIMARY KEY (`slug`),
  UNIQUE KEY `unique - slug` (`slug`),
  KEY `index - slug` (`slug`)
) ENGINE=InnoDB DEFAULT CHARSET=utf8 COLLATE=utf8_unicode_ci COMMENT='Stores settings for the multi-site interface';
/*!40101 SET character_set_client = @saved_cs_client */;

--
-- Dumping data for table `core_settings`
--

LOCK TABLES `core_settings` WRITE;
/*!40000 ALTER TABLE `core_settings` DISABLE KEYS */;
INSERT INTO `core_settings` VALUES ('date_format','g:ia -- m/d/y','g:ia -- m/d/y'),('lang_direction','ltr','ltr'),('status_message','This site has been disabled by a super-administrator.','This site has been disabled by a super-administrator.');
/*!40000 ALTER TABLE `core_settings` ENABLE KEYS */;
UNLOCK TABLES;

--
-- Table structure for table `core_sites`
--

DROP TABLE IF EXISTS `core_sites`;
/*!40101 SET @saved_cs_client     = @@character_set_client */;
/*!40101 SET character_set_client = utf8 */;
CREATE TABLE `core_sites` (
  `id` int(5) NOT NULL AUTO_INCREMENT,
  `name` varchar(100) COLLATE utf8_unicode_ci NOT NULL,
  `ref` varchar(20) COLLATE utf8_unicode_ci NOT NULL,
  `domain` varchar(100) COLLATE utf8_unicode_ci DEFAULT NULL,
  `active` tinyint(1) NOT NULL DEFAULT '1',
  `created_on` int(11) NOT NULL DEFAULT '0',
  `updated_on` int(11) NOT NULL DEFAULT '0',
  PRIMARY KEY (`id`),
  UNIQUE KEY `Unique ref` (`ref`),
  UNIQUE KEY `Unique domain` (`domain`),
  KEY `ref` (`ref`),
  KEY `domain` (`domain`)
) ENGINE=InnoDB AUTO_INCREMENT=2 DEFAULT CHARSET=utf8 COLLATE=utf8_unicode_ci;
/*!40101 SET character_set_client = @saved_cs_client */;

--
-- Dumping data for table `core_sites`
--

LOCK TABLES `core_sites` WRITE;
/*!40000 ALTER TABLE `core_sites` DISABLE KEYS */;
INSERT INTO `core_sites` VALUES (1,'Default Site','default','localhost',1,1370958749,0);
/*!40000 ALTER TABLE `core_sites` ENABLE KEYS */;
UNLOCK TABLES;

--
-- Table structure for table `core_users`
--

DROP TABLE IF EXISTS `core_users`;
/*!40101 SET @saved_cs_client     = @@character_set_client */;
/*!40101 SET character_set_client = utf8 */;
CREATE TABLE `core_users` (
  `id` smallint(5) unsigned NOT NULL AUTO_INCREMENT,
  `email` varchar(60) COLLATE utf8_unicode_ci NOT NULL DEFAULT '',
  `password` varchar(100) COLLATE utf8_unicode_ci NOT NULL DEFAULT '',
  `salt` varchar(6) COLLATE utf8_unicode_ci NOT NULL DEFAULT '',
  `group_id` int(11) DEFAULT NULL,
  `ip_address` varchar(45) COLLATE utf8_unicode_ci DEFAULT NULL,
  `active` int(1) DEFAULT NULL,
  `activation_code` varchar(40) COLLATE utf8_unicode_ci DEFAULT NULL,
  `created_on` int(11) NOT NULL,
  `last_login` int(11) NOT NULL,
  `username` varchar(20) COLLATE utf8_unicode_ci DEFAULT NULL,
  `forgotten_password_code` varchar(40) COLLATE utf8_unicode_ci DEFAULT NULL,
  `remember_code` varchar(40) COLLATE utf8_unicode_ci DEFAULT NULL,
  PRIMARY KEY (`id`),
  KEY `email` (`email`)
) ENGINE=InnoDB AUTO_INCREMENT=2 DEFAULT CHARSET=utf8 COLLATE=utf8_unicode_ci COMMENT='Super User Information';
/*!40101 SET character_set_client = @saved_cs_client */;

--
-- Dumping data for table `core_users`
--

LOCK TABLES `core_users` WRITE;
/*!40000 ALTER TABLE `core_users` DISABLE KEYS */;
INSERT INTO `core_users` VALUES (1,'bvapframework@gmail.com','13e7e508432add74fdc620e8d5d85ace7d3db285','87c72',1,'',1,'',1370958749,1370958749,'baktiaditya',NULL,NULL);
/*!40000 ALTER TABLE `core_users` ENABLE KEYS */;
UNLOCK TABLES;

--
-- Table structure for table `default_api_keys`
--

DROP TABLE IF EXISTS `default_api_keys`;
/*!40101 SET @saved_cs_client     = @@character_set_client */;
/*!40101 SET character_set_client = utf8 */;
CREATE TABLE `default_api_keys` (
  `id` int(9) NOT NULL AUTO_INCREMENT,
  `created` datetime NOT NULL,
  `updated` datetime DEFAULT NULL,
  `created_by` int(11) DEFAULT NULL,
  `ordering_count` int(11) DEFAULT NULL,
  PRIMARY KEY (`id`)
) ENGINE=MyISAM DEFAULT CHARSET=utf8 COLLATE=utf8_unicode_ci;
/*!40101 SET character_set_client = @saved_cs_client */;

--
-- Dumping data for table `default_api_keys`
--

LOCK TABLES `default_api_keys` WRITE;
/*!40000 ALTER TABLE `default_api_keys` DISABLE KEYS */;
/*!40000 ALTER TABLE `default_api_keys` ENABLE KEYS */;
UNLOCK TABLES;

--
-- Table structure for table `default_article_categories`
--

DROP TABLE IF EXISTS `default_article_categories`;
/*!40101 SET @saved_cs_client     = @@character_set_client */;
/*!40101 SET character_set_client = utf8 */;
CREATE TABLE `default_article_categories` (
  `id` int(11) NOT NULL AUTO_INCREMENT,
  `slug` varchar(100) COLLATE utf8_unicode_ci NOT NULL,
  `title` varchar(100) COLLATE utf8_unicode_ci NOT NULL,
  PRIMARY KEY (`id`),
  UNIQUE KEY `unique_slug` (`slug`),
  UNIQUE KEY `unique_title` (`title`),
  KEY `slug` (`slug`)
) ENGINE=InnoDB AUTO_INCREMENT=15 DEFAULT CHARSET=utf8 COLLATE=utf8_unicode_ci;
/*!40101 SET character_set_client = @saved_cs_client */;

--
-- Dumping data for table `default_article_categories`
--

LOCK TABLES `default_article_categories` WRITE;
/*!40000 ALTER TABLE `default_article_categories` DISABLE KEYS */;
INSERT INTO `default_article_categories` VALUES (1,'kuliner','Kuliner'),(2,'otomotif','Otomotif'),(3,'properti','Properti'),(4,'agribisnis','Agribisnis'),(5,'investasi','Investasi'),(6,'kerajinan','Kerajinan'),(7,'kecantikan-and-kesehatan','Kecantikan & Kesehatan'),(8,'laundry','Laundry'),(9,'pendidikan','Pendidikan'),(10,'retail','Retail'),(11,'apotek','Apotek'),(12,'franchise-asing','Franchise Asing'),(13,'jasa','Jasa'),(14,'lain-lain','Lain - Lain');
/*!40000 ALTER TABLE `default_article_categories` ENABLE KEYS */;
UNLOCK TABLES;

--
-- Table structure for table `default_article_menus`
--

DROP TABLE IF EXISTS `default_article_menus`;
/*!40101 SET @saved_cs_client     = @@character_set_client */;
/*!40101 SET character_set_client = utf8 */;
CREATE TABLE `default_article_menus` (
  `id` int(11) NOT NULL AUTO_INCREMENT,
  `slug` varchar(255) COLLATE utf8_unicode_ci NOT NULL,
  `title` varchar(255) COLLATE utf8_unicode_ci NOT NULL,
  `parent_id` int(11) NOT NULL DEFAULT '0',
  PRIMARY KEY (`id`),
  UNIQUE KEY `unique_slug` (`slug`),
  UNIQUE KEY `unique_title` (`title`),
  KEY `slug` (`slug`),
  KEY `parent_id` (`parent_id`)
) ENGINE=InnoDB AUTO_INCREMENT=8 DEFAULT CHARSET=utf8 COLLATE=utf8_unicode_ci;
/*!40101 SET character_set_client = @saved_cs_client */;

--
-- Dumping data for table `default_article_menus`
--

LOCK TABLES `default_article_menus` WRITE;
/*!40000 ALTER TABLE `default_article_menus` DISABLE KEYS */;
INSERT INTO `default_article_menus` VALUES (1,'trenbiz','TrenBiz',0),(5,'kemitraan','Kemitraan',0),(6,'business-oportunity','Business Oportunity',5),(7,'franchise','Franchise',5);
/*!40000 ALTER TABLE `default_article_menus` ENABLE KEYS */;
UNLOCK TABLES;

--
-- Table structure for table `default_article_popular`
--

DROP TABLE IF EXISTS `default_article_popular`;
/*!40101 SET @saved_cs_client     = @@character_set_client */;
/*!40101 SET character_set_client = utf8 */;
CREATE TABLE `default_article_popular` (
  `id` int(11) NOT NULL AUTO_INCREMENT,
  `article_id` int(11) NOT NULL,
  `position` int(5) NOT NULL,
  PRIMARY KEY (`id`),
  KEY `article_id` (`article_id`),
  KEY `position` (`position`)
) ENGINE=InnoDB AUTO_INCREMENT=6 DEFAULT CHARSET=utf8 COLLATE=utf8_unicode_ci;
/*!40101 SET character_set_client = @saved_cs_client */;

--
-- Dumping data for table `default_article_popular`
--

LOCK TABLES `default_article_popular` WRITE;
/*!40000 ALTER TABLE `default_article_popular` DISABLE KEYS */;
INSERT INTO `default_article_popular` VALUES (1,1,5),(2,2,4),(3,3,2),(4,5,1),(5,6,3);
/*!40000 ALTER TABLE `default_article_popular` ENABLE KEYS */;
UNLOCK TABLES;

--
-- Table structure for table `default_articles`
--

DROP TABLE IF EXISTS `default_articles`;
/*!40101 SET @saved_cs_client     = @@character_set_client */;
/*!40101 SET character_set_client = utf8 */;
CREATE TABLE `default_articles` (
  `id` int(9) NOT NULL AUTO_INCREMENT,
  `created` datetime NOT NULL,
  `updated` datetime DEFAULT NULL,
  `created_by` int(11) DEFAULT NULL,
  `ordering_count` int(11) DEFAULT NULL,
  `intro` longtext COLLATE utf8_unicode_ci,
  `title` varchar(200) COLLATE utf8_unicode_ci NOT NULL,
  `slug` varchar(200) COLLATE utf8_unicode_ci NOT NULL,
  `category_id` int(11) NOT NULL,
  `menu_id` int(11) NOT NULL,
  `body` text COLLATE utf8_unicode_ci NOT NULL,
  `parsed` text COLLATE utf8_unicode_ci NOT NULL,
  `keywords` varchar(32) COLLATE utf8_unicode_ci NOT NULL DEFAULT '',
  `author_id` int(11) NOT NULL DEFAULT '0',
  `created_on` int(11) NOT NULL,
  `updated_on` int(11) NOT NULL DEFAULT '0',
  `comments_enabled` enum('no','1 day','1 week','2 weeks','1 month','3 months','always') COLLATE utf8_unicode_ci NOT NULL DEFAULT '3 months',
  `status` enum('draft','live') COLLATE utf8_unicode_ci NOT NULL DEFAULT 'draft',
  `type` set('html','markdown','wysiwyg-advanced','wysiwyg-simple') COLLATE utf8_unicode_ci NOT NULL,
  `preview_hash` char(32) COLLATE utf8_unicode_ci NOT NULL DEFAULT '',
  `featured_image` char(15) COLLATE utf8_unicode_ci DEFAULT NULL,
  `slideshow` varchar(255) COLLATE utf8_unicode_ci DEFAULT '0',
  `author` int(11) DEFAULT NULL,
  PRIMARY KEY (`id`)
) ENGINE=InnoDB AUTO_INCREMENT=51 DEFAULT CHARSET=utf8 COLLATE=utf8_unicode_ci;
/*!40101 SET character_set_client = @saved_cs_client */;

--
-- Dumping data for table `default_articles`
--

LOCK TABLES `default_articles` WRITE;
/*!40000 ALTER TABLE `default_articles` DISABLE KEYS */;
INSERT INTO `default_articles` VALUES (1,'2013-06-03 16:09:00','2013-06-03 16:09:00',1,1,'Menurutmu, apa arti kesuksesan? Berdasarkan penelitian Accenture, sebagian besar profesional di Indonesia mendefinisikannya sebagai keseimbangan antara kehidupan di dalam dan di luar pekerjaan, diikuti kemandirian dan pengembangan diri. Kalau begitu, sudahkah kamu termasuk di dalamnya?','Mau Sukses, Curi Rahasia 3 Perempuan Pebisnis Ini!','mau-sukses-curi-rahasia-3-perempuan-pebisnis-ini',1,1,'<p>Beberapa perempuan pengusaha pun berbagi pengalaman mereka berjuang memenangkan keluarga,passion, dan mimpi mereka sekaligus. Dengan kunci masing-masing, mereka akhirnya berhasil membuka sendiri jalan menuju apa yang dinamakan kesuksesan.</p>\n\n<p><strong>Berani menghadapi risiko dan tak cepat merasa puas</strong></p>\n\n<p>Bisa menikmati pencapaian, mungkin adalah hal yang kamu tunggu-tunggu selama ini. Namun, ternyata bukan itu yang dicari dan dinanti para perempuan yang kemudian meraih sukses dengan caranya sendiri. Rakhma Sinseria, Co-Owner&nbsp;coffee shop&nbsp;Coffee Toffee, pilih menikmati kesuksesan dengan terus menjalani rutinitas seperti sedang merintis usaha dari bawah. &ldquo;Sampai saat ini saya masih kurang tidur, karena sebagai perempuan karier, istri, dan ibu rumah tangga tetap saja banyak yang harus dikerjakan tiap harinya,&rdquo; ungkap ibu dua orang anak itu.</p>\n\n<p>Bukannya tak menghargai pencapaiannya, usaha yang pernah bangkrut diakui Rakhma sebagai pelajaran berharga. Karenanya, keberhasilan bukan alasan bagi Rakhma untuk bersantai, tapi sebagai tolok ukur untuk berusaha lebih keras mempertahankan sekaligus mengembangkan bisnisnya. Rakhma mau terus belajar menyusun strategi untuk menaklukkan pasar. &ldquo;Intinya, kalau ingin berkarier secara profesional maupun terjun ke dunia bisnis, kuncinya adalah fokus. Lakukan seratus persen atau tidak sama sekali.&rdquo; Fokus, artinya apa pun yang terjadi tetap meyakini apa yang tengah dirintis, dan lakukan seratus persen artinya total tanpa keraguan. Terbukti, dengan optimism bisnis kopi lokal yang Rakhma jalankan bersama sang suami kini bahkan sanggup bersaing dengan&nbsp;brand-brand&nbsp;luar.</p>\n\n<p><strong>Pentingnya spirit, pengetahuan, dan jaringan</strong></p>\n\n<p>Dian Noeh, Co-Founder&nbsp;sekaligus&nbsp;CEO perusahaan konsultan&nbsp;PR&nbsp;Kennedy, Voice &amp; Berliner, juga contoh perempuan yang sukses berwirausaha. Setelah bekerja di dunia&nbsp;public relations&nbsp;selama belasan tahun, akhirnya tahun 2011 Dian memberanikan diri melepaskan jabatannya untuk menjadi perempuan mandiri. &ldquo;Saya pikir inilah saatnya. Saya merasa sudah cukup modal. Bukan masalah keuangan melainkan spirit, juga pengetahuan dan jaringan,&rdquo; ungkap Dian.</p>\n\n<p>Baginya, modal utama adalah semangat, pengetahuan dan pengalamanlah yang kemudian membantunya merealisasikan mimpi berwirausaha. Semua itu kemudian disempurnakan dengan jaringan yang didapat selama bekerja kantoran plus dukungan dari orang-orang terdekat. Makin luas&nbsp;networking, artinya makin banyak dukungan dan kepercayaan terhadap bisnis yang kita rintis.</p>','','6c33b0f06a6ef1ec53e02b15b886813a',1,1370250540,1370250540,'no','live','wysiwyg-advanced','','83fbbbcb6889158','0',NULL),(2,'2013-06-04 16:19:00','2013-06-04 16:19:00',1,2,'Untuk ketiga kalinya Lenka menggelar konser di Jakarta, tepatnya di Skeeno Hall, Gandaria City. Konser yang dimulai pukul 19.00 ini dibuka oleh penampilan tiga finalis X Factor yaitu Nu Dimension, Novita Dewi, dan Fatin.','Lenka Rocks The Show!','lenka-rocks-the-show',2,1,'<p>I&#39;m just a little bit caught in the middle<br />\nLife is a maze and love is a riddle<br />\nI don&#39;t know where to go, can&#39;t do it alone I&#39;ve tried and I don&#39;t know why</p>\n\n<p>Ada yang bisa tebak itu lagu siapa? Seratus buat kamu yang menjawab&nbsp;Lenka!&nbsp;And yup, untuk ketiga kalinya Lenka menggelar konser di Jakarta, tepatnya di&nbsp;Skeeno Hall, Gandaria City. Konser yang dimulai pukul 19.00 ini dibuka oleh penampilan tiga finalis&nbsp;X Factor&nbsp;yaitu&nbsp;Nu Dimension, Novita Dewi,&nbsp;dan&nbsp;Fatin. Setelah itu, baru deh Lenka muncul di atas panggung dan menyanyikan&nbsp;Trouble is a Friend. Lenka juga sempat menunjukkan keahliannya bermainkeyboard, lho. Dan yang lebih spesialnya lagi, ia membawakan beberapa lagu dari album barunya yang berjudulShadows. Padahal, albumnya baru akan dirilis pada bulan Juni mendatang. Selain itu, Lenka juga menyanyikan beberapa lagu andalannya seperti&nbsp;Heart to the Party, Heart Skips a Beat,&nbsp;dan&nbsp;Don&#39;t Let Me Fall. Nggak ketinggalan, lagu&nbsp;Locked Out of Heaven&nbsp;dari&nbsp;Bruno Mars&nbsp;dan&nbsp;Pumped Up Kicks&nbsp;dari&nbsp;Foster The People juga dinyanyikan dengan keren banget! Akhirnya, konser ditutup dengan lagu&nbsp;The Show. Lenka kembali mengajak para finalis X Factor untuk menyanyi bersama-sama di atas panggung.&nbsp;You did great, Lenka! We heart you...</p>','','0f27a04ee867e489b3e83e8f78c74a4f',1,1370337540,1370337540,'no','live','wysiwyg-advanced','','5ebe6965390659e','1',NULL),(3,'2013-06-05 16:22:00','2013-06-05 16:22:00',1,3,'Perancang mode muda berbakat asal Surabaya, Natalia Kiantoro, 22, berhasil meraih penghargaan People’s Choice Award pada kompetisi fashion design Audi Star Creation 2012 Singapura.','Natalia Kiantoro: Desainer Pilihan Penonton di Audi Star Creation 2012','natalia-kiantoro-desainer-pilihan-penonton-di-audi-star-creation-2012',2,1,'<img alt=\"\" class=\"pyro-image alignment-none\" data-pyroimage=\"true\" height=\"300\" src=\"{{ url:site }}files/thumb/13d7b16fe2b8a45/642x300/fit\" width=\"642\" />\n<p>Penghargaan tersebut diraih oleh Natalia yang lulusan Raffles Design Institute, Shanghai, Desember 2011 atas dukungan 24.000 pemilih.</p>\n\n<p>Menurut rilisnya, dia menampilkan koleksi berjudul Tangled yang terinspirasi dari benda-benda aneh berkaitan yang natural maupun buatan manusia, seperti dahan pohon dan tangga spiral. Dia menggunakan teknik draping dan lipitan, dengan bahan kain jersey dan sutra untuk menambah volume dan membentuk setiap produk dengan lipatan dan belokan yang ingin dia perlihatkan.</p>\n\n<p>&ldquo;Saya sangat senang memenangkan People&rsquo;s Choice Award dan saya ingin berterimaksih kepada semua orang yang telah memilih saya. Walaupun tidak menang Audi Star Creation 2012, saya belajar banyak dalam perjalanan menuju kompetisi ini dan saya puas hanya dengan sampai pada babak final. Para pemenang lainnya telah menginspirasikan saya untuk melihat bahan yang digunakan. Beberapa dari mereka menggunakannya dengan cara yang sangat kreatif, &rdquo; kata Natalia.</p>\n\n<p>Mode telah menjadi impian masa kecil bagi Natalia, yang memulai untuk mendesain baju miliknya sendiri dari umur 10 tahun. Setelah lulus SMA, dia bersama orangtuanya pindah ke Shanghai untuk belajar fashion di tahun 2009. Sekarang, dia sudah kembali ke Surabaya dan berencana untuk membuka label-nya di Surabaya sebelum merambah ke Jakarta.</p>\n\n<p>Sementara tiga pemenang terbaik masing-masing dari China, Korea Selatan dan Thailand meraih penghargaan Audi Young Designer Award tingkat Asia di Singapura pada 15 Mei.</p>\n\n<p>Dewan juri memutuskan desainer muda Liang Wang, 27, China, sebagai juara. Dia memperlihatkan koleksi berjudul Tissue of Being yang memberi penghargaan kepada kerajinan tangan.</p>\n\n<p>&ldquo;Kami semua mencintai bagaimana dia mengolah bahan sendiri. Dalam hal desain, dia sangat memiliki pola pikir yang minimalis tetapi tetap menarik,&rdquo; kata juri Douglas Benjamin, Chief Executive Officer FJ Benjamin Pte Ltd dan Co-Creative Director brand Raoul.</p>\n\n<p>Lalu juri David Wang, Vice President Textile and fashion Federation of Singapore (TaFf), menyuarakan hal yang sama dan koleksi tersebut mengeluarkan kemutakhiran dan sangat terlihat internasional.</p>\n\n<p>Desainer dari Thailand, Soravit Kaewkamon, 23, juga mendapat penilaian tertinggi koleksi pakaian adat pria bertema Love and Friendship.</p>\n\n<p>&ldquo;Semua koleksi terlihat sangat hidup di atas panggung dengan desain dan detil seperti sulaman bulu yang terlihat dengan jelas. Koleksi itu terlihat sangat rapih,&rdquo; kata Wang.</p>\n\n<p>Peserta yang terakhir mendapatkan kemenangan tinggi adalah desainer asal Korea Selatan, Ko Youngji, 32, dengan koleksi berjudul Li Jin yang menggambarkan warna biru, hijau, dan merah jambu dari baju nasional saekdong dan membuatnya dengan bahan Barat. Hasilnya terlihat satu koleksi yang komersil.</p>\n\n<p>Menurut Jo Soh, Designer dan Ownder Hansel Production Pte Ltd, koleksi dari Ko sangat dekat dari sketsa yang digambar</p>\n\n<p>&ldquo;Setiap tahun, Audi Star Creation menuai desainer yang sangat berbakat dari berbagai macam tempat di Asia &ndash; pemenang tahun ini dipilih dari lebih dari 250 peserta dan menjadi kesempatan kecil untuk memenangkan posisi teratas. Program ini bisa memberikan lebih banyak pekerjaan bagi para finalis, apalagi kebanyakan dari mereka mengatakan bahwa mereka ingin bekerja di Singapura untuk memperbesar akses bagi berbagai macam bakat yang ada di perusahaan Singapura,&rdquo; kata Caliia Chua, Group Director TaFT Singapore.</p>\n\n<p>Sementara itu Christy Wong, Chief Fashion Designer, Crocodile International, mengungkapkan bahwa ketika mencari seorang yang berbakat, mereka masih menemukan kesulitan. Mereka sangat kreatif, tapi tidak semua desainer mengerti konsep branding dan bagaimana dampaknya terhadap keuntungan dan segi teknis yang benar.</p>\n\n<p>Koleksi yang menang itu diperlihatkan pada acara Audi Star Creation Capsule Showcase pada 18 Mei 2012. Acara itu dilihat dari berbagai macam pelaku industri mode, ahli dan pengamat mode, dan di bintangi oleh pemenang Star Creation 2011, Chen Zhi Gang, 29, dari Cina, Tiang Boon Tieon, 28, dari Malaysia, dan Tsai Ming Hung, 29, asal Singapura.</p>\n\n<p>Audi Star Creation yang diorganisir oleh TaFf adalah bagian dari Asia Fashion Exchange (AFX) yang bermaksud untuk menemukan bakat baru lokal dan Asia dan menjadikan mereka bintang mode masa depan. Acara tersebut telah memasuki tahun ketiganya.</p>\n\n<p>Setiap pemenang mendapatkan hadiah uang sebesar SGD$10.000 dari Audi Singapore, kesempatan bekerja pada perusahaan retailer F J Benjamin, dan kesempatan untuk meluncurkan capsule collection pada acara Star Creation 2013.</p>\n\n<p>Para itu pemenang dipilih dari 255 orang yang berpartisipasi dari 13 negara. Peserta tahun lalu mencapai 144 orang dari China, Indonesia, Jepang, Malaysia, Singapura, dan Thailand.</p>','','e9edfa6d0ec8af8bc43388e004ebaf6f',1,1370424120,1370424120,'no','live','wysiwyg-advanced','','13d7b16fe2b8a45','1',3),(4,'2013-06-06 16:28:00','2013-06-06 16:28:00',1,4,'Cari tempat steak yang menyajikan suasana cozy buat nongkrong dan berlama-lama ngobrol? Ada satu lagi tempat khusus “pemakan daging” hadir di Jakarta yang bisa kamu coba sambangi.','Menikmati Steak Juicy dalam &quot;Gudang&quot; Mewah Ala Victorian','menikmati-steak-juicy-dalam-gudang-mewah-ala-victorian',3,1,'<p><img alt=\"\" class=\"pyro-image alignment-left\" data-pyroimage=\"true\" src=\"{{ url:site }}files/thumb/3a2f2f5cd92d893/400\" style=\"float:left\" width=\"400\" />Potato Head melahirkan satu lagi anggota baru keluarganya, Potato Head Garage. Terletak di Ex. Bengkel Caf&eacute; SCBD, Sudirman, Potato Head Garage hadir menyuguhkan pengalaman berbeda untuk menikmati steak.</p>\n\n<p>Saat masuk ruangan ini, pengunjung akan mendapatkan kesan sebuah restoran fine dining. Nggak heran juga pasalnya chandelier bergelantungan di seluruh ruangan yang didominasi oleh sofa putih dan rak-rak wine yang menghiasi dinding. Kamu akan merasa makan dalam balutan suasana Victorian atau mungkin suasana klasik saat menginjakkan kaki di tempat ini.</p>\n\n<p>Sesuai dengan konsepnya, steak house, <em>main course</em> utama yang banyak ditawarkan di restoran ini pun berbagai jenis steak, mulai dari beraneka ragam wagyu hingga daging unggulan mereka. Rasanya? Nggak diragukan lagi, Fimelova! Bumbu terasa mulai dari permukaan hingga meresap ke dalam daging. Daging yang dibakar dengan cara dan waktu sempurna tidak menghilangkan rasa juicy daging saat dihidangkan. Namun, memang harga steak di sini lebih mahal dibandingkan dengan tempat-tempat steak biasa. Tapi sekali lagi, ada harga ada rasa.</p>\n\n<p>Walaupun mengutamakan steak, Potato Head Garage juga menyediakan menu lain, seperti pasta. Selain steak, Potato Head Garage juga mengunggulkan ragam minuman cocktail mereka, misalnya saja PTT Mojito, Ginger and Lychee Mojito, serta Mango Rosemary Mojito. Yup, mixologist asal Inggris di tempat ini memang sengaja ingin menghadirkan pengalaman eksotis menikmati paduan rempah dan buah dalam minuman. Ginger and Lychee Mojito wajib kamu coba, Fimelova.</p>\n\n<p>Potato Head Garage biasanya hanya buka untuk melayani makan malam. Namun, mulai tanggal 22 Mei kemarin, restoran ini sudah mulai buka sejak siang untuk melayani makan siang. Nah, kamu yang kehabisan ide untuk makan siang, bisa mulai melipir ke sini. Paket menu makan siang pun sudah dihadirkan mulai dari Rp250.000++ hingga Rp350.000,-++. <em>Nyum</em>!</p>','','dc076ca629d3211206da03735a52fd63',1,1370510880,1370510880,'no','live','wysiwyg-advanced','','00bdce4f6662181','1',NULL),(5,'2013-06-07 16:30:00','2013-06-07 16:30:00',1,5,'Banting stir usaha, bukan satu halangan untuk sukses. Philippe Charriol, seorang pengusaha asal Swiss berbagi tips sukses saat ia memulai usaha perhiasan dan jam tangan yang sudah berusia 30 tahun.','4 Tips Anti Trauma Gagal Berbisnis','4-tips-anti-trauma-gagal-berbisnis',4,1,'<p><span class=\"alignment-left\" style=\"float: left; width: 460px;\"><img alt=\"\" data-pyroimage=\"true\" src=\"{{ url:site }}files/thumb/9517fd0bf8faa65/460\" width=\"460\" /><span class=\"image-caption\">Vino G. Bastian (kiri) and Dedi Petet (kanan) di film &#39;Madre&#39;.<br />\nImage credit:&nbsp;Mizan Production</span></span>Ingin banting stir dari karyawan menjadi seorang pebisnis atau mungkin beralih dari bisnis yang satu ke bisnis lainnya? <em>Just do it!</em> Philippe Cahrriol melalui bisnis jam tangan mewah dan juga perhiasan yang telah ia rintis selama 30 tahun membuktikan bahwa gagal di bisnis pertama bukan halangan untuk menuai sukses di bisnis kedua. Mr. Charriol berbagi rahasia suksesnya saat mulai merintis Charriol.</p>\n\n<p><strong>​Lihat peluang dan lakukan dengan optimal. Selalu ada kesempatan kedua</strong></p>\n\n<p>Bisnis pertama tidak terlalu sukses, bukan berarti kamu lantas mundur dan berhenti. Cari peluang bisnis lainnya dan lakukan bisnis kedua dengan optimal. Ingat, nggak ada kesuksesan yang datang secara instan.</p>\n\n<p>&ldquo;Bisnis pertama saya adalah bisnis wine. Namun, karena pada masa itu bisnis wine di Eropa sangat dibatasi, saya beralih ke bisnis lain, bisnis perhiasan dan jam tangan yang saya jalani hingga saat ini. Selain itu, bisnis kedua yang saya jalani juga bisa memuaskan hobi traveling saya. Jadi, saya juga sangat menikmati menjalani bisnis ini. Dan fokus dengan apa yang dijalani, jangan biarkan hambatan kecil mengganggu jalanmu,&rdquo; lelaki yang sukses menjalani bisnis keluarga ini bercerita.</p>\n\n<p>Apapun yang kita lakukan, pasti akan menuai komentar dari orang di sekitar kita. Terkadang, banyak orang berkomentar seolah mereka tahu dengan pasti apa yang kita jalani. Maka kuncinya adalah jangan dengarkan perkataan orang lain.</p>\n\n<p>​Don&rsquo;t listen to anybody. Just do everything you wanna do! Banyak orang yang terlalu sering mengungkapkan kekhawatiran mereka saat kita akan memulai sesuatu. Kuncinya, jangan terlalu banyak mendengarkan perkataan orang lain, maju, dan lakukan apa yang ingin kamu lakukan,&rdquo; Mr. Charriol memberi saran.</p>\n\n<p><strong>Bermental nomor 1</strong></p>\n\n<p>&ldquo;Kita memang tidak bisa selalu menjadi yang terbaik, tapi bercita-cita dan memasang mental untuk selalu menjadi yang pertama sangat penting kita miliki. Dalam bisnis kita selalu akan menemukan saingan dan berkompetisi untuk menjadi yang terbaik. Tidak peduli bagaimana hasilnya nanti, yang paling penting adalah kita harus selalu bermental untuk jadi yang pertama,&rdquo; Mr. Charriol menekankan.</p>\n\n<p>Terkadang, untuk berhati-hati agar tidak terjerumus dan cepat jatuh ke lubang kegagalan, kita terlalu banyak membuat rencana usaha bahkan hingga membuat kita terlalu fokus dan lupa memulai. Inilah yang harus dihindari menurut Mr. Charriol.</p>\n\n<p>&ldquo;<em>Don&rsquo;t plan too much</em>! Membuat rencana memang bagus dan semua pasti akan menyarankan kita untuk membuat rencana usaha. Namun, jangan terlalu larut dengan rencana-rencana dan mulailah beraksi,&rdquo; ujar Mr. Charriol.</p>','','11577fc96051e72a9a7e2f666999d1a9',1,1370597400,1370597400,'no','live','wysiwyg-advanced','','b51bc81e660a8b6','1',NULL),(6,'2013-06-08 16:34:00','2013-06-08 16:34:00',1,6,'Raisa sukses jadi penyanyi yang dicintai banyak penikmat musik berkat lantunan lagu cintanya. Beruntungnya, kehidupan pribadinya kini pun sama indah seperti lagu-lagunya. Tapi, kenapa ia mengatakan kalau sebenarnya tak takut untuk melajang?','Cerita Cinta Raisa: Happily Ever After dan Super Romantis!','cerita-cinta-raisa-happily-ever-after-dan-super-romantis',2,1,'<p><span class=\"alignment-left\" style=\"float: left; width: 300px;\"><img alt=\"Raisa Adriana\" data-pyroimage=\"true\" src=\"{{ url:site }}files/thumb/99fa629079ce7a3/300\" /><span class=\"image-caption\">Raisa Adriana</span></span>Perbincangan kami tentang cinta itu berlangsung di Jumat sore sebelum ia beranjak untuk latihan vokal. Raisa yang mengklaim dirinya sebagai perempuan yang sangat berjiwa romantis, mengawali kisahnya dengan bercerita tentang laki-laki apa yang seperti tepat untuknya dan berlanjut hingga ketegasannya sebagai perempuan yang tak takut untuk sendiri. Hubungan cintanya dengan Keenan Pearce yang super romantis layaknya film, adalah salah satu unsur topik obrolan kami ini.</p>\n\n<p><strong>The perfect man means happiness</strong></p>\n\n<p>Kalau dia bukan laki-laki yang bisa membuat saya bahagia, tandanya ia belum tepat untuk saya. Ya, logika sesederhana seperti itu saja yang membuat saya bisa yakin dan nyaman dengan sosok laki-laki untuk menjadi pasangan. Saya hidup untuk bahagia dan menurut saya kebahagiaan sangat berkaitan erat dengan personal relationship saya terhadap orang-orang tertentu. Untuk hal umum saja, saya lebih senang dikelilingi oleh orang-orang yang positif agar bisa enak beraktivitas. Apalagi untuk masa penjajakan seperti pacaran, masa belum apa-apa sudah negatif?</p>\n\n<p>Makanya, saya pribadi kini terus belajar untuk mengendalikan mood. Saya nggak ingin jadi orang yang memperlihatkan atau menumpahkan mood kurang baik saya kepada orang lain, karena itu nggak adil. Kadang bisa, tapi terkadang masih susah. Kalau saya ingin bahagia, saya juga harus bisa membahagiakan orang-orang di sekitar saya, kan? Termasuk, untuk lelaki yang dekat dengan saya.</p>\n\n<p><strong>Happily ever after love does exist</strong></p>\n\n<p>Ya, saya percaya kehidupan cinta yang selalu berbahagia ada di kehidupan nyata, karena ada banyak orang yang sudah memilikinya. Percaya dengan hal itu perlu lho, karena kalau saya sudah skeptis sedari awal menjalani hubungan, hal baik itu nggak akan terjadi pada saya. Untuk mendapatkan itu, saya memang harus memperjuangkan sebuah hubungan yang saya yakin pantas untuk dipertahankan. Tapi, dengan akal sehat, ya. Karena, saya nggak jadi orang terlalu memaksakan, padahal itu sebenarnya nggak sepadan dengan usaha saya.</p>\n\n<p>Contohnya, kalau sudah nggak banyak kecocokan, bawaannya bertengkar terus, itu menurut saya sudah masuk di zona memaksakan. Untungnya, saya bukan perempuan yang takut sendirian. Bila hubungan itu pantas dipertahankan, pasti akan saya bela. Tapi, nggak akan pernah terjadi kalau saya akan bertahan di dalam sebuah hubungan hanya karena takut sendirian dan jomblo. Kenapa dan untuk apa saya bertahan di hubungan yang membuat saya <em>miserable</em>? Berani untuk memutuskan hubungan yang sudah tak sehat itu adalah salah satu hak saya untuk hidup bahagia.</p>','','4225ca48e57414b9d269eb7a03089593',1,1370684040,1370684040,'no','live','wysiwyg-advanced','','a6c10fd8d8daf2a','1',3),(7,'2013-06-09 18:11:00','2013-06-09 18:11:00',1,7,'Di liburan akhir pekan ini bioskop-bioskop tanah air akan diramaikan oleh film-film box office yang tentunya akan membuat hari libur Anda bersama keluarga lebih seru.','Film Weekend: Kolaborasi Will dan Jaden Smith di After Earth','film-weekend-kolaborasi-will-dan-jaden-smith-di-after-earth',2,1,'<p>Salah satunya adalah film After Earth yang akan menyajikan aksi kolaborasi Jaden Smith dengan ayahnya, Will Smith, yang tentunya ditunggu-tunggu oleh penonton di Indonesia. Cerita film ini berasal dari ide Will Smith yang dituangkan dengan naskah skenario yang ditulis oleh Gary Whitta dan sutradara M. Night Shyamalan.</p>\n\n<p>Film ini berkisah tentang sebuah bencana yang memaksa umat manusia untuk meninggalkan bumi dan berpetualang melewati tata surya dalam mencari rumah baru. Petualangan tersebut berakhir ketika manusia menempati dunia baru yang mereka sebut Nova Prime.</p>\n\n<p>Seribu tahun kemudian, The Ranger Corps, sebuah organisasi penjaga keamanan yang dipimpin oleh Jenderal Cypher Raige (Will Smith), berkonflik dengan alien yang bermaksud menaklukan Nova Prime. Senjata mereka adalah Ursa, predator yang berburu dengan &lsquo;mencium&rsquo; ketakutan manusia.</p>\n\n<p>Cypher mempelajari bagaimana untuk menekan rasa takut itu. Teknik ini disebut &lsquo;menghantui&rsquo;. Dia mengajarkan teknik ini ke ranger lain dan membawa kemenangan untuk The Ranger Corps.</p>\n\n<p>Sementara itu, putra Cypher, Kitai Raige (Jaden Smith), menyalahkan dirinya atas kematian kakaknya, Senshi (Zoe Kravitz), di tangan Ursa. Kitai berlatih keras untuk menjadi ranger seperti Cypher. Sayangnya, dia tidak lulus.</p>\n\n<p>Faia (Sophie Okonedo), Ibu Kitai sekaligus istri Cypher, membujuk Cypher untuk mengajak Kitai dalam perjalanan terakhirnya sebelum pensiun. Selama perjalanan, ayah dan anak ini mulai membuat ikatan.</p>\n\n<p>Namun, pesawat mereka terkena badai asteroid dan memaksa mereka mendarat di Bumi. Semua ranger tewas menyisakan Kitai dan Cypher. Di Bumi yang merupakan planet karantina kelas 1, Kitai sendirian harus menemukan suara darurat yang berada si ekor pesawat karena kedua kaki Cypher patah dan suar darurat di kokpit rusak.</p>\n\n<p>Tentu saja sebagai film fiksi ilmiah Hollywood, kemasannya tidak mengecewakan. Film ini mendapatkan respon yang memuaskan dari penonton di Amerika Utara dan Korea. After Earth berhasil menduduki di peringkat ketiga box office setelah Fast &amp; Furious 6 dan Now You See Me.</p>\n\n<p>​After Earth telah dirilis di sejumlah negara, termasuk di Indonesia pada hari ini, Jumat (7/6). Saat ini After Earth sudah bisa disaksikan di Cineplex 21 dan Blitz Megaplex.</p>','','d53bd17bbe4f959e4d59d348ac028e9c',1,1370776260,1370776260,'no','live','wysiwyg-advanced','','7cde6ef608e8c75','0',3),(8,'2013-06-10 18:17:00','2013-06-10 18:17:00',1,8,'Wujudnya nyaris sesuai aslinya dengan ukuran yang sama, replika aneka makanan ini punya potensi pasar yang besar. Anda yang punya usaha kuliner, barangkali bisa memanfaatkan jasanya.','Arts Dummy: Replika Kuliner – Ekonomis Efektif','arts-dummy-replika-kuliner--ekonomis-efektif',5,1,'<p><img alt=\"\" class=\"pyro-image alignment-right\" data-ibimage=\"true\" data-pyroimage=\"true\" height=\"227\" src=\"{{ url:site }}files/thumb/6c9fadf06607f16/400\" style=\"float:right\" width=\"400\" />​Berbicara seni tak akan ada habisnya. Selalu saja ada kesenian baru muncul dengan keunikan dan juga pengembangannya. Para pelaku seni biasanya tidak memikirkan berapa pengeluaran dan pendapatan dari kesenian yang dibuat, dapat menghasilkan karya saja sudah cukup menambah koleksi. Namun, banyak juga yang tanpa sengaja lewat keterampilan dan kreativitas menjadi pengusaha. Salah satunya, <strong>Stefanus Susanto</strong> (60) yang rela mempelajari ilmu seni replika di Korea Selatan selama 4 tahun.</p>\n\n<p>Berbekal ilmu tersebut ia mendirikan <strong>Arts Dummy</strong>, usaha replika kuliner tahun 2007. Bisnis replika pertama di Asia Tenggara ini berbeda dengan usaha sejenisnya. Kalau usaha lain membuat replika dalam bentuk kecil atau dikenal dengan istilah miniatur, produk replika miliknya sesuai dengan bentuk asli. Bila kita ke gerainya di Jakarta, kita akan menjumpai duplikat sajian beragam makanan. Semisal pizza, muffin, satai padang, sushi, baso. Tak ketinggalan tiruan aneka minuman bir, jus, es krim dalam ukuran sebenarnya. Menariknya lagi, sajian seperti bebek peking dengan beberapa minuman pendukungnya tertata rapi di meja makan seolah kita berada dalam ruang makan. Berbagai tiruan kuliner dunia juga tersusun rapi di beberapa rak lainnya.</p>\n\n<p>Berbahan plastic jelly yang diimpor dari Korea membuat replika ini nyaris tak bisa dibedakan dengan bentuk aslinya. Dalam membuat replika, Stefanus tidak hanya memakai satu macam plastic jelly untuk menghasilkan visualisasi 3 dimensi, tapi mencapai 50 jenis. Bahan ini dipilih lantaran tingkat kelenturan dan kekenyalannya baik, hingga mudah dibentuk. Bila sudah jadi, replika dapat bertahan 10 tahun. Syaratnya, penyimpanan replika ini harus di tempat yang sejuk, karena jika terkena sinar matahari yang mengandung UV warna replika akan pudar.</p>\n\n<p>​Proses pengerjaan dilakukan dengan melihat contoh barang asli yang dibawa pelanggan, bukan dari foto. Jika memakai foto, bentuk detail dan ukuran dari replika belum tentu sesuai dengan bentuk aslinya. Setelah itu bahan dicetak. Cetakan ini lalu dimasukkan ke oven dengan pemanasan berdasar jenis karet (umumnya 1400C) selama lebih kurang 30 menit. Habis itu, dilakukan pewarnaan dengan cat keramik. Wadah yang dipakai berbahan sesuai aslinya. Ada bahan keramik dan juga beling yang membuat replika berat saat diangkat.</p>\n\n<p>​Dalam pembuatan replika ini, replika sayur terbilang sulit dibikin. Soalnya, sayur memiliki tingkat ketebalan yang spesifik plus adanya serat di permukaannya. Jika helaian sayur dibuat tebal, bisa meleset bila dibandingkan dengan bentuk aslinya, sedangkan jika terlalu tipis akan mudah pecah. Berdasarkan tingkat kesulitan dan ukuran replika tersebut, Stefanus menentukan harga jual. Penawarannya berkisar Rp 100 ribu-Rp 5 juta. Dengan modal bahan baku dan mood, ia dapat mengerjakan 1 replika selama seminggu. &ldquo;Ini kan produk handmade, bukan produksi pakai mesin. Jadi, tidak dapat dihitung secara rutin,&rdquo; ujar Stefanus ditemui di kedai makan miliknya.</p>\n\n<p><img alt=\"\" class=\"pyro-image alignment-left\" data-ibimage=\"true\" data-pyroimage=\"true\" src=\"{{ url:site }}files/thumb/563f2a22971eb8e/220\" style=\"float:left\" width=\"220\" /><strong>Target Pasar</strong></p>\n\n<p>Stefanus menilai pasar kuliner di Indonesia sedang tumbuh, sementara banyak orang tidak tahu tata cara menata makanan. Padahal seni penyajian makanan sangatlah penting untuk memikat pembeli. Target inilah yang dijadikan Arts Dummy untuk membantu pengusaha kuliner memasarkan produk asli mereka. Alasannya, jika menggunakan makanan atau minuman asli tidak tahan lama. Sedangkan dengan replika bisa tahan lama dan nampak selalu atraktif. Sejauh ini usaha restoran, hotel, kafe, dan usaha lain yang bergerak dalam bidang kuliner adalah target pasar yang empuk. Sekitar 100 pengusaha telah menjadi pelanggan tetapnya. Diantaranya: <em>Ajisen, Baskin Robbins, JCO, Holycow Steak, Diamond,</em> dan <em>Hoka-Hoka Bento</em>.</p>\n\n<p>Tidak itu saja, pedagang kaki lima di Bali juga memakai jasanya. Gerai Arts Dummy di Bali lebih sering didatangi pengusaha kuliner pedagang kaki lima karena turis akan tertarik memesan makanan bila melihat wujud aslinya. Ditambah lagi dengan tingginya nilai seni di mata daerah Bali. Perkembangannya pun lebih meningkat dibanding Jakarta. Sampai saat ini, total replika yang ada di Arts Dummy Bali sebanyak 300 buah. Meskipun pasar Arts Dummy pengusaha kuliner, replika dapat juga digunakan sebagai alat bantu penjelasan kepada siswa/i untuk memahami materi pelajaran di sekolah tentunya yang berkaitan dalam bidang kuliner.</p>\n\n<p>Bagi siapa saja yang ingin menggunakan jasanya, pemesanan di Arts Dummy bisa dilakukan via telp, fax, atau email. Pembayaran 50% di muka berarti resmi menjadi klien. Selanjutnya tinggal menunggu dihubungi bila pengerjaan selesai. Untuk memasarkan, Stefanus memanfaatkan website. Selain itu, setiap tahunnya, ia mengikuti pameran <em>Food &amp; Beverages Product</em> yang diadakan di Kemayoran, Jakarta. &quot;Harapan saya, Arts Dummy lebih dikenal masyarakat sebanyak mungkin dan rencananya saya akan buka outlet di Surabaya,&quot; ungkap Stefanus.​</p>','','545e712574f26284755873007fa42f23',1,1370863020,1370863020,'no','live','wysiwyg-advanced','','50ad440856d460c','0',NULL),(10,'2013-06-22 19:45:00','2013-06-22 19:45:00',1,9,'Noah, the most wanted music group right now, telah menjual album musik, kemudian buku, dan kini berlanjut dengan rencana mereka menjual cerita bermusik ke layar lebar. Yang menarik, Ariel sebagai front man band ini memang akan jadi pusat penceritaan film, tapi menegaskan bukan kisah asmaranya.','Noah Buat Film, Ariel Tak Mau Kisah Asmara Diikutkan','noah-buat-film-ariel-tak-mau-kisah-asmara-diikutkan',2,1,'<p><span class=\"alignment-left\" style=\"float:left\"><img alt=\"Test alt\" data-ibimage=\"true\" src=\"{{ url:site }}files/thumb/066e0bab1295712/440\" width=\"440\" /> <span class=\"image-caption\">Noah band</span> </span>​​Apa yang membuat Peter Pan, lalu Noah, bisa tetap digandrungi hingga kini? Setelah melewati pergantian personil, lalu Ariel sang&nbsp;front man&nbsp;terganjal kasus hukum, dan band ini berada di status quo karena mereka tak bisa lagi bergerak di bawah nama lama, nyatanya Noah tetap berkibar ketika kembali ke dunia musik tahun lalu. Banyak yang bilang Noah terlalu fenomenal untuk diacuhkan. Namun Ariel dan kawan-kawan menyebut diri mereka beruntung karena memiliki kesempatan kedua.</p>\n\n<p>&ldquo;Tidak semua grup band bisa besar dua kali. Kami sangat bersyukur bisa mendapat kesempatan kedua yang nyatanya langka untuk didapatkan,&rdquo; ujar Ariel singkat.</p>\n\n<p>Namun, bukan keberuntungan yang menarik hati Putrama Tuta, sutradara yang menghidupkan &ldquo;Catatan Si Boy&rdquo; dari mati suri. Sineas muda ini mengatakan kalau Noah sudah pantas mendapatkan penghargaan untuk difilmkan. Memperlihatkan teaser filmnya yang berjudul &ldquo;Noah Film&rdquo;, Putra pun menegaskan kalau ini bukan film dokumenter tentang Ariel cs, tapi film musik yang jujur mengisahkan sebuah band asal Indonesia dengan&nbsp;segala jatuh bangunnya.</p>\n\n<p>&ldquo;Solidaritas mereka sebagai pribadi dan insan musik itulah yang jadi garis besar film ini,&rdquo; ujarnya.</p>\n\n<p>Mendapat kesempatan istimewa menyaksikan trailer &ldquo;Noah Film&rdquo;, kami yakin kalau film ini akan berhasil secara penjualan. Diawali dengan potongan adegan proses persidangan dan masa hukuman di bui yang dijalani oleh Ariel, film ini menceritakan kisah dari balik panggung Noah. Masa jatuh sakitnya David sang keyboardist juga diperlihatkan dalam film ini, yang semakin menguatkan kalau kehidupan pribadi mereka tetap akan diikutkan dalam jalan cerita.</p>\n\n<p>Walau begitu, Ariel dengan tegas mengatakan kalau tak akan ada kisah asmaranya dalam film ini. Menjadi bagian dari pemberitaan media massa, Ariel dengan bijaksana memisahkan itu dari perjalanan Noah.</p>\n\n<p>&ldquo;Apa yang terjadi dalam hidup saya memang berefek pada band ini, namun tidak ada kaitannya secara langsung dengan Noah,&rdquo; ujar Ariel singkat.</p>\n\n<p>Mulai tak sabar melihat bagaimana Ariel, Andika, Lukman, Reza, dan David berakting menjadi diri mereka sendiri dalam film?&nbsp;<em>Just wait until</em>&nbsp;November 2013.</p>','','e5f61b017eabee698e85dff1da6f94c1',1,1371905100,1371905100,'no','live','wysiwyg-advanced','','066e0bab1295712','0',3),(11,'2013-06-22 04:04:00','2013-06-22 04:04:00',1,10,'Studi Frost & Sullivan, tahun 2011 tingkat penetrasi ponsel di Indonesia sangat tinggi. Setiap konsumen memiliki 1,8 handset. Siklus pergantiannya sangat singkat 7-14 bulan. Tentu saja ini menjadi peluang menarik bagi toko penjualan ponsel dan segala macam aksesorisnya.','Toko HP Erafone: Brand Nama Terpercaya, Peluangnya Besar','toko-hp-erafone-brand-nama-terpercaya-peluangnya-besar',0,7,'<p><span class=\"alignment-left\" style=\"float:left\"><img alt=\"erafone-2.jpg\" data-ibimage=\"true\" src=\"{{ url:site }}files/thumb/b9955293ee89805/400\" width=\"400\" />&nbsp; </span>Kalau kita lihat lagi, hasil survei tahun 2010 jumlah penduduk Indonesia 240 juta dimana 50% dari jumlah itu, umurnya di bawah 35 tahun. &ldquo;Orang-orang yang produktif sekaligus konsumtif. Ditunjang meningkatnya pertumbuhan kelas menengah Indonesia. Ini pasar yang besar buat kita,&rdquo; terang Djatmiko Wardoyo atau Koko, <em>Director Marketing and CV</em></p>\n\n<p><em>Communication </em>PT Erajaya Swasembada Tbk, yang membawahi PT Erafone Artha Retailindo yang membawahi retail toko handphone Erafone.</p>\n\n<p>Peluang inilah yang kemudian ditawarkan oleh Erafone ke masyarakat untuk menjadi mitra usahanya. Kesuksesan ini yang ingin dibagi ke masyarakat. Apalagi Erafone didukung oleh PT Erajaya Swasembada Tbk, distributor resmi 11 <em>brand mobile phone</em> ternama internasional, yang menjadi perusahaan induknya.</p>\n\n<p><strong>Nama Sudah Terkenal</strong></p>\n\n<p>Ada beberapa kelebihan, menurut Koko, bila menjadi mitra dengan Erafone. Pertama <em>brand </em>Erafone sudah dikenal, tentu saja kepercayaan orang menjadi lebih tinggi. Kedua jaminan pasokan barang dagangan yang lengkap dari 90 pusat distribusi. Semua produk <em>handphone </em>yang dijual bergaransi. Ketiga, desain gerai yang profesional dan atraktif. Dalam menjalankan aktivitas usaha mitranya, Erafone juga mendukung dalam soal promosi. Tidak hanya dari Erafone nya sendiri tapi juga dari pihak <em>principal</em>. Dalam soal pengelolaan usaha, Erafone sudah mempuyai SOP (<em>Standard Operating Procedure</em>) yang sudah teruji.</p>\n\n<p>&ldquo;Bila ingin menjadi mitra tentunya harus punya minat di usaha ini, lalu kita adakan diskusi bareng dan tentu saja punya modal untuk investasi,&rdquo; terang Koko. Investasi untuk usaha ini sebesar Rp 500 juta. Itu sudah termasuk <em>franchise fee</em> selama 5 tahun, renovasi <em>outlet</em> dan perlengkapan usaha. Untuk lokasi minimal luasnya 24m&sup2; (6m x 4m). Acuan lokasinya, di pusat perbelanjaan kelas A (seperti Grand Indonesia, Pondok Indah Mall),&nbsp; kelas B (Seperti ITC Fatmawati, Cempaka Mas) atau di apartemen, komplek ruko di tempat keramaian dengan posisi strategis dekat jalan utama.</p>\n\n<p>Sesudah ada penentuan lokasi, pihak Erafone akan mensurvei kelayakan tempat tersebut dan akan memberi jawaban dalam tempo 2 minggu. Itu kalau lokasi usaha berasal dari mitra. Bisa juga lokasi usaha berasal dari Erafone yang kemudian ditawarkan&nbsp; ke mitra. Sesudah lokasi <em>oke, </em>penandatanganan kerjasama dilakukan. Setelah melakukan perizinan, sewa tempat, dan renovasi, <em>training</em> untuk calon karyawan dilakukan. Untuk gerai, perlengkapan produk diisi. Dalam tempo 3-6 bulan, toko sudah bisa dibuka.</p>\n\n<p><strong>Banyak Diminati</strong></p>\n\n<p>Boleh dibilang Erafone merupakan satu-satunya retail toko <em>mobile phone </em>yang diwaralabakan. Saat mengikuti pameran <em>franchise </em>beberapa waktu lalu, ternyata banyak yang berminat menjadi mitra Erafone. &ldquo;Setidaknya ada sekitar 270 formulir yang masuk ke kami. Kami tidak berharap banyak, 10% dari jumlah itu bisa, sekitar 26-30 orang, bisa menjadi mitra kami,&rdquo; terang Koko. Ia tidak ingin sembarangan mendapatkan mitra, harus selektif. Karena kalau ada mitra yang buruk, tentu akan berdampak negatif bagi <em>brand</em> Erafone. Karena itu, Erafone hanya memilih mitra yang benar-benar serius.</p>\n\n<p>Dalam operasional toko, pihak mitra dibantu oleh Erafone pusat. Dibantu mulai dari survei lokasi, konsultasi dalam mengurus perijinan, <em>set up</em> toko, training karyawan sampai <em>support </em>dalam bentuk bentuk konsultasi dan kunjungan secara rutin ke <em>franchise</em>. Untuk barang dagangan disuplai langsung dari Erafone. &ldquo;Kalau ada produk yang tidak laku dalam rentang waktu tertentu, kami bisa membantu promosi lewat prinsipal kami. Atau bisa kami mengambil produk tersebut, dan menjualnya di toko Erafone lain yang penjualan produk tersebut bagus,&rdquo; ucap Koko.</p>\n\n<p>Koko mengingatkan berbisnis <em>handphone</em> itu bagai memegang bara api, semakin lama semakin terbakar. Karena itu, tambahnya, pada satu titik harus berani menjual rugi. Bukan rugi sebenarnya, tapi subsidi silang dengan penjualan handphone lainnya. Yang cukup jadi peluang, menurut Koko adalah penjualan aksesoris handphone. Seperti plastik anti gores, pelindung handphone dan lain-lain. &ldquo;Keuntungannya bisa lebih dari 100% kalau dijual,&rdquo; paparnya.</p>\n\n<p><strong>Persyaratan menjadi mitra waralaba:</strong></p>\n\n<ul>\n	<li>Memiliki ketertarikan dalam bidang usaha telekomunikasi selular dan retail.</li>\n	<li>Mengajukan permohonan dengan mengisi formulir calon waralaba</li>\n	<li>Bersedia mengikuti diskusi kesesuaian minta dan background dengan bisnis Erafone.</li>\n	<li>Menyediakan modal investasi sebesar Rp 500 Juta</li>\n	<li>Bersedia melaksanakan sistem dan prosedur yang diberlakukan oleh pihak Erafone.&nbsp;</li>\n</ul>','','0bf06107655e4ee6b17029684d28dd61',1,1371848640,1371848640,'no','live','wysiwyg-advanced','','b9955293ee89805','0',4),(12,'2013-07-02 06:36:00','2013-07-02 06:36:00',4,11,'Jasa modifikasi motor menjadi bisnis yang menjanjikan di tengah hiruk-pikuk bengkel servis motor. Sebab, bagi konsumen, tarif modifikasi yang menghabiskan ratusan ribu bahkan puluhan juta rupiah, tak pernah jadi masalah asalkan hasilnya memuaskan.','F-16 MOTOR: Kemitraan Butik Modifikasi Motor','f16-motor-kemitraan-butik-modifikasi-motor',2,7,'<p><span class=\"alignment-left\" style=\"float:left\"><img alt=\"100_4153-r.jpg\" data-ibimage=\"true\" src=\"{{ url:site }}files/thumb/b726a6a2b541356/400\" width=\"400\" />&nbsp; </span>Jika selama ini banyak pengusaha yang berlomba mendirikan bengkel servis motor, Willy Dresskandar justru menawarkan bengkel <em>lifestyle</em> yang memadukan unsur <em>life style, fashion, boutique, modification &amp; service</em>. Bermodalkan Rp 300 juta, Willy mendirikan F-16 Motor. &ldquo;Jasa servis saya tempatkan pada urutan terakhir karena saya melihat modifikasi motor lebih prospektif dibandingkan jasa servis yang ruang geraknya semakin sempit. Sehingga saya lebih suka menyebut F-16 sebagai butik, bukan bengkel.</p>\n\n<p>Sebagai gambaran, saat kami mendirikan F-16 Motor tahun 2008, di sepanjang Jl. Ciledug Raya, Tangerang hampir tiap 20 meter saya menemukan bengkel. Kian hari pertumbuhannya semakin pesat. Bahkan sekarang, jarak 10 meter saja, bengkel motor dari berbagai macam karakter mudah untuk ditemui. Mulai dari bengkel resmi pabrikan, hingga bengkel servis milik perorangan,&rdquo; jelas Willy.</p>\n\n<p>Ia menambahkan, seandainya dirinya hanya mengusung konsep servis saja dan tidak punya konsep atau diferensiasi yang jelas, hitungan bisnisnya tidak akan cukup. &ldquo;Pastinya kami akan mudah dilibas oleh bengkel-bengkel besar yang lebih dulu eksis di sini,&rdquo; lanjutnya.</p>\n\n<p><strong>Keuntungan 40 &ndash; 60 Persen </strong></p>\n\n<p>Pria yang pernah bekerja di sebuah tabloid otomotif ini mengatakan, motor zaman sekarang relatif punya daya tahan yang bagus, sehingga boleh dibilang jarang rusak. Jika bengkel servis ukurannya selalu angka, di bengkel <em>life style</em> ukurannya adalah kepuasan. Dalam artian, bengkel resmi atau bengkel servis akan mendapat <em>order</em> jika motor sudah mencapai 3.000 km, atau 30 hari, atau bahkan kalau pemilik mengeluh, motornya sudah terasa berat.</p>\n\n<p>Sementara bengkel yang mengusung <em>life style</em>, ukurannya adalah kepuasan, kebanggaan, dan gaya untuk tampil beda. &ldquo;Sehingga mereka yang ingin memodifikasi motornya tidak perlu menunggu sampai motornya rusak. <em>Customer</em> bisa datang tiap hari kepada kami kapanpun mereka mau,&rdquo; ujarnya.</p>\n\n<p>Bahkan demi kepuasan, seorang <em>customer</em> rela menghabiskan uang hingga Rp 39 juta untuk mengubah sepeda motor merek Yamaha Mio keluaran 2009 menjadi lebih garang. Tidak ada bagian yang lepas dari modifikasi. Seluruh bagian mulai dari ban, knalpot, hingga mesin motor pun ikut dirombak.</p>\n\n<p>Tarif yang dipatok F-16 Motor bervariasi. Untuk servis, biasanya Rp 100.000 per motor, sedangkan untuk modifikasi mulai Rp 250 ribu hingga puluhan juta rupiah. Dari setiap tarif yang dipasang, keuntungannya bisa 40 &ndash; 60 persen.</p>\n\n<p><strong>Peluang Kemitraan F-16 Motor</strong></p>\n\n<p>Setelah merasakan keuntungan yang cukup besar dari bisnisnya, di tahun 2010, Willy memberanikan diri untuk membuka peluang kemitraan F-16 Motor. Ia yakin bahwa bisnis bengkel <em>lifestyle</em> sangat menjanjikan. Penawaran ini disambut baik oleh calon pengusaha yang ingin membuka bisnis otomotif. Kini, lulusan S<sub>1</sub> Teknik Mesin, Institut Sains dan Teknologi Nasional ini sudah memiliki 18 mitra yang tersebar di berbagai daerah, seperti Medan, Bandar Lampung, Jakarta, Surabaya, Pekanbaru, Balikpapan, dan Samarinda.</p>\n\n<p>Dalam kemitraan ini, Willy hanya menawarkan satu paket kerja sama senilai Rp 80 juta. Dengan membayar sebesar itu, mitra akan mendapatkan peralatan bengkel standar. Jika ingin menambah aksesori untuk modifikasi, mitra harus menambah investasi untuk perlengkapan suku cadang dan aksesori sepeda motor senilai Rp 150 juta. Aksesori ini penting karena bengkel F16 melayani juga modifikasi sepeda motor. &ldquo;Namun Rp 150 juta bukan harga mati. Nilai belanja onderdil dan aksesori itu masih bisa <em>dinego</em> sesuai <em>budget</em> mitra,&rdquo; kata suami dari Dewi Rachel.</p>\n\n<p>Dari pengalamannya selama ini, umumnya mitra membuka bengkelnya di sebuah ruko. &ldquo;Untuk ukuran ruko standar pada umumnya, paket barang seharga Rp 150 juta adalah yang paling pas. Jumlah jenis dan <em>quantity</em> barang tersebut cukup untuk memenuhi kebutuhan awal bengkel / butik yang lengkap dan meyakinkan. Dalam waktu 18 bulan, bisa dipastikan mitra sudah BEP,&rdquo; kata Willy.</p>','','fd35e7f987e7d4069d86c7699a25a5ac',4,1372721760,1372721760,'no','live','wysiwyg-advanced','','b726a6a2b541356','0',NULL),(13,'2013-07-02 06:54:00','2013-07-02 06:54:00',4,12,'Berbeda dengan game centre pada umumnya, Gamer Xtreme (GX) hadir menggabungkan unsur entertainment dan lifestyle dalam satu gerai yaitu gaming café. Sebuah tempat main game yang dilengkapi dengan kafe. GX ditujukan buat penggemar game yang ingin main di tempat yang cozy (nyaman), comfy (suasana gaming) dan hommy.','Gamer Xtreme: Main Game di Dalam Kafe','gamer-xtreme-main-game-di-dalam-kafe',1,7,'<p><span class=\"alignment-left\" style=\"float:left\"><img alt=\"dscn1422-r.jpg\" data-ibimage=\"true\" src=\"{{ url:site }}files/thumb/f4634dcbc866858/400\" width=\"400\" />&nbsp; </span>Kenyamanan tempat inilah yang menjadi nilai lebih GX dibanding <em>game center</em> yang ada. Mengky Mangarek, <em>Business Development Manager</em> GX mengungkapkan, konsep yang diusung GX meniru dari Korea Selatan. &ldquo;Saya pernah ke Korea, di sana saya melihat <em>gaming cafe</em> di sana tumbuh dengan pesat. Di sana jumlahnya sudah lebih dari 600 <em>gaming cafe</em> berdiri. Kami pikir ini peluang, konsep ini kemudian kami terapkan di Indonesia. Boleh dibilang kami adalah satu-satunya yang menyatukan kegiatan <em>entertainment </em>dengan permainan,&rdquo; jelas Mengky.</p>\n\n<p>Permainan yang dihadirkan bukan hanya berasal dari komputer, tapi juga konsol (seperti PS3, WII, XBOX dengan layar LCD/3D) dan <em>gadget</em>. Tempat ini juga dilengkapi dengan kafe yang melayani penjualan aneka makanan dan minuman. Agar lebih menyatu, nama makanan dan minuman yang ada dinamai dengan nama-nama permainan. Selain itu GX juga menyediakan tempat para <em>gammers</em> berkumpul, <em>hang out </em>dan bersosialisasi. Berbagai macam kebutuhan <em>game</em>, seperti <em>headset, keyboard, mouse</em>, dan <em>joystick</em> juga disediakan di tempat ini. Ini yang membedakan GX dengan <em>game center</em> lainnya yang sudah ada.</p>\n\n<p><strong>Peluangnya Besar</strong></p>\n\n<p>Mengky berkeyakinan, usaha yang telah dijalankan sejak tahun 2008 ini peluangnya besar dan menjanjikan. Ini lantaran, menurut, Mengky kelas menengah di Indonesia tumbuh dengan pesat. Dimana 40% dari jumlah kelas menengah tersebut berusia 10-29 tahun yang merupakan pasar GX. Merasa usaha ini menguntungkan, dan ingin membagi kesuksesan dengan yang lain, tahun 2010 GX diwaralabakan. Sampai akhir tahun 2012 sudah berdiri 8 tempat. Lokasi yang direkomendasikan untuk pendirian G meliputi area perumahan padat (termasuk apartemen) kelas menengah atas, wilayah yang dekat sekolah atau kampus dan daerah yang berada dekat dengan kegiatan entertainment (seperti waterpark, mal, tempat rekreasi umum, dan tempat bermain.</p>\n\n<p><strong>Selalu Up To date</strong></p>\n\n<p>Investasi kemitraan berkisar Rp 375 juta - Rp1,6 miliar tergantung luasan tempat yang digunakan. Untuk menjadi mitra, syaratnya memiliki KTP, NPWP, badan usaha yang menaungi perusahaan ini dan tentu saja modal. Pengetahuan dibidang IT / game tidak dibutuhkan. Yang dibutuhkan adalah <em>passion, care</em>, tekun dan keingingan kuat dalam mewujudkan pertumbuhan bisnisnya. Dari mulai mengisi form aplikasi sampai dengan <em>grand opening </em>akan memakan waktu hingga 3 bulan. &ldquo;Usaha ini akan kami <em>support </em>dari mulai <em>store layout</em>, interior dan eksterior design, perancangan IT dan <em>support logistic</em> yang menjamin tersedianya <em>supply</em> dan dukungan teknis atas pengembangan gerai,&rdquo; terang Mengky.</p>\n\n<p>Karena berkaitan dengan teknologi, usaha ini juga selalu <em>up to date</em> dengan perkembangan tekonologi terkini. Mengky menambahkan, musuh dari usaha ini bukan dari pesaing, tapi dari kecanggihan teknologi. &ldquo;Kunci dari bisnis ini adalah <em>up to date</em>, <em>maintencane</em>, unik dan <em>fresh</em>. Seperti karaoke, kalau lagunya itu-itu saja enggak bakalan laku. Sama halnya dengan <em>game</em>. Kalau permainannya itu-itu aja, yah lama-lama enggak laku juga. apalagi <em>hardware-</em>nya itu-itu aja. <em>Game</em>-nya udah baru, tapi jalannya pelan yah enggak laku juga.&rdquo;</p>\n\n<p>Lantaran itu setiap ada perubahan, baik itu di <em>hardware, software</em>, atau permainan yang baru, GX selalu memperbaharuinya. Prosesor merek Intel dan AMD, setiap 6 bulan diganti dengan yang baru. Itu ada di perjanjiannya. Nantinya, pihak <em>franchisee</em> hanya dikenakan tambahan biaya <em>charge </em>sebesar 15% per tahun dari harga barang.</p>\n\n<p>Harga bermain di GX dibedakan menjadi dua, mal dan bukan mal. Bila berada di mal dipatok Rp 10.000/jam, tetapi yang berada di ruko, dekat dengan sekolah atau kampus, harga berkisar Rp 5000 - Rp 6000/jam. Balik modal usaha ini diperkirakan 18 bulan-24 bulan. Belakangan GX sedang membuat di Pantai Mutiara, Pluit, Jakarta Utara, dengan sistem <em>cover charge</em>. Jadi pengunjung silahkan main sepuasnya selama 24 jam dengan hanya membayar Rp 150.000. Plus mendapat minuman gratis. Konsep ini, cerita Mengky, meniru tiket terusan di Dunia Fantasi, Ancol. Tertarik invest?</p>','','6f6712af786dd245a3c8903d68336c35',4,1372722840,1372722840,'no','live','wysiwyg-advanced','','f4634dcbc866858','0',4),(14,'2013-07-02 07:01:00','2013-07-02 07:01:00',4,13,'Terbatasnya pasokan air minum bersih dari Perusahaan Daerah Air Minum (PDAM) Kota Solok, Sumatera Barat, menjadi peluang usaha yang menarik bagi Harry Budiman. Ia lantas menggandeng PT HYDRO water technology untuk memasarkan produk filter air merek HYDRO dengan menjadi reseller di Solok. Ternyata produk ini banyak diminati masyarakat.','Penuhi Kebutuhan Air Bersih dengan HYDRO','penuhi-kebutuhan-air-bersih-dengan-hydro',14,7,'<p><span class=\"alignment-left\" style=\"float:left\"><img alt=\"hy-1.jpg\" data-ibimage=\"true\" src=\"{{ url:site }}files/thumb/0d874883ee5ef76/400\" width=\"400\" />&nbsp; </span>Konsumennya kini sudah merambah beberapa perumahan, klinik dan perkantoran yang ada di kota Solok. &ldquo;Tidak hanya menjual produk, kami juga melakukan perawatan alat dengan melakukan pemeriksaan secara berkala terhadap unit HYDRO yang sudah terpasang,&rdquo; papar Harry, panggilannya. Pengguna terbesar produk ini adalah konsumen rumah tangga, yang memang menjadi target utama pasar HYDRO.</p>\n\n<p>Setidaknya sudah lebih dari 50 unit dari berbagai model yang sudah ia jual. Dengan kisaran harga berkisar antara Rp 4,9 juta &ndash; Rp 12 juta. Potensi pasar HYDRO di Solok, tambah Harry, sangat besar. Karena daerah ini sedang bergeliat, pertumbuhan secara ekonomi baik. Tidak heran kalau kemudian kebutuhan akan air bersih semakin meningkat. Apalagi, kualitas air tanah di sana beragam, tidak semuanya baik.</p>\n\n<p><strong>Produk Berkualitas</strong></p>\n\n<p>Salah satu hal yang membuat Harry yakin HYDRO disukai pasar adalah produknya berkualitas. &ldquo;Hasil <em>output</em> alat dan daya tahan filter bagus dibandingkan dengan produk lain yang sejenis. Ini yang menjadi nilai plus untuk menjual produk ini, disamping kebutuhan filter air memang semakin tinggi,&rdquo; terang Harry. Air hasil saringan HYDRO bagus digunakan untuk keperluan sehari-hari. Tidak hanya untuk keperluan mandi, cuci atau hal lainnya, tapi juga untuk keperluan memasak dan airnya dikonsumsi.</p>\n\n<p>Selama menjual HDYRO, Harry mendapatkan respon positif dari pelanggannya. Selain mendapatkan air bersih yang lebih baik dibanding sebelumnya, pelanggan puas oleh pelayanan perawatan alat. HYDRO sendiri memiliki tabung yang terbuat dari <em>stainless steel</em> anti karat, mempunyai lubang tabung besar hingga memudahkan penggantian media maupun filter. Pengadaan suku cadangnya terjamin karena pabriknya ada di Indonesia.</p>\n\n<p>Dalam hal pemasaran, Harry dibantu oleh HYDRO pusat berupa pelatihan teknis, alat peraga dan alat pengujian kualitas air. Usaha Harry juga terbantu dengan ikut dipromosikan oleh HYDRO pusat lewat website <a href=\"http://www.hydro.co.id/\">www.HYDRO.co.id</a>. Tak ketinggalan, brosur dan pamplet, pembuatannya ikut dibantu.</p>\n\n<p><strong>Peluangnya Besar</strong></p>\n\n<p>Untuk menjadi <em>reseller</em> penjualan produk HYDRO, menurut Harry tidaklah susah. &ldquo;Prosesnya hanya beberapa hari saja.&rdquo; Tempat penjualannya sendiri tidak membutuhkan tempat yang luas, cukup berukuran 5m x 5m. Tenaga penjualan hanya 2 orang. &ldquo;Kecuali untuk proses pengerjaan di lapangan, seperti pemasangan alat, kami dibantu oleh pekerja lapangan proyek,&rdquo; jelas Harry lagi.</p>\n\n<p>Hal menarik dari produk HYDRO adalah garansi yang diberikan. HYDRO memberikan garansi 100 hari uang kembali 100%, bila produk yang dibeli <em>customer</em>, tidak bisa memberikan manfaat. Kedua, garansi tabung seumur hidup. HYDRO juga memberikan garansi servis gratis dan <em>spare part</em> gratis selama 1 tahun pemakaian. Kecuali media filter 0-3 bulan gratis, dan 4-12 bulan diskon 50% bila diperlukan penggantian filter.</p>\n\n<p>Secara bisnis, Harry berkeyakinan usahanya ini ke depan bakalan &ldquo;tambah bersinar&rdquo;. Karena di Solok, kebutuhan akan air bersih meningkat setiap tahunnya. Namun secara umum, pemerintah di sana belum mampu mengimbangi pertumbuhan akan kebutuhan air bersih di masyarakat. Disinilah peranan swasta membantu memenuhi kebutuhan masyarakat.</p>\n\n<p>Untuk informasi lebih lanjut mengenai kemitraan/keagenan HYDRO Silahkan mengubungi:</p>\n\n<p>Asri Sumarni</p>\n\n<p>PT HYDRO water technology</p>\n\n<p>Telp: 021 41388928</p>\n\n<p>SMS: 021 1855 9577</p>','','b50d7b3e565365205ce94040a8c0f636',4,1372723260,1372723260,'no','live','wysiwyg-advanced','','0d874883ee5ef76','0',NULL),(15,'2013-07-02 06:50:00','2013-07-02 06:50:00',4,14,'Ini cara kreatif usaha agribisnis.  Kolam  untuk pembibitan  nila gift, di atasnya  dipasang rak budidaya jamur.  Cara ini akan menghasilkan dua pemasukan. Tiap hari panen jamur, 2 minggu sekali  jualan bibit nila','M. Amin : Panen Nila Berbonus Jamur','m-amin--panen-nila-berbonus-jamur',4,1,'<hr />\n<p><span class=\"alignment-left\" style=\"float:left\"><img alt=\"Nila_1\" data-ibimage=\"true\" src=\"{{ url:site }}files/thumb/c928f520994759a/400\" width=\"400\" /> <span class=\"image-caption\">Nila_1</span> </span></p>\n\n<p style=\"text-align: justify;\">Itulah yang dilakukan&nbsp; H. M. Amin, peternak ikan di Cipayung, Jakarta Timur.&nbsp; &ldquo;Kalau lahan kolamnya sekitar 7m x 8 m, &nbsp;setiap hari &nbsp;akan menghasilkan &nbsp;Rp 35.000 &nbsp;dari&nbsp; panen jamur dan 2 minggu sekali panen anak nila senilai Rp 50.000,&rdquo; tuturnya.&nbsp; Ilustrasi itu hanya salah satu&nbsp; besaran panen dari setiap petak &nbsp;kolamnya.&nbsp; Padahal sekarang ia mengelola &nbsp;19 kolam pembenihan nila. Lalu mengapa yang dipilih nila?&nbsp; &ldquo; Karena ikan ini mudah berkembang biak dan irit pakan.&nbsp; Ikan kecil makan lumut gratisan, sedang nila besar cukup dikasih daun singkong.&nbsp; Tidak tergantung pelet.&rdquo; papar Amin.</p>\n\n<p>&nbsp;</p>\n\n<p style=\"text-align: justify;\">&nbsp;</p>\n\n<p style=\"text-align: justify;\"><strong>Memilih pembibitan</strong></p>\n\n<p style=\"text-align: justify;\">&nbsp;&nbsp;&nbsp;&nbsp;&nbsp; &nbsp;Semula Amin menggeluti &nbsp;usaha pembesaran nila siap konsumsi&nbsp; sejak 2005.&nbsp;&nbsp; Bibit ikan&nbsp; dibeli dari Tulungagung, Jawa Timur. Alasannya, &nbsp;harga bibit ikan dari tempat itu lebih murah daripada&nbsp; di tempat lain. Dengan demikian ia merasa lebih leluasa menguasai pasar.&nbsp; Sebab mampu menjual ikan dengan harga bersaing.&nbsp; Selisih harganya bisa sampai Rp 4000 &ndash; 5000 / kg. Namun, &nbsp;karena banyak kendala&nbsp; semisal perlu pekerja banyak, biaya transpor &nbsp;terus naik, harga pakan amat fluktuatif,&nbsp;&nbsp; serta&nbsp; banyak piutang macet,&nbsp; bisnis ikan konsumsi itu tidak dapat berlanjut. &nbsp;</p>\n\n<p style=\"text-align: justify;\">&nbsp;&nbsp;&nbsp;&nbsp;&nbsp; &nbsp;Kasus ini tidak ditemui dalam usaha pembibitan ikan.&nbsp; &ldquo;Pembayaran&nbsp; selalu dilakukan di muka.&nbsp; Kalau belum dibayar, ikan tidak dikasih, &ldquo; ungkap pria asal Aceh itu. Keuntungan lainnya, &nbsp;ikan tidak mengalami penyusutan bobot setelah menjalani pengiriman. Atas dasar alasan itu, tahun 2009 Amin memilih bisnis pembibitan ikan nila gift, yakni nila yang di&rdquo;jantan&rdquo;kan.&nbsp;<span class=\"alignment-right\" style=\"float:right\"><img alt=\"Jamur 2\" data-ibimage=\"true\" src=\"{{ url:site }}files/thumb/6d34022e9ce1810/400\" width=\"400\" /> <span class=\"image-caption\">Jamur 2</span> </span></p>\n\n<p style=\"text-align: justify;\">Ikan nila yang akan digunakan sebagai indukan &nbsp;dipilih yang berukuran&nbsp; sebesar telapak tangan orang dewasa. Yang terlalu besar tidak baik digunakan sebagai induk.&nbsp; Sebab, ikan seperti itu umumnya sudah beranak berulangkali.&nbsp; Induk nila produktif sampai&nbsp; 5 kali beranak.&nbsp; Setelah itu diafkir.</p>\n\n<p style=\"text-align: justify;\">Menurut Amin, pasar konsumen nila gift cukup &nbsp;besar.&nbsp; Selain untuk konsumsi langsung,&nbsp; juga kebutuhan &nbsp;filetnya.&nbsp; Permintaan nila gift banyak berdatangan dari&nbsp; Bangka, Sulawesi dan Kalimantan.&nbsp; Setiap bulan ia bisa menjual sekitar 100.000 &ndash; 200.000 ekor benih nila gift.&nbsp; Bila harga benih nila Rp 50 / ekor, &nbsp;omzet rata-rata yang diperolehnya &nbsp;sekitar Rp 5 juta &ndash; 10 juta / 3- minggu - sebulan. Omzet sebesar itu diperoleh dari kolam sebanyak 19 petak.&nbsp;&nbsp;&nbsp;</p>\n\n<p style=\"text-align: justify;\">Bibit nila dikirim ketika panjang badannya berukuran 1 &ndash; 1,5 cm.&nbsp; Ukuran nila yang lebih besar rawan mati bila dikirim jarak jauh.&nbsp; Ikan tersebut akan saling memangsa ekor.&nbsp; Bibit nila mampu bertahan selama 6 &ndash;7 jam dalam kemasan. Harga anakan dijual Rp 50 &ndash; 80 / ekor.&nbsp; Sedangkan nila gift siap konsumsi dijual seharga Rp 10.000/ kg.</p>\n\n<p style=\"text-align: justify;\">&nbsp;</p>\n\n<p style=\"text-align: justify;\"><strong>Nilai plus dari jamur</strong></p>\n\n<p style=\"text-align: justify;\">Amin tak menyia-nyiakan kondisi lembap di atas kolam.&nbsp; Ketua Kelompok Petani Ikan Super Murah ini memanfaatkannya &nbsp;dengan membuat rak bersusun sebagai tempat budidaya &nbsp;jamur Tiram .&nbsp; &ldquo;Kita tak perlu melakukan <em>foging</em> dengan <em>sprayer</em>, suhu di atas kolam berkisar antara 22 &ndash; 23C.&nbsp; Ideal untuk pertumbuhan jamur.&rdquo;&nbsp; tuturnya.&nbsp; Jamur tersebut bisa dipanen setiap hari.&nbsp; Dalam setiap petak berukuran 7 x 8 m, Amin&nbsp; memperoleh pendapatan&nbsp; Rp 35.000 / hari.&nbsp; Bag lok atau kantung jamur bisa menghasilkan jamur selama 5 bulan.&nbsp; Usai itu harus diganti dengan baglog yang baru.&nbsp;<span class=\"alignment-right\" style=\"float:right\">&nbsp; </span></p>\n\n<p style=\"text-align: justify;\"><span class=\"alignment-none\"><img alt=\"Jamur_Nila\" data-ibimage=\"true\" src=\"{{ url:site }}files/thumb/e41f4a45e361eb8/800\" width=\"800\" /> <span class=\"image-caption\">Jamur_Nila</span> </span></p>\n\n<p style=\"text-align: justify;\">Selain dipanen sebagai jamur konsumsi, Amin juga menjajakan jamur&nbsp; dalam bentuk baglog &nbsp;yang telah diisi bibit jamur siap tanam.&nbsp; &ldquo;Banyak petani jamur &nbsp;mengambil bag log dari saya. Harganya tak mahal, &nbsp;Rp 6000 / bag log,&rdquo; tuturnya.&nbsp; Bag log tersebut siap menghasilkan jamur sekitar 2 &ndash; 3 minggu.&nbsp; Pria kreatif ini juga siap membagikan keahliannya kepada setiap petani yang tertarik membudidayakan jamur.&nbsp; Tarifnya cukup murah.&nbsp; Hanya Rp 150.000 sampai peserta menguasai materi.&nbsp; Karena tariff yang murah seperti itu, Amin pernah menuai protes dari mantan &ldquo;gurunya&rdquo; di Bogor.&nbsp; &ldquo;Kalau terlalu murah nanti banyak orang yang niru, padahal bagi saya kalau banyak yang meniru justru semakin besar peluangnya. Sudah ada yang mengatur rejeki. Tiap orang mendapat rejeki dari bidang-bidang yang berbeda, sekalipun terlihat sama,&rdquo; tutur pria yang akrab dipanggi Pak Haji itu.</p>','','d705e9e09b0009d1297a69c37518679e',4,1372722600,1372722600,'no','draft','wysiwyg-advanced','aa1bc12eb3832a3dfe2730fab6935a61','95db814f6c0d25c','0',4),(16,'2013-07-02 07:09:00','2013-07-02 07:09:00',4,15,'Bermodal  brand yang  sudah terkenal,  tahun 2007 program kemitraan Kedai Kopi Torabika (KKT) dibuka untuk masyarakat.  Dengan investasi terjangkau,  dan resiko usaha kecil,  kemitraan usaha ini cukup menarik.   Sampai saat ini tercatat 350 stan KKT berdiri di seluruh Indonesia.','Kedai Kopi Torabika: Didukung Supply Chain Kuat, Balik Modal Cepat','kedai-kopi-torabika-didukung-supply-chain-kuat-balik-modal-cepat',1,7,'<p><span class=\"alignment-left\" style=\"float:left\"><img alt=\"tor-r.jpg\" data-ibimage=\"true\" src=\"{{ url:site }}files/thumb/a04b709f669860b/400\" width=\"400\" />&nbsp; </span>​Konsep KKT diperuntukan bagi penggemar kopi yang berada di pusat keramaian dengan tingkat moblitas yang tinggi. &ldquo;Sistemnya <em>take away</em>, mereka memesan kopi, setelah jadi langsung dibawa ke tempat aktivitas konsumen. Kami tidak menyediakan kursi dan meja,&rdquo; papar H. Wardi Lubis, <em>Head of Division Business Partnership</em> PT Mayora Indah Tbk yang membawahi KKT. Dengan kata lain KKT memakai konsep penjualan <em>Delivery Order &amp; Cash and Carry</em> (DELCO).</p>\n\n<p>Dengan konsep seperti ini, menurut Dimas Wicaksono, <em>Trainer Executive </em>KKT investasinya hanya sekitar Rp 10 juta. &ldquo;Biaya sebesar itu sudah termasuk pembelian perlengkapan <em>bo</em><em>oth</em>, <em>training</em> karyawan dan bahan baku kopi <em>sachet</em> 1 karton,&rdquo; ucap Dimas. Satu karton biasanya berisi 120 sachet kopi. Karena ada 4 rasa kopi yang diberikan yaitu kopi hitam, kopi susu, moka dan cappuccino, total semua ada sekitar 480 sachet kopi yang diberikan. Itu diluar pembelian cup dan sewa tempat. Pramusaji yang melayani penjualan cukup hanya satu orang.</p>\n\n<p><strong>Tidak Perlu Tempat Luas</strong></p>\n\n<p>Dengan <em>boo</em><em>th </em>berukuran 120cm x 60cm, usaha ini tidak memerlukan tempat yang luas. Disarankan memilih lokasi usaha di <em>medium traffic area</em>, seperti kompleks perumahan, ruang perkantoran dan tempat-tempat umum lainnya seperti sekolah, kampus, mal dan lain-lain. &ldquo;Target konsumen kami adalah orang yang berada di tempat-tempat tersebut, bukan orang yang sekedar lewat,&rdquo; tukas Dimas. Calon mitra bisa mengajukan tempat lebih dahulu, kemudian pihak KKT mensurveynya. Bila memenuhi standar lokasi yang diinginkan, bisa dilanjutkan ke proses kemitraan berikutnya.</p>\n\n<p>Kemitraan yang dibangun merupakan kerjasama ekslusif antara pihak Mayora yang membawahi KKT dengan pihak investor yang menjadi mitranya. Karena itu, menurut Dimas, KKT ini hanya menjual secara ekslusif produk Torabika dan tidak menjual produk kompetitor lainnya. Kemitraan ini tidak dibatasi waktu sampai kapan. Selama pihak mitra masih menjual produk kopi Torabika, kerjasama masih terus dilakukan.</p>\n\n<p>Yang menarik, harga sachet kopi yang dijual ke pihak mitra merupakan harga distributor. &ldquo;Jadi kalau misalnya pihak mitra membeli kopi sachet Torabika dari tempat lain, pasti lebih mahal,&rdquo; senyum Dimas. Penjualan satu sachet kopi Torabika bisa untung lebih dari 50%. Tidak heran beberapa mitra KKT berinvestasi lebih dari satu <em>booth</em>.Setiap 3 hari sekali, pihak KKT akan mensuplai kebutuhan kopi mitra.</p>\n\n<p><strong>Sirup Khusus</strong></p>\n\n<p>Salah satu yang menjadi kelebihan kopi Torabika adalah beragamnya varian rasa kopinya. Ada Tora Melek (kopi robusta hitam) Tora Susu (kopi dan susu), Tora Moka (kopi, susu dan cokelat), Tora Cinno (kopi cappucinno), Tora Cinno Avocado, Tora Cinno Tiramisu, cokelat susu sereal dan susu coklat. Produk ini disajikan dalam cup Torabika dalam keadaan panas dan dingin. Untuk kopi dalam keadaan dingin, KKT membuat sirup khusus sesuai dengan citra khas Torabika. Sirup tersebut khusus dijual di KKT, tidak ditempat lain. Biasanya kopi dalam keadaan panas enak dinikmati, tapi bila dalam keadaan dingin ditambah dengan es rasanya jadi berubah.</p>\n\n<p>&ldquo;Karena itulah kami membuat sirup bercitra rasa Torabika, agar dalam keadaan dingin kopi ini juga enak dinikmati. Ini menjadi bagian dari pelayanan kami. Paling tidak dalam setahun kami membuat 6 produk baru,&rdquo; jelas Wardi.</p>\n\n<p>Dengan kemitraan KKT selain bisa meningkatkan daya saing kopi buatan dalam negeri, juga menambah lowongan pekerjaan. Apalagi kemitraan yang dijalankan tidak terikat waktu. Mitra juga tidak dibebani dengan biaya <em>franchise fee</em>, hingga keuntungan sepenuhnya menjadi milik mitra. KKT juga bisa menambah jualannya dengan berbagai macam makanan kecil produk Mayora.</p>','','703e11410118320d58176193b32a7774',4,1372723740,1372723740,'no','live','wysiwyg-advanced','','a04b709f669860b','0',NULL),(17,'2013-07-02 07:13:00','2013-07-02 07:13:00',4,16,'Tepung ikan produk lokal berpotensi mengurangi ketergantungan bahan baku impor serta meredam gejolak harga pakan ternak. Sebuah peluang bisnis yang ditekuni Nurimin dengan mengolah  limbah tulang ikan dari berbagai tempat. .','Limbah Ikan: Memasok Tepung Ikan untuk Pakan Ternak','limbah-ikan-memasok-tepung-ikan-untuk-pakan-ternak',4,1,'<p style=\"text-align: justify;\">Karena belum dimanfaatkan, limbah ikan di mana pun cenderung jadi sumber masalah.&nbsp; Onggokan tulang, kepala dan isi perut ikan terlihat menggunung di berbagai Tempat Pelelangan Ikan (TPA), resto ikan, dan pemukiman. Sepintas, benda tersebut&nbsp; kotor&nbsp; dan mencemari lingkungan. Namun sesungguhnya menyimpan potensi besar untuk dibisniskan.&nbsp; Salah seorang yang &nbsp;telah mengubah limbah itu jadi uang adalah Nurimin.</p>\n\n<p style=\"text-align: justify;\"><span class=\"alignment-left\" style=\"float:left\"><img alt=\"Limbah Ikan\" data-ibimage=\"true\" src=\"{{ url:site }}files/thumb/0f742717e951134/400\" width=\"400\" /> <span class=\"image-caption\">Limbah Ikan</span> </span>Di tangan penduduk Muara Angke, Jakarta Utara, ini, tulang belulang ikan diolah menjadi tepung &nbsp;yang digunakan sebagai bahan baku pakan ternak.&nbsp; Kebutuhan tulang ikan tergolong tinggi. Pasalnya, tepung tulang ikan menjadi sumber mineral dan protein bagi hewan ternak seperti ikan lele, ayak, bebek, dan babi.&nbsp; Sekitar 20% dari bahan baku pakan ternak bersumber dari tulang ikan. Di sisi lain, Indonesia masih tergatung pada bahan baku impor.&nbsp; Salah satunya adalah tepung ikan.&nbsp; Menurut data yang bersumber dari Departemen Kelautan dan Perikanan, tahun 2010 &nbsp;&nbsp;impor tepung ikan mencapai 5,4 juta kg dan tepung udang 3,4 juta kg.</p>\n\n<p style=\"text-align: justify;\">&nbsp;</p>\n\n<p style=\"text-align: justify;\"><strong>Sumber protein</strong></p>\n\n<p style=\"text-align: justify;\">Nurimin mengumpulkan tulang ikan dari para nelayan dan industri pengasinan ikan laut di sekitar tempat tinggalnya.&nbsp; Produk tepung ikan mengandung protein, mineral, dan vitamin B. Kandungan gizi yang lengkap di dalamnya dapat meningkatkan produksi dan nilai gizi telur, daging ternak dan ikan.&nbsp;</p>\n\n<p style=\"text-align: justify;\">Metoda pembuatan tepung ikan sangat sederhana, serta minim modal.&nbsp; Sehingga cocok diterapkan untuk industri berskala kecil.&nbsp; Nurimin memulai usahanya &nbsp;sejak tahun 1997. Modal awalnya sebesar Rp 8 juta, untuk membeli peralatan dan bahan baku.&nbsp; Harga limbah ikan Rp 10.000 / keranjang. 1 Keranjang bisa menghasilkan 10 kg tulang ikan kering. Produk tulang kering dijual seharga Rp 3000 / kg . Dalam seminggu Nurimin bisa menjual 2 - 3 ton tepung ikan.&nbsp; Namun saat&nbsp; musim paceklik, Januari - Februari, ia hanya bisa menjual 1 ton tepung ikan.&nbsp;&nbsp;&nbsp;&nbsp;</p>\n\n<p style=\"text-align: justify;\">Bisnis yang ia tekuni memberikan omzet Rp 6 &ndash; 9 juta / bulan. Sedangkan untung bersih yang bisa dicapai berkisar antara Rp 3,2 &ndash; 4 juta / bulan.&nbsp; Tepung tulang ikan dijual kepada pengepul, yang datang langsung ke tempat usaha Nurimin. Mereka berasal dari Surabaya,&nbsp; Muncar, Bali, Indramayu, Cirebon, dan Bogor.&nbsp; &ldquo;Khusus pengepul Bogor minta tulang kering siap giling,&rdquo; papar pria berusia 30 tahun itu.&nbsp; Pemesanan bisa dilakukan melalui telepon.&nbsp; Barang akan dikirim bila uang sudah ditransfer kepada Nurimin.</p>\n\n<p style=\"text-align: justify; \"><strong>Proses pembuatan</strong></p>\n\n<p style=\"text-align: justify;\">Ada 2 cara yang umum dilakukan untuk membuat tepung ikan. Cara sederhana, yaitu&nbsp; melalui penjemuran di bawah sinar matahari, &nbsp;masih digunakan di beberapa wilayah. Namun sekarang ini sebagian besar sudah menggunakan &nbsp;cara modern, melalui tahap pemanasan, pengepresan, pengeringan dan penggilingan.</p>\n\n<p style=\"text-align: justify;\">Bahan baku dibedakan menjadi 3 macam; yaitu limbah ikan dari industri pengasinan, &nbsp;ikan kurus atau ikan kecil semisal teri,&nbsp; dan ikan gemuk seperti petek.&nbsp; Bahan &nbsp;tersebut dipotong kecil-kecil dalam bak pencucian dengan air yang mengalir.&nbsp; Setelah itu dilakukan penggaraman 30 menit.&nbsp; Khusus untuk ikan gemuk tambahkan air hingga terendam lalu direbus selama 1 jam. Sedangkan ikan kurus dikukus dalam dandang 30 menit. Pemanasan atau perebusan bertujuan untuk menghilangkan lemak atau minyak yang masih tersisa.&nbsp; Perebusan dilakukan menggunakan drum bekas.&nbsp; Sementara bahan bakar yang digunakan yaitu kayu.&nbsp;&nbsp; Proses perebusan dilakukan selama 15 &ndash; 20 menit.&nbsp; Dengan suhu berkisar antara 95 &ndash; 100&deg;C.&nbsp;</p>\n\n<p style=\"text-align: justify;\"><span class=\"alignment-none\"><img alt=\"Penjemuran Ikan\" data-ibimage=\"true\" src=\"{{ url:site }}files/thumb/91812fbc0d02483/800\" width=\"800\" /> <span class=\"image-caption\">Penjemuran Ikan</span> </span></p>\n\n<p style=\"text-align: justify;\">Bila pemanasan kurang lama dan suhu tidak mencukupi, hasil penggilingan tidak memuaskan.&nbsp; Misalnya tekstur tulang masih terlalu keras atau kandungan lemaknya masih banyak sehingga&nbsp; tepung yang dihasilkan rawan terkontaminasi bakteri dan jamur.&nbsp; Sebaliknya, pemanasan yang kelamaan justru &nbsp;membuat tulang terlalu halus saat digiling. Selanjutnya, tulang ikan dipres, dijemur, kemudian digiling. Menurut penuturan Nurimin, ada 2 kategori tulang ikan yang dipesan berdasarkan kandungan air. &nbsp;&nbsp;Yaitu, tulang kering 50% dan tulang kering 90 &ndash; 100%.&nbsp; &ldquo;Bedanya cuma harganya.&nbsp; 50% disenangi karena harganya lebih murah.&nbsp; Selisihnya berkisar antara Rp 500 &ndash; 1.000/ kg,&rdquo; tutur pria asal Banten tersebut.&nbsp;</p>','','b4d90ddbba51231efe02fd3366e8c055',4,1372723980,1372723980,'no','draft','wysiwyg-advanced','f04a12aed88104f7c535c1681f7b419f','ef7213ed696df90','0',4),(18,'2013-07-02 02:36:00','2013-07-02 02:36:00',4,17,'Ketika banyak orang mempergunjingkan kenaikan harga BBM, Agung Anggoro M.sc, justru asyik berinovasi bisnis briket tempurung kelapa. Omzetnya tak kurang dari 80.000$ US / bulan.','CV. Organik Agro Indonesia: Dolar Dari Briket Tempurung Kelapa','cv-organik-agro-indonesia-dolar-dari-briket-tempurung-kelapa',14,1,'<p><span class=\"alignment-left\" style=\"float:left\"><img alt=\"dscn5987-r.jpg\" data-ibimage=\"true\" src=\"{{ url:site }}files/thumb/addd54fb0662dee/400\" width=\"400\" /> </span>Bahan bakar fosil yang berlimpah pun murah, sempat membuat manfaat arang dipandang sebelah mata. Namun, pada gilirannya ketersediaan bahan bakar fosil kian menyusut, peluang manis ramah lingkungan arang sebagai sumber bahan bakar alternatif mulai dilirik.&nbsp; Menurut Agung Anggoro M.sc, pengusaha briket arang tempurung kelapa di Medan peluang ekspor briket tempurung kelapa terbuka lebar. Begitu pun dengan ketersediaan bahan baku di Indonesia.&nbsp; &ldquo;Permintaan briket besar dari Timur Tengah, dan berpotensi besar dipasarkan ke Eropa,&rdquo; kata Agung.</p>\n\n<p>Sebelum memulai usaha ini, Agung menggeluti profesi sebagai produsen pupuk berbahan cangkang kelapa sawit.&nbsp; Ia juga menuturkan bahwasannya, bisnis briket kelapa dan briket cangkang kelapa sawit masih jarang ditekuni.&nbsp; Sehingga untuk saat ini tingkat persainganya masih kecil. Disamping itu, ketersediaan bahan bakunya sangat berlimpah. &ldquo;Di daerah sumatera dan Jawa banyak diproduksi kelapa dan kelapa sawit,&rdquo; papar Agung.</p>\n\n<p><strong>Dibutuhkan 500 ton / bulan</strong></p>\n\n<p>Untuk memenuhi permintaan ekspor, baku mutu yang diberlakukan ketat. Jadi spesifikasi yang diinginkan oleh konsumen harus ditepati. Setiap negara memiliki standar mutu briket berlainan. Anda bisa menyesuaikan mutu produk dengan kebutuhan negara yang akan dibidik sebagai target pasar. Syarat utama mutu diantaranya yaitu tidak banyak mengandung serat dan memiliki daya tahan pembakaran selama 1 &ndash; 2 jam. Menurut pengakuan Agung, kualitas produk briket tempurung kelapa nasional tak kalah dengan mutu briket tempurung kelapa buatan bangsa asing.&nbsp; Bahkan dari segi kapasitas bahan baku, Indonesia termasuk negara berpotensi besar sebagai pemasok briket tempurung kelapa.</p>\n\n<p>Agung memaparkan, saat ini daya serap pangsa pasar ekspor briket tempurung kelapa sebesar 500 ton / bulan. Permintaan terbesar berasal dari Timur Tengah. Untuk memenuhi kebutuhan kawasan tersebut, terbuka ceruk &nbsp;sebesar &nbsp;300 ton / bulan. Pria bertutur kata santun ini mengaku mampu memproduksi briket tempurung kelapa sebanyak 4 &ndash; 5 ton&nbsp; / hari. Briket arang kelapa itu dijual seharaga Rp 5.000 / kg untuk pangsa pasar lokal. Sementara harga jual ekspor sebesar 500 Dolar Amerika &ndash; 530 Dolar Amerika / ton.</p>\n\n<p>Beberapa negara yang telah berhasil ditembus meliputi: Yunani, Mediterania, Bulgaria, India dan Latvia. Negara-negara tersebut memanfaatkan briket arang untuk memenuhi keperluan rumah tangga. Di timur Tengah, briket arang kalapa dipasarkan di supermarket. Sementara di dalam negeri, briket tempurung kelapa &nbsp;berpotensi sebagai sumber energi pengganti minyak, juga bisa dimanfaatkan sebagai pemanas kandang unggas dan pemanas (boiler) di pabrik kelapa sawit.</p>\n\n<p>Agar dapat menembus pasar dalam negeri, Agung melakukan edukasi terlebih dulu kepada calon konsumen. Sementara pasar luarnegeri ia tembus secara online melalui internet. &ldquo;Pangsa pasar dalam negeri memang belum banyak. Padahal, banyak keuntungan yang bisa diperoleh dari briket arang kelapa,&rdquo;&nbsp; katanya. Briket arang kelapa tidak menghasilkan asap. Balok briket berukuran 5 cm dapat bertahan selama 2 jam.&nbsp;</p>\n\n<p>Dulu, sebelum dutemukan arang tempurung kelapa, Indonesia banyak mengekspor arang kayu bakau. Namun dikarenakan ekploitas yang berlebihan, hutan bakau banyak mengalami kerusakan. Sehingga saat ini pemerintah telah melindungi tanaman pencegah erosi pantai itu. Briket arang tempurung kelapa lebih tahan lama bila dibanding briket cangkang kelapa sawit. Sebab, cangkang kalapa sawit lebih banyak mengandung serat daripada briket tempurung kelapa (<strong>Teguh</strong>).</p>','','81f4319feac84283d70751beadf1db14',4,1372707360,1372707360,'no','live','wysiwyg-advanced','','addd54fb0662dee','0',4),(19,'2013-07-02 07:17:00','2013-07-02 07:17:00',4,18,'Perbedaan tinggi antara jalan dengan pelataran depan pondok sekitar 100 m. Sementara kemiringan lahannya  kira-kira 450.  Di tangan Tuti Azis, seorang dosen, kontur tanah seperti  itu  dikreasi  menjadi kebun bertingkat dengan aneka fungsi & jenis tanaman  di masing-masing tingkat/layer.  Dari lahan ini muncul  4 jenis pemasukan;  hasil  aneka sayuran, susu kambing,  Fee pelatihan dan  pupuk bokashi','Bila  Dosen Bertani : Lereng jadi Kebun Bertingkat 10','bila-dosen-bertani--lereng-jadi-kebun-bertingkat-10',4,1,'<p><span class=\"alignment-none\"><img alt=\"Agro Trisari\" data-ibimage=\"true\" src=\"{{ url:site }}files/thumb/77a899525eb4559/800\" width=\"800\" /> <span class=\"image-caption\">Agro Trisari</span> </span>Itulah Kebun Agro Trisari di Kampung Cibogo, desa Cijeruk, Sukabumi, Jawa Barat. Lahan seluas 5 ha ini dibagi menjadi 10 layer (dataran bertingkat),&nbsp; masing-masing berfungsi untuk budidaya aneka jenis tanaman, bangunan, kambing, dan&nbsp; ikan. Bagian lembah&nbsp; ditanami berbagai sayuran, antara lain pakcoy, bayam hijau dan merah, daun bawang, seledri, wortel, labu parang, dan sebagainya. Jalan setapak berupa tangga menjadi jalur utama untuk menyusuri kebun ini.&nbsp; &ldquo;Konsekuensinya saya harus pasang konstruksi penahan supaya tidak longsor. Misalnya antara layer 1 dengan bagian bawahnya diberi bronjongan batu kali,&rdquo; ungkap sang pemilik, Tuti Azis, &nbsp;dosen&nbsp; Universitas Trisakti, Jakarta.</p>\n\n<p style=\"text-align: justify;\">Bersama Endhy Azis, sang suami, warga Jakarta Selatan ini mendesain lahan dengan konsep arena berkebun sekaligus pelatihan bertani. Beragam teknik bertanam dilakukan di sini, yaitu vertikultur, hidroponik, dan organik terpadu. Komoditas &nbsp;tanamannya juga menyesuaikan kondisi pasar. Misalnya untuk hidroponik mereka menanam paprika yang punya harga jual tinggi karena biayanya cukup tinggi. Biaya produksinya Rp. 6000-Rp. 7000/pohon. Sekitar 3 bulan setelah tanam paprika bisa mulai dipanen dan panen berikutnya seminggu sekali sampai tanaman berumur 6 bulan. Sekali petik bisa diperoleh 2-2,5 kg/pohon. Harga jual Rp. 20.000-Rp. 25.000 per kg.</p>\n\n<p style=\"text-align: justify;\"><strong>Susu kambing</strong></p>\n\n<p style=\"text-align: justify;\">Kebun ini juga menerapkan pertanian semi organik terpadu. Karena ada lahan untuk ternak kambing yang kotorannya langsung diolah jadi bokashi&nbsp; untuk &nbsp;pupuk sayur. &nbsp;Kambing yang dipelihara, 11 ekor jantan &ndash; 8 ekor betina, &nbsp;merupakan kambing PE (Peranakan Ettawa).&nbsp; Hasil dari kambing berupa susu perah dan dijual ke Jakarta. &ldquo;Rata-rata satu kambing menghasilkan satu liter susu tiap hari. Harga per liter susu Rp. 30.000,&rdquo; tutur Karwono, salah satu pengurus kebun.</p>\n\n<p style=\"text-align: justify;\"><span class=\"alignment-left\" style=\"float:left\"><img alt=\"Ujung Bedeng\" data-ibimage=\"true\" src=\"{{ url:site }}files/thumb/cfe75bde5b17f8a/400\" width=\"400\" /> <span class=\"image-caption\">Ujung Bedeng</span> </span>Dalam satu lahan terbentuk sistem multikultur yang mendukung pertumbuhan beragam tanaman. Misalnya satu petak berupa tiga bedeng yang ditanami kacang tanah lalu di tepinya ditanami jagung manis. Di kotak berikutnya ada bedeng yang ditanami bayam dan slada lalu tepinya diisi kacang panjang. Di bagian lain ada tanaman buncis yang berdampingan dengan talas.&nbsp; Bahkan untuk ketersediaan bibit mereka sengaja memilih beberapa tanaman yang dibiarkan menjadi tua untuk diambil benihnya, Benih itu ditanam pada musim tanam berikutnya.</p>\n\n<p style=\"text-align: justify;\">&nbsp;</p>\n\n<p style=\"text-align: justify;\"><strong>Sertifikasi organik</strong></p>\n\n<p style=\"text-align: justify;\">Meski sudah menggunakan pupuk kandang dan bibit sendiri, menurut Tuti pola itu masih semi organik. Karena &ldquo;instalasi&rdquo; pendukung&nbsp; belum lengkap. Contohnya, &nbsp;kebun di lembah bisa terkena luapan air dari selokan kebun tetangga. Tentu saja selain merugikan karena sebagian tanaman rusak, itu juga menandakan bahwa kebunnya belum murni organik.</p>\n\n<p style=\"text-align: justify;\">Saat ini Tuti sedang mengupayakan sertifikasi organik untuk produknya. Salah satu persyaratannya harus ada jaminan &nbsp;tanamannya tak terpapar pestisida atau pupuk kimia. Salah satu &ldquo;instalasi&rdquo; yang dibuat untuk mendukung itu adalah, memagari kebun dengan tanaman bambu agar tak terkena polusi lahan tetangga.&nbsp; &ldquo;Kalau kebun tetangga disemprot pestisida sebagian ada yang terbawa udara ke lahan saya. Kalau ada bambunya kan sayuran saya terlindungi,&rdquo; kata Tuti.</p>\n\n<p style=\"text-align: justify;\">Selain dikonsumsi sendiri,&nbsp; sayuran dan susu kambing dijual kepada koleganya di Jakarta. Misalnya ke komunitas konsumen organik di Pondok indah, dan Pasar tani Taman mini. &nbsp;Nah, &nbsp;berkat inovasi dan kreativitas Tuti,&nbsp; lahan terjal pun bisa &ldquo;disulap&rdquo; jadi hijau dan produktif.</p>','','f05990197bffe208ceb6516e4496f1ae',4,1372724220,1372724220,'no','draft','wysiwyg-advanced','17dc43b1fa8f4d69fb5eed3a2ef72a11','07fbdb077076335','0',4),(20,'2013-07-02 07:26:00','2013-07-02 07:26:00',4,19,'Setelah sebelumnya, pasar retail di Indonesia dimasuki oleh 7-Eleven yang dibawa oleh PT. Modern Putra Indonesia sebagai Master Franchise, mulai pertengahan 2011 lalu, hadir pula retail serupa yaitu Lawson. Kali ini pembawanya adalah PT Midi Utama Indonesia Tbk yang juga bertindak sebagai Master Franchise.','Lawson: Garap Pasar Convenience Store Di Indonesia','lawson-garap-pasar-convenience-store-di-indonesia',10,7,'<p><span class=\"alignment-left\" style=\"float:left\"><img alt=\"dsc_3998.jpg\" data-ibimage=\"true\" src=\"{{ url:site }}files/thumb/7f564f7c8ecb30a/400\" width=\"400\" />&nbsp; </span>Kehadiran Lawson sendiri menurut M. Deni Firmanto, <em>Franchise Manager</em> PT Midi Utama Indonesia Tbk (Midi) bukan lantaran ingin menjadi pesaing 7-Eleven di kancah retail convenience store. &ldquo;Tapi kita melihat peluang pasar di convenience store cukup besar, pemainnya baru satu. Itu yang membuat kami tertarik menghadirkan waralaba asal Jepang ini ke sini,&rdquo; jelas Deni, panggilannya. Sebenarnya, tambah Deni, ada satu pemain lagi yaitu Circle K. Tapi Circle K lebih banyak bermain pada kawasan tertentu saja. Khususnya di Bali.</p>\n\n<p><em>Convenience store </em>merupakan toko pengecer yang menjual item produk tertentu yang terbatas, dalam hal ini makanan dan minuman pada tempat yang nyaman dengan jam buka yang panjang. Karena itu dalam bentuk fisik, selain ada gerai tertutup yang menjual makanan dan minuman, juga dilengkapi meja dan kursi untuk menikmatinya. Izin usaha Lawson didapat dari Kementerian Perdagangan RI. Izinnya sama dengan pendirian kafe atau resto.</p>\n\n<p><strong>Sukses di Jepang</strong></p>\n\n<p>Lawson di negara asalnya sendiri, Jepang, merupakan <em>convenience store </em>yang paling banyak gerainya. Setelah sukses di Jepang, Lawson melebarkan sayap waralabanya ke Vietnam, China dan beberapa negara di Asia. &ldquo;Lawson di Jepang kemudian tertarik untuk ikut berinvestasi di Indonesia, karena penduduknya yang banyak. Tapi karena peraturan di Indonesia waralaba asing tidak boleh langsung membuka gerainya, mereka kemudian bekerjasama dengan kita,&rdquo; jelas Deni. Tentu saja, bagi Midi sendiri ini merupakan peluang yang menjanjikan.</p>\n\n<p>Untuk Lawson Indonesia, kepemilikan sahamnya 30% dimiliki Lawson Jepang, 10% dimiliki umum (karena Midi sudah berbentuk perusahaan terbuka) dan saham sisanya dimiliki oleh Midi. Meski bentuk dan pasar yang dituju dengan 7-Eleven sama, dalam penyajiannya kedua bentuk <em>convenience store </em>ini berbeda. Bila 7-Eleven lebih banyak menampilkan makanan <em>western </em>(barat), Lawson menyajikan makanan asal Jepang, seperti model makanan bento atau oden, rebusan daging yang sehat terasa hangat dinikmati dengan kuahnya. Maklum saja memang, asal kedua gerai ini berbeda. 7-Eleven berasal dari Amerika Serikat, sedangkan Lawson dari Jepang.</p>\n\n<p>Sejak Juli 2011, sudah lebih dari 10 gerai Lawson berdiri di sekitar Jakarta, Depok dan Tangerang. Gerai pertama berdiri di daerah Kemang, Jakarta Selatan. &ldquo;Kenapa pilih Kemang? Karena di sana, kita lihat ada komunitas orang-orang <em>bule </em>di sana. Begitu juga saat kita mendirikan gerai ini dekat kampus Universitas Mercubuana (Jakarta Barat) atau Kampus Gunadharma (Jakarta Timur). Kita ingin menyasar komunitas mahasiswa di sana yang senang nongkrong,&rdquo; papar Deni.</p>\n\n<p><strong>Sasar Komunitas</strong></p>\n\n<p>Memang untuk pasar yang dituju, Deni menandaskan menyasar pada komunitas usia produktif. Untuk usia sekitar 18-40 tahun. Tidak terbatas pada kalangan mahasiswa, atau orang-orang yang senang berkumpul, tapi juga para pekerja kantoran dan ibu-ibu rumah tangga, yang senang hidup praktis dan simpel. Karena itu dipilihlah, lokasi-lokasi yang memang berdekatan dengan pasar yang dituju. Tempat-tempat umum yang strategis di daeran perkotaan, juga kawasan <em>rest area</em>.</p>\n\n<p>Sampai akhir 2012 nanti, mengutip pernyataan Suantopo Po, <em>Finance Director</em> dan <em>Corporate Secretary</em> Midi pada beberapa media, rencananya akan berdiri sebanyak 100 gerai. Semua gerai tersebut masih dibuat sendiri oleh Midi. &ldquo;Hal ini berkaitan dengan peraturan yang dibuat oleh pemerintah, bahwa untuk waralaba asing baru bisa di<em>share </em>ke masyarakat setelah 2 tahun,&rdquo; ucap Deni. Karena itu, Lawson sendiri rencananya baru bisa diwaralabakan sekitar awal tahun 2013. Padahal saat ini, tambah Deni, sudah sudah banyak pihak yang mengajukan diri untuk menjadi mitra Lawson.</p>\n\n<p>Meski kemitraannya baru mulai tahun depan, pihak Midi sudah rajin mengadakan berbagai macam promosi. Ini dimaksudkan untuk penetrasi pasar. Di gerai Lawson sendiri juga, sering diadakan berbagai macam kegiatan bekerjasama dengan perusahaan rokok. Ini untuk lebih mengenalkan Lawson ke masyarakat.</p>\n\n<p>&ldquo;Untuk nilai investasi Lawson, saat ini masih kita godok berapa nilai yang tepat,&rdquo; ucap Deni. Sebelumnya Suantopo dalam pernyataan di berbagai media menyebutkan angka investasi sebesar Rp 2 miliar &ndash; Rp 3 miliar. Deni sendiri mempethitungkan, investasi sebesar itu sudah termasuk dengan biaya sewa dan pembangunan tempat. Tapi kalau diluar masalah tempat tersebut, Deni memperkirakan investasi kemitraan yang akan dipakai dibawah Rp 1 miliar. Rencananya hubungan kemitraan dilakukan selama 5 tahun.</p>\n\n<p><strong>Waralaba Murni</strong></p>\n\n<p>Kemitraan Lawson yang hendak dijalankan dalam bentuk waralaba murni. Dimana pihak <em>franchisee</em> (mitra) hanya akan membeli sistem usaha dan mereknya. Meski tetap diberikan pendampingan usaha. Jadi seperti beli putus. Produk makanan yang hendak dijual dibeli dari pihak Lawson pusat. Lawson Indonesia sendiri mengimpor makanan tersebut langsung dari Jepang. Jadi maju mundurnya gerai, tergantung dari si <em>franchisee</em> sendiri.</p>\n\n<p>Hal ini tentu saja berbeda dari waralaba <em>minimarket </em>atau <em>supermarket</em>, sepertia Alfamart atau Alfamidi. &ldquo;Mereka lebih banyak berlaku seperti investor yang menanamkan investasinya diawal usaha, kemudian tiap bulan meneriman hasil pendapatannya. Sementara yang mengelola usahanya adalah kita,&rdquo; jelas Deni. Meski belum popular di Indonesia, ia yakin sistem waralaba murni ini bisa berjalan di Indonesia.</p>\n\n<ul>\n	<li>Lawson merupakan waralaba asal Jepang. Di Indonesia, waralaba ini menggandeng PT Midi Utama Indonesia Tbk sebagai <em>master franchise.</em></li>\n	<li>Nilai investasi berkisar di atas Rp 500 juta &ndash; Rp 2 miliar</li>\n	<li>Lawson menjual makanan sehat khas Jepang. Semua bahan baku diimpor dari Jepang.</li>\n	<li>Lokasi yang dipilih untuk dijadikan tempat usaha, berada di daerah perkotaan. Dekat dengan keramaian dan lingkungan komunitas. Seperti kampus, kawasan ex-patriat, <em>rest area</em> dan lain-lain.</li>\n</ul>\n\n<p>Kontak</p>\n\n<p>PT Midi Utama Indonesia Tbk</p>\n\n<p>Jl. MH. Thamrin No.9 Cikokol</p>\n\n<p>Tangerang 15117</p>\n\n<p>Telp: (021) 5543445</p>\n\n<p>Faks: (021) 5549505</p>\n\n<p>www.alfamidiku.com</p>','','057a2dec87ce0153ca5eda3bb4b9a9b5',4,1372724760,1372724760,'no','live','wysiwyg-advanced','','7f564f7c8ecb30a','0',NULL),(21,'2013-07-02 07:34:00','2013-07-02 07:34:00',4,20,'Karena pembesaran betutu butuh  waktu lebih lama dibanding ikan pada umumnya, para  petani enggan membudidayakan. “Kalau siklusnya panjang, berarti pasokannya tidak bisa masal.Padahal permintaannya membludak. Akibatnya harganya jadi mahal,” papar Afit petani ikan yang jeli memanfaarkan peluang.','Peluang ikan Betutu : Sedikit Pesaing, Bisa Main Harga Tinggi','peluang-ikan-betutu--sedikit-pesaing-bisa-main-harga-tinggi',4,1,'<p style=\"text-align: justify;\"><span class=\"alignment-none\"><img alt=\"Ikann Betutu\" data-ibimage=\"true\" src=\"{{ url:site }}files/thumb/74cf1ce4d0f8090/800\" width=\"800\" /> </span></p>\n\n<p style=\"text-align: justify;\"><span class=\"alignment-none\"><span class=\"image-caption\">Ikann Betutu</span> </span></p>\n\n<p style=\"text-align: justify;\">Para petani ikan di kawasan Sawangan, Depok hingga Parung, Bogor, &nbsp;sentra&nbsp; pemasok ikan untuk kebutuhan nasional , &nbsp;belum banyak mengenal dan membudidayakan betutu.&nbsp; &ldquo;Di sini baru saya satu-satunya petani ikan yang mencoba beternak ikan ini,&rdquo; tutur Afit Kurniawan, peternak betutu di Sawangan Depok.</p>\n\n<div style=\"text-align: justify;\">Berbekal modal tak lebih dari Rp 5 juta, &nbsp;Afit&nbsp; memulai budidaya betutu tahun 2009. Ide ini&nbsp; didapat di dunia maya.&nbsp; &ldquo;Saya sering <em>browsing</em> di internet.&nbsp; Ikan ini banyak dibicarakan di milis. Harganya pun menjanjikan,&rdquo; tuturnya. Namun usahanya masih terkendala&nbsp; keterbatasan suplai bibit.&nbsp; Pasokan bibit tergantung dari penangkapan alam. &ldquo;Kalau nangkap dari alam terus-menerus kan bisa mengganggu kelestarian. Lagi pula kapasitas stoknya tidak bisa dipastikan. Padahal, restoran dan importir butuh suplai rutin dan pasti,&rdquo; ucapnya.</div>\n\n<div style=\"text-align: justify;\">Betutu diminati lantaran memiliki daging lembut.&nbsp; Sebagian besar masyarakat Singapura menganggap ikan ini berkhasiat meningkatkan fitalitas pria.&nbsp; Menurut Max Korengkeng eksportir ikan betutu di Manado, seperti yang telah dilansir oleh <a href=\"http://www.metrotvnews.com/\">www.metrotvnews.com</a>, Singapura membutuhkan pasokan betutu 100 ton / minggu dengan harga Rp 300.000/ kg.</div>\n\n<div style=\"text-align: justify;\">&nbsp;</div>\n\n<div style=\"text-align: justify;\"><strong>Peluang menganga lebar</strong></div>\n\n<div style=\"text-align: justify;\">&nbsp;</div>\n\n<div style=\"text-align: justify;\">Meski suplai bibit terbatas, tak &nbsp;berarti pangsa betutu ciut.&nbsp; &ldquo;Pemenuhan kebutuhan restoran di Jakarta saja masih kekurangan.&nbsp; Apalagi untuk pasokan ke Thailand, Singapura dan India,&rdquo; tutur Afit.&nbsp; Kondisi itu&nbsp; ditangkap Afit sebagai &nbsp;tantangan.&nbsp; &ldquo;Belum banyak pesaing dalam bisnis ikan betutu.&rdquo; paparnya penuh rasa optimis. Pembesaran betutu yang &nbsp;butuh&nbsp; waktu&nbsp; lebih lama, sekitar &nbsp;8 &ndash; 12 bulan, dibanding ikan pada umumnya, &nbsp;juga membuat petani ikan enggan membudidayakan.&nbsp; &ldquo;Buat saya &nbsp;ini justru merupakan peluang. Kalau siklusnya panjang, berarti pasokannya tidak bisa masal. Padahal permintaannya membludak. Alhasil kita bisa bermain di harga tinggi,&rdquo; papar Afit.</div>\n\n<div style=\"text-align: justify;\">&nbsp;</div>\n\n<div style=\"text-align: justify;\">&nbsp;&nbsp;&nbsp;&nbsp;&nbsp;&nbsp;&nbsp;&nbsp;&nbsp; &nbsp;Selain membesarkan ikan betutu, Afit terus bereksperimen mendomestikasi dan memijahkan betutu.&nbsp; Suplai bibit ia datangkan dari pengepul di Bogor dan Padang.&rdquo;Mereka mendapatkan ikannya&nbsp; dari alam.&nbsp; Kalau pemijahan ini berhasil, pasti sangat menguntungkan,&rdquo; kata pemuda kelahiran Wonosari, Yogyakarta itu. Saat ini ia memiliki 10 indukan dan sekitar 10.000 bibit berukuran antara 1 &ndash; 3 cm.&nbsp; Sedangkan yang berukuran 10 cm atau berusia 3 bulan 100 ekor.</div>\n\n<div style=\"text-align: justify;\">Bibit berukuran 1 &ndash; 3 cm dibanderol&nbsp; Rp 500 / ekor.&nbsp; Betutu ukuran 10 &ndash; 15 cm atau berusia 2, 5 bulan Rp 50.000 / kg.&nbsp; Sedangkan betutu siap konsumsi berusia minimal 4 bulan dihargai &nbsp;Rp 100.000 &ndash; 135.000/ kg.&nbsp;&nbsp;&nbsp; &ldquo;Sekilonya berisi 2 &ndash; 3 ekor ikan,&rdquo; imbuh Afit.</div>\n\n<div style=\"text-align: justify;\">&nbsp;&nbsp;&nbsp;&nbsp;&nbsp;&nbsp;&nbsp;&nbsp;&nbsp;&nbsp;&nbsp;&nbsp;&nbsp;&nbsp;&nbsp;&nbsp;&nbsp;&nbsp;&nbsp;&nbsp;&nbsp;&nbsp;&nbsp;&nbsp;&nbsp;&nbsp;&nbsp;&nbsp;&nbsp;&nbsp;&nbsp;&nbsp;&nbsp;&nbsp;&nbsp;&nbsp;&nbsp;&nbsp;&nbsp;&nbsp;</div>\n\n<div style=\"text-align: justify;\"><strong>Perilaku &amp; perawatan</strong></div>\n\n<div style=\"text-align: justify;\">Terkait&nbsp; karakternya yang pendiam, betutu tak membutuhkan kolam besar. Kolam gede &nbsp;justru menghambat pertumbuhan betutu, lantaran kesulitan menangkap mangsa. Karena sifatnya yang nocturnal,&nbsp; mereka aktif mencari mangsa pada malam hari.&nbsp; &ldquo;Sebaiknya kolam dibuat di tempat teduh.&nbsp; Dipasang pipa paralon sebagai tempat persembunyian.&nbsp; Tak perlu dikasih lampu,&rdquo; kata Afit menyarankan.</div>\n\n<div style=\"text-align: justify;\">&nbsp;</div>\n\n<div style=\"text-align: justify;\">&nbsp;Proporsi jumlah ikan&nbsp; dalam setiap meter kolam adalah&nbsp; 10 &ndash; 15 ekor dewasa. Sedangkan &nbsp;kolam&nbsp; berukuran 1 m2 cukup untuk menampung bibit betutu &nbsp;ukuran 1 &ndash; 3 cm, &nbsp;sebanyak 1.000 &ndash; 2.000 ekor. &nbsp;Kedalaman air yang ideal sekitar 25 &ndash; 30 cm.</div>\n\n<div style=\"text-align: justify;\">Meskipun pertumbuhannya lambat,&nbsp; betutu tergolong ikan bandel yang &nbsp;tak mudah diserang penyakit.&nbsp; Ini bisa menekan ongkos produksi, terutama biaya pengadaan obat-obatan, kondisioner air dan irigasi.&nbsp; &ldquo;Airnya cukup menggenang saja.&nbsp; Air hujan pun tidak masalah, soalnya betutu cenderung menyukai&nbsp; air yang agak asam.&nbsp; Paling-paling harus diganti kalau air sudah terlihat berbusa,&rdquo; katanya</div>\n\n<div style=\"text-align: justify;\">&nbsp;</div>\n\n<div style=\"text-align: justify;\">Kolam pembesaran&nbsp; milik Afit berukuran tak lebih dari 3 x 3 m.&nbsp; Dari kolam tersebut, &nbsp;ia &nbsp;memanen betutu sekitar 20 kg.&nbsp; Dengan harga jual Rp 135.000/kg, &nbsp;berarti omzetnya Rp 2,7 juta.&nbsp; Saat ini Afit telah memiliki penampung, yang &nbsp;akan menjual ikannya ke restoran.&nbsp; Penampung lain berposisi di Batam.&nbsp; Ia adalah eksportir ikan betutu ke Singapura.</div>','','cb7dc84fe9b2794e67b083aa4ba0623d',4,1372725240,1372725240,'no','draft','wysiwyg-advanced','e44697eb267f2d93dbb47d3dab1ce13c','4fff3a5d5e8d7d6','0',4),(22,'2013-07-02 07:36:00','2013-07-02 07:36:00',4,21,'Dengan dukungan sekolah teknik sepeda motor, PT Techno Motor Indonesia mewaralabakan bengkel sepeda motor Mr. Montir. Penerima waralaba akan memperoleh jaminan ketersediaan tenaga terlatih dan sistem bisnis yang sudah mapan. Buah keuntungan pun bisa dipetik di tahun ke dua.','Bengkel Sepeda Motor Mr. Montir: Memetik Laba Di Tahun Kedua','bengkel-sepeda-motor-mr-montir-memetik-laba-di-tahun-kedua',2,7,'<p><span class=\"alignment-left\" style=\"float:left\"><img alt=\"100_5492-r.jpg\" data-ibimage=\"true\" src=\"{{ url:site }}files/thumb/c9a824b1a0f4643/400\" width=\"400\" />&nbsp; </span>Jumlah sepeda motor yang beroperasi di Indonesia saat ini sekitar 87 juta unit. Dengan asumsi setiap unit sepeda motor harus menjalani servis setiap 1,5 bulan dan setiap bengkel mampu melayani 1.000 unit sepeda motor per bulan, dibutuhkan 58.000 bengkel. Sementara, jumlah bengkel resmi (<em>Honda</em>, <em>Yamaha</em>, <em>Suzuki</em>) yang ada hanya sekitar 7.000 bengkel. Artinya, masih dibutuhkan sekitar 51.000 bengkel lagi. Saat ini jumlah bengkel umum mungkin sudah mencapai 51.000, atau mungkin malah lebih. Namun, bagaimana pelayanan bengkel-bengkel tersebut? Umumnya, tidak sebaik bengkel resmi.</p>\n\n<p>Peluang inilah yang mendorong PT Techno Motor Indonesia (TMI) mewaralabakan bengkel sepeda motor Mr. Montir. Okto Larido, Direktur Operasional Mr. Montir, menyatakan, sejak diwaralabakan pada 2009, sudah ada 48 bengkel yang telah menggunakan nama Mr. Montir, empat bengkel di antaranya milik pemberi waralaba.</p>\n\n<p><strong>Dukungan Dari Perencanaan Hingga Operasional</strong></p>\n\n<p>Untuk membuka bengkel sepeda motor Mr. Montir, perlu biaya investasi Rp 250 juta &ndash; Rp 350 juta. Dengan investasi sebesar itu pemberi waralaba akan menyiapkan semua keperluan usaha bengkel, dari studi kelayakan, penyiapan bengkel dan kelengkapannya (bangunan, sistem administrasi, peralatan, suku cadang), penyiapan sumber daya manusia (SDM) sampai siap bekerja, hingga promosi.</p>\n\n<p>Konsep bengkel sepeda motor Mr. Montir adalah menyatukan keunggulan bengkel motor resmi (mekanik yang terlatih, peralatan lengkap dan ramah lingkungan, suku cadang lengkap dan orisinal, serta fasilitas lengkap dan nyaman) dan keunggulan bengkel sepeda motor umum (ongkos murah, melayani semua merek sepeda motor, serta menyediakan banyak merek suku cadang dan oli). Bengkel ini juga didukung manajemen profesional untuk menangani bidang administrasi, pemasanan, dan SDM. &ldquo;Jadi, ketika orang membuka bengkel umum (dengan nama Mr. Montir), di belakangnya ada perusahaan yang mem-<em>back up</em> semuanya,&rdquo; ujar Okto berpromosi.</p>\n\n<p>Penerima waralaba akan dibantu dalam pembangunan bengkel, mulai dari analisis lokasi bengkel hingga bengkel siap beroperasi. Penerima waralaba juga mendapat dukungan perekrutan dan pelatihan untuk mekanik dan non-mekanik dari PT Techno Motor Academy, sekolah teknik sepeda motor yang merupakan salah satu unit usaha TMI. &ldquo;Sekolah ini sifatnya independen. Kalau calon karyawan dites tidak lulus ya tidak bisa dipakai, titik!,&rdquo; tegas Okto.</p>\n\n<p>Untuk menjalankan aktivitas bisnis, bengkel dilengkapi dengan sistem teknologi informasi berbasis internet. Setiap aktivitas yang melibatkan suku cadang dan uang langsung dicatat. Dengan sistem tersebut, setiap hari penerima dan pemberi waralaba bisa membaca laporan laba-rugi. &rdquo;Ketika bisnis ini dijalankan sesuai dengan <em>standart operational procedure</em> (SOP), semuanya terukur, terarah, dan menjaga <em>owner</em> dari hal-hal yang merugikan,&rdquo; tutur Okto.</p>\n\n<p>Begitu semua sistem bengkel sudah siap, pemberi waralaba juga bertanggungjawab untuk melakukan <em>launching</em> dan promosi. &ldquo;Ketika <em>soft launching</em>, belum ada serah-terima dengan pemilik bengkel,&rdquo; ungkap Okto. Tujuan <em>soft launching</em> ini untuk melihat apakah SDM dan sistem di bengkel sudah berfungsi baik. Setelah semuanya berjalan baik, <em>grand launching</em> dilakukan selama lima hari. Program promosi pun diluncurkan oleh pemberi waralaba. Setelah <em>grand launching</em> berjalan baik, serah terima dilakukan kepada penerima waralaba.</p>\n\n<p>Hasilnya, sebuah bengkel sepeda motor umum yang beroperasi layaknya bengkel resmi. Saat bengkel beroperasi, pemberi waralaba masih melakukan supervisi. Pada setiap bengkel akan dilekatkan seorang <em>business controller</em> (BC). Tugasnya, melakukan pengecekan terhadap pelaksanaan SOP, mendampingi kepala bengkel melakukan promosi, serta melakukan kunjungan dan pertemuan dengan manajer dan pemilik bengkel secara rutin.</p>\n\n<p>Dengan dukungan total dari pemberi waralaba itu diharapkan biaya investasi penerima waralaba kembali dan mulai memetik hasil setelah tahun kedua.</p>','','f950994554d672e82570316860cc0238',4,1372725360,1372725360,'no','live','wysiwyg-advanced','','c9a824b1a0f4643','0',4),(23,'2013-07-02 07:48:00','2013-07-02 07:48:00',4,22,'Bagi Anda calon investor, ada penawaran franchise menarik dari Sticky Indonesia. Sticky merupakan  handmade candy pertama yang mengusung konsep live candy making di depan para customer. Bebeda dengan toko permen lainnya yang hanya menyajikan permen dalam bentuk display, di sini customer dapat memesan bentuk dan rasa permen sesuai keinginan.','Waralaba Sticky Indonesia','waralaba-sticky-indonesia',1,7,'<p><span class=\"alignment-left\" style=\"float:left\"><img alt=\"img_0996-r.jpg\" data-ibimage=\"true\" src=\"{{ url:site }}files/thumb/d5866718e2e16c1/400\" width=\"400\" />&nbsp; </span>Franchise asal Australia yang berdiri sejak tahun 2001 ini mulai merambah Indonesia pada Desember 2011 lalu. Selain di Indonesia, Sticky juga hadir di beberapa negara seperti Singapura, Hongkong, Malaysia, dan Amerika Serikat. Di Indonesia sendiri, Sticky masih berada di bawah naungan PT Gading Food, sebuah perusahaan yang bergerak dalam pengelolaan resto dan gerai makanan di Indonesia yang juga menjadi pemegang lisensi Sticky Indonesia.</p>\n\n<p>Seperti yang terlihat di Mall Taman Anggrek, Jakarta Barat, interior Sticky tampak ceria dengan pernak-pernik berwarna cerah. Tak heran jika gerai ini terlihat mencolok di antara gerai lainnya. Atraksi para pembuat permen <em>(candy maker)</em> yang tengah memainkan adonan gula secara manual pun menjadi daya tarik tersendiri bagi pengunjung.</p>\n\n<p>Gerai Sticky memang tak pernah sepi. Pengunjung yang awalnya hanya melihat-lihat kesibukan para <em>candy maker </em>yang<em> good looking </em>itu, pada akhirnya tergoda juga untuk membeli permen buatan Sticky. Bahkan menurut pengakuan Marketing &amp; Promotions Manager Sticky Indonesia Juliwina, sebelum membeli Sticky, banyak pengunjung yang minta foto bareng dengan para <em>candy maker</em>. Memang, ini adalah strategi andalan Sticky untuk menggaet pelanggan.</p>\n\n<p>Uniknya, pembuatan permen secara tradisional ini dikolaborasikan dengan keterampilan khusus, seperti teknik memahat dan menghibur pengunjung. Dengan tangkas, para <em>candy maker</em> mengolah adonan gula yang telah matang di atas <em>cooling table</em>. Setelah dicampur dengan perasa dan pewarna makanan, adonan tersebut diuleni dan dibentuk memanjang berdasarkan susunan warna menyerupai batang bambu, untuk kemudian dipotong kecil-kecil. Agar lebih menarik, tiap potongan permen selalu dihias dengan gambar-gambar lucu ataupun tulisan. Alhasil, lapisan luar permen tampak berwarna-warni sedangkan bagian dalamnya putih bergambar. Meskipun bentuk dan gambarnya tidak sama persis, namun nilai seninya begitu terlihat. Hal ini karena permen Sticky dibuat langsung menggunakan tangan manusia.</p>\n\n<p>&ldquo;Sticky terbuat dari campuran gula pasir, air, pewarna, dan perasa makanan alami, tanpa pengawet dan tanpa perekat (gluten). Aman dikonsumsi segala usia. Dan satu lagi, meskipun sebenarnya gula itu tidak ada masa <em>expired</em>, namun disarankan permen Sticky dikonsumsi paling lama enam bulan setelah kemasan dibuka,&rdquo; himbau Juli.</p>\n\n<p>&nbsp;</p>\n\n<p><strong>Habiskan 70 kg &ndash; 100 kg Gula Pasir Per Hari</strong></p>\n\n<p>Ada dua jenis permen yang ditawarkan Sticky, yakni <em>rock candy</em> dan lolipop. Semua dikreasikan dalam 200 varian bentuk dan rasa, mulai dari buah-buahan, kopi, mint dan lain-lain. Harga per kemasan mulai Rp 12.000 &ndash; Rp 89.000, untuk ukuran 35 gram &ndash; 225 gram. Selain berisi satu jenis permen, ada juga kemasan yang berisi rasa campuran.</p>\n\n<p>Setiap harinya, gerai Sticky mampu mengolah sekitar 70 &ndash; 100 kg gula pasir untuk dijadikan permen. Meskipun enggan menyebutkan nominal omzetnya, namun diperkirakan pendapatan per harinya mencapai jutaan rupiah. &ldquo;Karena <em>handmade</em>, apapun kita bisa bikin sesuai permintaan <em>customer</em>. Misalnya motif dan inisial huruf. Bahkan, banyak <em>customer</em> yang memesan Sticky untuk dijadikan suvenir pernikahan. Sejak pertama kali buka, kami sudah menerima lebih dari ribuan <em>order</em>, dengan batasan minimum pemesanan adalah 6 kg,&rdquo; jelasnya.</p>\n\n<p><strong>Tawarkan Kemitraan</strong></p>\n\n<p>Kini, Sticky Indonesia telah membuka tiga cabang baru di Living World Serpong, Kuningan Jakarta Selatan, dan Bandung.&nbsp; &ldquo;Jika ada calon investor yang ingin bergabung menjadi mitra Sticky, ada beberapa persyaratan yang memang ketat dari kami. Sebab, jika ada satu pemegang <em>franchise</em> yang tidak menjalani kewajibannya dengan baik atau menyalahgunakan peraturan, maka yang akan kena dampaknya adalah seluruh gerai Sticky yang lebih dulu berdiri. Itu mengapa hampir dua tahun kami berdiri, belum ada calon investor yang sesuai dengan standar yang telah ditetapkan oleh Sticky. Yang mendaftar sangat banyak, tapi setelah diseleksi, ternyata masih belum ada yang tepat,&rdquo; urainya.</p>\n\n<p>Juli menambahkan, jika berminat, calon investor bisa langsung menghubungi manajemen Sticky Indonesia. Mengenai angka investasinya pun Juli tidak bisa menyebutkan karena beberapa alasan. &ldquo;Tim kami akan kembali menghubungi calon investor untuk wawancara mengenai data diri, <em>background</em> bisnis mereka sebelumnya, alasan mereka ingin mengambil <em>franchise </em>Sticky, dan <em>project </em>ke depannya setelah ia membuka Sticky, serta apakah dia sudah memilih lokasi yang tepat untuk membuka gerai Sticky?&rdquo; terangnya panjang lebar.</p>\n\n<p>Diakuinya, kebanyakan setelah melewati beberapa tahapan seleksi, calon investor banyak yang berguguran. &ldquo;Komitmen <em>franchise</em> itu kan harus dijalani selama lima tahun, sehingga kalau hanya setengah hati kami takut akan berhenti di tengah jalan,&rdquo; ungkapnya.</p>\n\n<p>Lokasi memang menjadi faktor penting, sebab Sticky hanya akan memilih lokasi di mana kelasnya harus <em>premium</em>. &ldquo;Kami lebih mengutamakan lokasi yang berada di mal <em>premium</em>. Pengunjung yang datang ke mal kecil bukan tidak mungkin membeli Sticky, namun daya belinya yang kita lihat. Daripada <em>brand</em> kita rugi lalu tutup. <em>Image </em>seperti itulah yang akhirnya kami hindari. Kami sangat melihat jangka panjang. Investasi tebesar Sticky adalah di peralatan dan <em>main power</em>. Kami sangat menjaga itu. Jangan sampai setelah mengeluarkan investasi yang cukup besar, investor merasa dirugikan karena usahanya berhenti di tengah jalan,&rdquo; katanya memberi alasan.</p>','','ba516881892130e54cadc7c0e1b35d76',4,1372726080,1372726080,'no','live','wysiwyg-advanced','','d5866718e2e16c1','0',4),(24,'2013-07-02 02:53:00','2013-07-02 02:53:00',4,23,'Berawal dari keluhan pelaku usaha katering, Achmad Ferdiansyah berhasil membuat bahan bakar jel untuk pemanas masakan. Ciptaannya itu pun laku keras. Dalam sebulan, tak kurang dari 10.000 unit terjual.','PT Joy International: Rupiah dari Bahan Bakar Jel','pt-joy-international-rupiah-dari-bahan-bakar-jel',14,1,'<p><span class=\"alignment-left\" style=\"float:left\"><img alt=\"green-flame-in-chafing-dish-r.jpg\" data-ibimage=\"true\" src=\"{{ url:site }}files/thumb/ff0a39a2fc4387a/400\" width=\"400\" /> </span>Selama ini, industri katering menggunakan pemanas berbahan bakar spiritus saat menyajikan masakan dalam sebuah pesta atau untuk keperluan hotel. Namun, wujud spiritus yang cair membuat banyak pelaku usaha katering mengeluhkan penggunaan bahan bakar ini, yakni gampang menguap, kurang praktis, dan kurang ekonomis. Atas dasar itu Achmad Ferdiansyah, bersama Ahmed Tessario, mulai meneliti bahan bakar yang tidak cepat menguap ketika kontak dengan udara. Setelah melakukan penelitian selama dua bulan, mereka menemukan formula yang cocok untuk penggantikan spiritus. Ia membuat bahan bakar baru berwujud jel. Bahan dasarnya, alkohol 80% dan bahan pengental. Bahan bakar tersebut&nbsp; dikemas dalam kaleng bekas kemasan susu kental manis. &ldquo;Penggunaan kaleng bekas ini untuk mengurangi pencemaran lingkungan,&rdquo; kata Ferdiansyah. Ia kemudian menamai bahan bakal ini Green Flame.</p>\n\n<p align=\"left\">Bahan bakar berwujud jel ini tidak akan menguap ketika dalam keadaan tertutup baik. &ldquo;Distributor ataupun <em>end user</em> tidak perlu ragu untuk menyimpan stok banyak dalam waktu yang lama,&rdquo; tuturnya.</p>\n\n<p align=\"left\">Berkat ciptaannya, Ferdiansyah mendapat berbagai penghargaan. Di antaranya juara 2 Mandiri Young Technopreneur (2011), juara 2 Kompetisi Bisnis Technopreneur Inovasi Untuk Kesejahteraan Rakyat dari Kementerian Riset dan Teknologi RI (2011), dan Special Award &ndash; Inspiring Business - E-Ideas dari British Council Indonesia (2011).</p>\n\n<p align=\"left\"><strong>20 DISTRIBUTOR</strong></p>\n\n<p align=\"left\">Ferdiansyah tidak hanya mencipta. Ia juga melihat protensi pasar yang begitu besar untuk ciptaannya. Maka, ia segera memproduksinya pada April 2011 dengan modal awal sekitar Rp 14 juta. Produk pertamanya sebanyak 100 kaleng. Produk itu ternyata bisa dijual dengan mudah. &ldquo;Ini sangat luar biasa, dan membuat kami yakin bahwa produk kami dapat diterima oleh pasar,&rdquo; tuturnya. Kini, produk yang ditawarkan telah dibuat menjadi dua macam, dalam bentuk kaleng dan dalam bentuk <em>refill</em> untuk tungku mini.</p>\n\n<p align=\"left\">Untuk memasarkan, Ferdiansyah menggunakan jaringan distributor yang menguasai satu kota atau kabupaten tertentu. Para distributor ini kemudian mencari rekanan agen di wilayahnya. Pola ini dipilih agar ia bisa melakukan penetrasi pasar secara efektif dan efisien. &ldquo;Hanya orang-orang yang mengerti daerah itulah yang dapat mengerti pasar tersebut sehingga percepatan bisnis ini dapat tinggi,&rdquo; jelasnya.</p>\n\n<p align=\"left\">Ferdiansyah pun mempersiapkan sistem bisnisnya. &ldquo;Kami merancang pola distribusi dengan <em>share</em> keuntungan yang menarik sehingga semua orang berkesempatan menjual produk Green Flame di daerahnya masing-masing,&rdquo; tambahnya.</p>\n\n<p align=\"left\">Pola bisnis yang ia pilih ternyata cukup berhasil. Jumlah distributornya terus meningkat. Sampai awal Juni 2013 telah ada 20 distributor di seluruh Indonesia. Mereka di antaranya berada di Surabaya, Malang, Jember, Yogyakarta, Solo, Bandung, Jakarta, Tangerang, Bekasi, Depok, Palembang, Makassar, Balikpapan, Samarinda, dan Pontianak.</p>\n\n<p align=\"left\">Dari usaha ini, kini Ferdiansyah bisa meraih omzet 10.000 unit kaleng dan <em>refill</em> untuk <em>stove</em> per bulan, sebagian besar berupa Green Flame kaleng. Menurut Ferdiansyah, tingkat keuntungan bersih yang ia dapatkan sekitar&nbsp; 30%. Ia mematok harga untuk para distributor Rp 250.000 per dos. Setiap dos berisi 100 kaleng. Sampai di pengguna akhir, Green Flame dijual dengan harga Rp 350.000 per dos. Sementara, <em>stove</em> Green Flame ia jual pada distributor seharga Rp 25.000 per unit dan distributor akan menjual ke pengguna akhir seharga Rp 45.000 per unit.</p>\n\n<p align=\"left\"><strong>PASAR SANGAT LUAS</strong></p>\n\n<p align=\"left\">Memperkenalkan produk baru memang tidak gampang. Itulah yang dirasakan Ferdiansyah ketika memulai usaha ini. Masih banyak pengusaha katering yang belum mau menggunakan produknya. Sempat pula muncul rasa pesimis karena ada produk sejenis dengan harga lebih murah.</p>\n\n<p align=\"left\">Namun, berbekal tekad yang besar Ferdiansyah berkeliling Surabaya untuk menawarkan produk menggunakan sepeda motor. Untung tak dapat diduga. Ada seorang pengusaha katering yang memesan dua dos (200 kaleng) dan harus diterima sore harinya. &ldquo;Karena sangat gembira saya langsung pulang mengambil stok barang. Saya tidak menyadari kalau dengan hanya satu sepeda motor saya tidak mungkin membawa dua dos tersebut. Tapi karena sangat gembira, saya tetap memaksa untuk dapat mengangkut dua dos dalam satu motor.&rdquo;</p>\n\n<p align=\"left\">Ferdiansyah yakin, bisnis bahan bakar jel ini dapat berkembang pesat dan produk dapat diterima oleh pasar. Soalnya, produk <em>Green Flame </em>merupakan bahan habis pakai yang penggunaannya rutin dibutuhkan. &ldquo;Sekali <em>end user</em> memesan maka dalam waktu tertentu mereka pasti akan memesannya kembali. Hal ini tentunya mampu menjaga pemasukan rutin bagi agen dan distributor,&rdquo; ujarnya.</p>\n\n<p align=\"left\">Pasar produk Green Flame juga sangat luas. Mulai dari pengusaha katering, hotel, rumah makan, sampai TNI/Polri. Selain itu, pencinta alam dan pramuka, laboratorium penelitian, toko penyedia alat masak bagi pengusaha katering, dan toko bangunan yang biasa menjual spiritus juga menjadi target pasar bahan bakar ini. Target pasar tesebut mudah sekali didapatkan di setiap daerah dan jumlahnya juga sangat banyak.</p>\n\n<p align=\"left\">Untuk memikat dan memperbanyak pelanggan, Ferdiansyah selalu mendatangi pelanggan satu per satu dan memberikan edukasi kepada mereka. Ia juga menanyakan masukan untuk memperbaiki produknya. &ldquo;Setelah dilakukan edukasi tentang produk yang kami tawarkan, banyak pelanggan kami yang merasa puas dengan produk kami.&rdquo; Dari sini, kepercayaan diri terus menerus tumbuh untuk memasarkan produk ini. (<strong>Gede</strong>).</p>\n\n<p><strong>LEBIH EKONOMIS</strong></p>\n\n<p align=\"left\">Green Flame bisa menutupi kelemahan spiritus. Beberapa kelebihannya dibadingkan dengan bahan bakar spiritus di antaranya:</p>\n\n<ul>\n	<li align=\"left\">Lebih hemat 30% dibandingkan dengan spiritus karena proses pembakarannya lebih lambat. Satu Green Flame dapat menyala selama 2,5 &ndash; 3 jam.</li>\n	<li align=\"left\">Lebih praktis karena dikemas di dalam kaleng.</li>\n	<li align=\"left\">Apinya berwarna biru bersih sehingga tidak merusak <em>chafing dish</em> (wadah makanan prasmanan).</li>\n	<li align=\"left\">Mudah dan aman untuk didistribusikan karena dikemas dalam kaleng.</li>\n	<li align=\"left\">Bisa disimpan dalam waktu lebih lama karena tidak akan menguap ketika dalam keadaan tertutup baik.</li>\n</ul>','','0e06f08fd586e32e6484ddcf2b6adeda',4,1372708380,1372708380,'no','live','wysiwyg-advanced','','ff0a39a2fc4387a','0',4),(25,'2013-07-02 14:57:00','2013-07-02 14:57:00',4,24,'Kepiting yang dipanen waktu ganti kulit (moulting) harga jualnya tinggi. Cangkangnya lunak sehingga mudah dikonsumsi. Bibit kepiting berat 1-1,5 ons (kondisi cangkang keras) harganya Rp. 15.000 – 20.000 per kg. Lima belas hari kemudian, kepiting akan moulting dan dijual Rp. 50.000 – 65.000 per kg.','Kepiting Cangkang Lunak : Tunggu 15 Hari,  Harganya Berlipat','kepiting-cangkang-lunak--tunggu-15-hari-harganya-berlipat',4,1,'<p style=\"text-align: justify;\">Di antara aneka &nbsp;jenis <em>seafood,</em> kepiting termasuk salah satu yang digemari. Meski untuk menikmatinya perlu &nbsp;upaya keras menghancurkan cangkangnya.&nbsp; Jenis kepiting konsumsi antara lain <em>Scylla serrata</em> dan <em>Scylla transquebarica</em>, &nbsp;yang biasa hidup di air payau di antara akar mangrove. Ada 3 cara pembudidayaannya. Pertama, menggunakan instalasi jala atau jaring yang diapit kayu berbentuk kotak. Kedua, menggunakan boks plastik besar yang bisa diisi 10 ekor bibit kepiting. Ketiga, pakai boks plastik kecil yang berisi satu kepiting.</p>\n\n<p style=\"text-align: justify;\"><span class=\"alignment-none\"><img alt=\"Scylla Serrata\" data-ibimage=\"true\" src=\"{{ url:site }}files/thumb/97600d2600556e1/800\" width=\"800\" /> <span class=\"image-caption\">Scylla Serrata</span> </span></p>\n\n<p style=\"text-align: justify;\"><span class=\"alignment-none\"><img alt=\"Scylla Transquebarica\" data-ibimage=\"true\" src=\"{{ url:site }}files/thumb/817602f55ab8796/800\" width=\"800\" /> <span class=\"image-caption\">Scylla Transquebarica</span> </span></p>\n\n<p style=\"text-align: justify;\">Rato, warga desa Kutawaru, Cilacap, Jawa Tengah, &nbsp;mencium peluang gurihnya bisnis&nbsp; kepiting tahun 2005, di tambaknya seluas 850 m<sup>2</sup> . Tambak &nbsp;air payau dengan instalasi jembatan bambu, yang terletaknya dekat laut. Boks berisi kepiting disusun berjajar sepanjang jembatan sehingga mudah mengamati perkembangan kepiting. Di antara jembatan ada daratan yang ditanami bibit tanaman bakau.</p>\n\n<p style=\"text-align: justify;\">&nbsp;&ldquo;Saya tidak pakai jaring lagi karena pelihara kepiting untuk pembesaran. Jaring bisa dipakai kalau tidak ada kepiting yang dibesarkan di dasar tambak. Kalau ada kepiting di bawah, capitnya bisa merusak jaring,&rdquo; tutur Rato, lulusan Akademi Perikanan Yogyakarta.</p>\n\n<p style=\"text-align: justify;\">Penggunaan boks besar atau kecil mempengaruhi biaya produksi. &ldquo;Boks kecil lebih mahal, satu boks harganya Rp. 15.000. Kalau boks besar harganya Rp. 10.000 bisa diisi 10 ekor. Untuk 500 ekor bibit atau 50 kg bibit, butuh biaya Rp. 7,5 juta dengan boks kecil. Tapi kalau pakai boks besar biayanya Rp. 500.000,&rdquo; begitu Rato memberi perbandingan.</p>\n\n<p style=\"text-align: justify;\">Namun memakai boks besar punya kelemahan. Lantaran sifatnya yang &nbsp;kanibal, kalau telat mengambil&nbsp; kepiting yang sudah <em>moulting, </em>ada resiko ia menjadi santapan kepiting lain yang cangkangnya masih keras. Untuk mencegah itu, bisa dilakukan <em>mutilasi </em>alias pemotongan kaki dan capit sehingga tersisa sepasang kaki renangnya. Tindakan ini juga berfungsi supaya kepiting lebih cepat ganti kulit.</p>\n\n<p style=\"text-align: justify;\">&nbsp;</p>\n\n<p style=\"text-align: justify;\"><strong>Seleksi bibit</strong></p>\n\n<p style=\"text-align: justify;\">Kunci sukses usaha terletak pada kualitas bibit. Oleh karena itu pilihlah bibit yang sehat untuk mengurangi resiko kematian. Cirinya, kepiting terlihat segar, tidak tampak lemas. &nbsp;&ldquo;Bibit yang punya semacam tumor atau benjolan di tubuhnya, <em>ngga</em> bakalan bisa <em>moulting</em>,&rdquo; kata Rato sembari menunjukkan kepiting yang bertumor.</p>\n\n<p style=\"text-align: justify;\">Jika seleksi bibit dilakukan dengan teliti, resiko kematian bisa ditekan hingga nol persen. Bibit kepiting per kg berisi 10-12 ekor diletakkan dalam boks di tambak, 15 hari kemudian bisa dipanen dengan berat &nbsp;sama tapi dalam kondisi cangkangnya sudah lunak. Makin besar ukuran kepiting waktu untuk ganti kulit lebih lama, sampai 1-2 bulan.</p>\n\n<p style=\"text-align: justify;\">Selain itu harus jeli mengamati kondisi bibit hampir <em>moulting</em> atau tidak. Kalau waktu bibit diambil kondisi cangkang sudah keras dan cangkang dekat capit agak terbuka, tandanya kepiting hampir ganti kulit. &ldquo;Ada bibit yang 2-3 hari ditaruh di tambak sudah <em>moulting</em>. Kalau sudah biasa, bisa ngeliat yang hampir ganti kulit sama yang masih lama,&rdquo; kata Rato.</p>\n\n<p style=\"text-align: justify;\">Untuk mempercepat proses pergantian cangkang, kita perlu melakukan mutilasi pada kakinya. Ketika dipanen, semua organ yang dipotong itu kembali muncul lengkap tapi dalam kondisi kulitnya lunak.&nbsp;</p>\n\n<p style=\"text-align: justify;\">&nbsp;</p>\n\n<p style=\"text-align: justify;\"><strong>Tiap hari panen </strong></p>\n\n<p style=\"text-align: justify;\">Proses memanen tak serentak. Tiap pagi, siang, sore Rato menyusuri jembatan sembari memperhatikan boks-boks berisi kepiting. Bila di dalam boks kecil terlihat seperti ada dua ekor kepiting, berarti si kepiting baru <em>moulting, </em>harus segera diambil, kemudian dimasukkan ke dalam <em>freezer</em>. &ldquo;Kalau telat ngambil 1-2 jam saja, cangkangnya mulai mengeras lagi, <em>ngga</em> lunak seperti ini,&rdquo; ujarnya Rato sembari menunjukkan seekor kepiting yang baru diambil dari dalam boks.</p>\n\n<p style=\"text-align: justify;\"><span class=\"alignment-none\"><img alt=\"Panen Kepiting\" data-ibimage=\"true\" src=\"{{ url:site }}files/thumb/ced709f278108a1/800\" width=\"800\" /> <span class=\"image-caption\">Panen Kepiting</span> </span></p>\n\n<p style=\"text-align: justify;\">Kalau sudah banyak, kepiting dijual Cilacap dan Jakarta. Kalau beli di rumah, harganya Rp. 50.000/kg. Kalau konsumen minta kepitingnya diantar, ia menjual Rp. 60.000/kg. Untuk pasar Jakarta harganya Rp. 65.000/kg. Menurut pengakuannya, beberapa kali ada permintaan dari eksportir tapi&nbsp; saat ini &nbsp;belum &nbsp;bisa menyanggupi. Pasalnya, ia kesulitan memperoleh bibit. Ada masa dimana bibit sulit didapat, ada pula masa banyak bibit. Karena ketersediaan bibit yang tak menentu, ia sulit memenuhi permintaan kontinu dari eksportir. &ldquo;Sampai sekarang belum ada <em>hatchery</em> buat kepiting, jadi bibit sulit didapat,&rdquo; begitu Rato menuturkan tantangannya.</p>\n\n<p style=\"text-align: justify;\">Selain dijual mentah, Rato juga memenuhi permintaan dalam bentuk matang. Ada momen wisata kuliner yang digelar tiap Sabtu-Minggu di kota Cilacap. Permintaan kepiting <em>crispy</em> atau saos tiram, tiap weekend sekitar 10 kg. Kalau dijual dalam kondisi matang, harganya menjadi Rp. 120.000 per kg.</p>','','3076806683453b8b79ea0e9ea904078e',4,1372751820,1372751820,'no','draft','wysiwyg-advanced','4f15499007693b528c9185e85b5db4c9','a95d6dd75bd3a1e','0',4),(26,'2013-07-02 07:54:00','2013-07-02 07:54:00',4,25,'Permintaan pasar atas aneka snack untuk berbagai keperluan tidak pernah surut. Begitu pula orang yang menekuni bisnis penyediaan snack untuk acara-acara tersebut jumlahnya ribuan. Namun  yang menawarkan paket kemitraan BO (Business Opportunity) masih jarang. Ceruk inilah yang dimanfaatkan pengusaha aneka kue Quemama, untuk membuka bisnis kemitraan snack box.','Quemama: Jaminan Pengalaman Dalam Pembuatan Snackbox','quemama-jaminan-pengalaman-dalam-pembuatan-snackbox',1,7,'<p><span class=\"alignment-left\" style=\"float:left\"><img alt=\"img_1627-r.jpg\" data-ibimage=\"true\" src=\"{{ url:site }}files/thumb/a4d5eb3ecfcc790/400\" width=\"400\" />&nbsp; </span>Quemama menyediakan aneka kue lezat seperti bola-bola cokelat atau keju, soes strawberry atau <em>choho chip</em>, pastel panggang, risoles cocktail atau risoles mayonnaise (risonaise), cake pudding, pie buah, dan masih banyak lagi. &ldquo;Sebenarnya menu jenis kue yang kita produksi jumlahnya ratusan, tapi yang paling banyak dicari konsumen hanya sekitar 20 jenis saja. Makanya kita fokus dengan kue favorit tersebut,&rdquo; kata Asdwin Noor pemilik Quemama.</p>\n\n<p>Menurut Asdwin, pembeli BO mirip fungsinya dengan agen pemasaran dari kue-kue tersebut. Yang membedakan, mitra BO tak hanya berhak menyandang <em>brand</em> Quemama tapi juga memperoleh berbagai dukungan yang diperlukan dalam pengembangan bisnis, seperti layaknya model <em>franchise</em> atau waralaba pada umumnya Tak heran, Asdwin memperoleh penghargaan sebagai pemenang kategori spirit dalam ajang <em>Small Medium Enterpreneur Award </em>2010.</p>\n\n<p>Dukungan yang ditawarkan Asdwin antara lain <em>problem solving</em> soal strategi bisnis. Berkaca pada pengalaman keluarganya dalam melayani pasar kue selama 20 tahun, ia pun mengenal berbagai strategi penjualan yang cocok untuk bisnis ini.</p>\n\n<p><strong>Utamakan kontinyuitas </strong></p>\n\n<p>Meski usaha catering makanan dan kue sudah dilakukan oleh Sartje Panigoro, ibunda Asdwin sejak puluhan tahun lalu. Namun baru tahun 2008, Asdwin mengemas bisnis kue atau <em>snackbox</em> dalam <em>brand</em> Quemama. Modal Rp 70 jutaan yang ia keluarkan, digunakan untuk mempersiapkan semuanya. Antara lain dengan membuat status badan hukum untuk usahanya dan mendirikan perusahaan dengan nama PT. Pandan Nuri Bersama.</p>\n\n<p>Dalam kurun waktu 2008 hingga 2010, Asdwin mampu membuka tiga gerai sekaligus. &ldquo;Omset di gerai pertama mampu meraih BEP, karena per bulan bisa Rp 20 &ndash; Rp 30 jutaan. Setelah BEP, keuntungan selanjutnya saya gunakan membuka dua cabang lagi, yakni di Mall Ambasador dan Jatiwaringin Pondok Gede. Pembukaan 3 outlet milik sendiri ini ternyata mampu menarik calon investor untuk membeli BO Quemama,&rdquo; jelas Asdwin.</p>\n\n<p>. &ldquo;Saat ini jumlah mitra sudah 15<em> outlet</em> yang tersebar di Jabodetabek dan Bandung. Kebanyakan mereka ambil paket <em>booth</em>. Bahkan ada yang dua minggu sudah balik modal, tergatung dari lokasi dan kelihaian mitra dalam mencari <em>market</em>,&rdquo; sebutnya.</p>\n\n<p>Untuk mitra harga kue dari Asdwin adalah Rp 2.200, sedangkan mitra menjual ke konsumen seharga Rp 4.000. &ldquo;Memang keuntungan saya sebagai supplier untuk per <em>pieces</em> kue lebih kecil dari mitra, tapi yang saya utamakan adalah kontinyuitas,&rdquo; lanjut Asdwin.</p>\n\n<p><strong>Menjaga prinsip 4 P </strong></p>\n\n<p>Dalam menjalankan usahanya prinsip 4P, yaitu <em>Product, Price, Place, and Promotion</em><em>, </em>benar benar diperhatikan Asdwin. Hal pertama yang dilakukan agar nama produk menancap di benak konsumen adalah membuat <em>brand</em> yang menarik. Ia sengaja menggunakan jasa desainer grafis untuk membuat logo Quemama. &ldquo;Saya memikirkan sampai detil, misalnya soal pemilihan warna. Misalnya warna oranye dipilih karena bisa menggugah selera makan, lalu paduannya dengan kuning dan cokelat supaya serasi,&rdquo; papar Asdwin yang sebelumnya bekerja di sebuah perusahaan pengeboran minyak dan gas nasional.</p>\n\n<p><em>Tagline</em> : <em>More than just snack in the box. It&rsquo;s art, </em>dipilih lantaran terilhami pesan sang ibu. &ldquo;Ibu saya bilang, membuat kue bukan sekedar teknik mencampur bahan-bahan sesuai resep yang ada. Membuat kue sama seperti membuat karya seni,&rdquo; katanya menirukan.</p>\n\n<p>Dalam menentukan harga Asdwin mematok sama untuk setiap jenis kue yaitu Rp 4.000. &ldquo;Pertama kita kan paling banyak melayani pesanan<em> snackbox</em>. Nah jika harga satu <em>box</em> Rp 13.500, konsumen bebas memilih tiga jenis kue apa saja seharga Rp 12.000, sisanya yang Rp 1.500 adalah air mineral dan box-nya,&rdquo; terangnya.</p>\n\n<p>Memang sekilas terkesan mahal. &ldquo;Kami memang menyasar konsumen yang mau membeli kue dengan harga tersebut. Jadi, kualitas rasa pun harus sesuai dengan harga itu,&rdquo; kata Asdwin.</p>\n\n<p>Asdwin juga mengalokasikan dana tersendiri untuk promosi. Setiap mengikuti pameran, Asdwin selalu menyediakan kue gratis bagi para pengunjung. Adapula bonus beli 5 gratis 1 agar konsumen mau jadi pelanggan tetap. Selain melalui pameran dan website, pendekatan dengan berbagai komunitas diakui sangat efektif karena melalui <em>event-event</em> yang diadakan beragai perusahaan, Quemama selalu mendapat bagian sebagai penyedia konsumsi.</p>\n\n<p>Bulan Ramadhan kemarin, Quemama mendapat pesanan dari Pertamina untuk menyediakan takjil 2.500 <em>box</em> /hari di 50 SPBU di Jabodetabek dan Bandung. &ldquo;Saya menyediakan takjil selama 28 hari penuh. Karena saya harus berbagi keuntungan dengan mitra, akhirnya saya bagi sesuai daerah masing-masing. Untuk mitra di Bandung melayani kebutuhan untu 10 SPBU, mitra di Tangerang kebagian 6 SPBU, mitra di Bogor dapat 3 SPBU, di Bekasi 1 SPBU, sedangkan sisanya 30 SPBU di Jakarta saya yang pegang. Dengan begitu mitra merasa terbantu omsetnya,&rdquo; jelas pria kelahiran 17 Maret 1976 ini bersemangat.</p>','','6263351a2f7d1a0a66369eb3ce0063f9',4,1372726440,1372726440,'no','live','wysiwyg-advanced','','a4d5eb3ecfcc790','0',4),(27,'2013-07-02 15:05:00','2013-07-02 15:05:00',4,26,'Pipa polyvinylchlorida (PVC) atau yang lebih dikenal sebagai paralon ternyata bisa dikreasi menjadi barang kerajinan unik. Caranya, pipa dibakar pada suhu tertentu sehingga menghasilkan guratan yang membuat tampilan pipa mirip serat kayu.','Ilham Wirahadikusumah : Furnitur Antik dari Pipa Plastik','ilham-wirahadikusumah--furnitur-antik-dari-pipa-plastik',6,1,'<p><span class=\"alignment-none\">&nbsp;&nbsp;&nbsp;&nbsp;&nbsp;&nbsp;&nbsp;&nbsp;&nbsp;&nbsp;&nbsp; &nbsp; &nbsp; &nbsp; &nbsp; &nbsp; &nbsp; &nbsp; &nbsp; &nbsp;&nbsp; &nbsp; &nbsp;&nbsp;&nbsp;&nbsp;&nbsp; <img alt=\"Ilham - Handicraft\" data-ibimage=\"true\" src=\"{{ url:site }}files/thumb/2b7b1fe4b1e255c/800\" width=\"800\" /> &nbsp;&nbsp;&nbsp;&nbsp; <span class=\"image-caption\">Ilham - Handicraft </span></span></p>\n\n<p style=\"text-align: center;\">&nbsp;</p>\n\n<p style=\"text-align: justify;\">Ilham Wirahadikusumah, warga Cibolang, Cisaat, Sukabumi, Jawa Barat, menemukan teknik pembakaran paralon secara tak sengaja, pada tahun 2003. Mantan &nbsp;kontraktor ini punya hobi membuat aneka barang kerajinan. Awalnya ia membuat kerajinan dari kayu. Namun, karena kayu makin sulit didapat dan pesaing dari sesama pengrajin kayu makin banyak,&nbsp; Ilham mencoba mengutak-atik bahan baku selain kayu jadi barang kerajinan. Setelah mencoba beberapa alternatif lain, pilihannya jatuh pada bahan paralon. &nbsp;</p>\n\n<p style=\"text-align: justify;\">Produk kerajinan yang dihasilkan antara lain wadah tisu, lampion, wadah botol, pigura lukisan, meja-kursi, dan sebagainya. Barang-barang tersebut dijual dengan kisaran harga Rp. 100.000 sampai jutaan rupiah. Selain itu ia juga menyediakan kerajinan &nbsp;murah meriah, seperti gelang, gantungan kunci, kalung, dan lain-lain. &ldquo;Kalau yang ukuran kecil ini harganya Rp. 10.000 &ndash; Rp 30.000.&rdquo; kata Ilham.</p>\n\n<p style=\"text-align: justify;\"><strong>Dikenal lewat Pameran</strong></p>\n\n<p style=\"text-align: justify;\">Saat pertama kali &nbsp;diajak &nbsp;Pemda Sukabumi berpameran di Jakarta, Ilham tak yakin hasil karyanya bakal laku. Dari pameran&nbsp; di gedung SMESCO, Jakarta, Oktober 2009,&nbsp; ia meraup omzet&nbsp; Rp 65 juta. Hasil penjualan sekitar 200 item barang kerajinan yang dibawanya. Keikutsertaannya dari pameran ke pameran membuat karyanya makin dikenal. Bahkan,&nbsp; kebanjiran order dari konsumen dalam dan&nbsp; luar negeri.</p>\n\n<p style=\"text-align: justify;\">Sayangnya, kenaikan permintaan tak mampu diimbangi dengan peningkatan kapasitas produksi. Karena seluruh proses produksi dikerjakan secara manual sehingga tak bisa menghasilkan produk secara massal. Permintaan dari Australia, Jepang, dan Cina baru bisa dipenuhi dalam jumlah kecil karena kapasitas produksinya baru&nbsp; sekitar 300 item/bulan. &nbsp;Maklum, Ilham masih mengerjakan sendiri proses pembuatan produk, terutama saat pembakaran dan proses finishing. Ia hanya memiliki dua karyawan yang dinilai sudah terampil. &ldquo;Menemukan orang yang telaten dan terampil mengerjakan kerajinan ini tak mudah. Saya berniat memberi pelatihan kepada para pemuda di kampung ini supaya cukup tenaga untuk mengerjakan banyaknya pesanan,&rdquo; tutur Ilham yang sedang memproses paten untuk teknik pembakaran paralon.</p>\n\n<p style=\"text-align: justify;\">&nbsp;</p>\n\n<p style=\"text-align: justify;\"><strong>Terus berkreasi Ciptakan Karya</strong></p>\n\n<p style=\"text-align: justify;\">Salah satu syarat kesuksesan sebuah usaha adalah selalu menawarkan produk baru ke konsumen. Untuk itu Ilham juga terus menciptakan bentuk baru dari kreasi pipa. Awalnya, ia memadukan pipa dengan lampu untuk membuat lampion. Selanjutnya, ia memadukan sapuan cat di kanvas dengan pigura yang terbuat dari lempengan paralon bakar.</p>\n\n<p style=\"text-align: justify;\">Selain membuat bentuk-bentuk baru, ia juga bereksperimen untuk menghasilkan warna-warna baru. Kalau awalnya ia hanya melapisi paralon bakar dengan lapisan (<em>coating</em>) berupa varnish atau pelitur sehingga warna produk mengkilap kecoklatan persis kerajinan dari kayu. Berikutnya, ia mencoba beberapa cat dan teknik pengecatan sehingga produk yang dihasilkan juga berwarna seperti warna logam. Misalnya keperakan atau warna tembaga.</p>\n\n<p style=\"text-align: justify;\"><span class=\"alignment-none\"><img alt=\"Karya_Ilham_1\" data-ibimage=\"true\" src=\"{{ url:site }}files/thumb/eebcaa277d3956b/800\" width=\"800\" /> <span class=\"image-caption\">Karya_Ilham_1</span> </span></p>\n\n<p style=\"text-align: justify;\">&nbsp;&nbsp;&nbsp;&nbsp;&nbsp;&nbsp;&nbsp;&nbsp;&nbsp;&nbsp;&nbsp;&nbsp;&nbsp;&nbsp;&nbsp;&nbsp;&nbsp;&nbsp;&nbsp;&nbsp;&nbsp;&nbsp;&nbsp;&nbsp;&nbsp;&nbsp;&nbsp;&nbsp;&nbsp;&nbsp;&nbsp;&nbsp;&nbsp;&nbsp;&nbsp;&nbsp;&nbsp;&nbsp;&nbsp;&nbsp;&nbsp;&nbsp;&nbsp;&nbsp;&nbsp;&nbsp;&nbsp;&nbsp;&nbsp;&nbsp;&nbsp;&nbsp;&nbsp;&nbsp;&nbsp;&nbsp;&nbsp;&nbsp;&nbsp;&nbsp;&nbsp;&nbsp;&nbsp;&nbsp;&nbsp; <span class=\"alignment-none\"><img alt=\"Karya_Ilham_2\" data-ibimage=\"true\" src=\"{{ url:site }}files/thumb/bb33cfa110c551f/400\" width=\"400\" /> <span class=\"image-caption\">Karya_Ilham_2</span> </span></p>\n\n<p style=\"text-align: justify;\">Produk unik dan beragam, bisnis pun kian berkembang.</p>','','56d97b3d35b5f8cc6f89a984a53e3bce',4,1372752300,1372752300,'no','draft','wysiwyg-advanced','fdebdab5e3d5f0f7dbdd62e93663c445','5454b902e5c0e45','0',4),(28,'2013-07-02 03:11:00','2013-07-02 03:11:00',4,27,'Diversivikasi pemanfaatan energy alternatif berdampak pada terbukanya peluang bisnis di bidang lain. Salahsatunya adalah pengembangan converter kit untuk bahan bakar.','Kreasi Inovasi Modul: Peluang Pengembangan Konverter Kit','kreasi-inovasi-modul-peluang-pengembangan-konverter-kit',14,1,'<p><span class=\"alignment-left\" style=\"float:left\"><img alt=\"dscn6255-r.jpg\" data-ibimage=\"true\" src=\"{{ url:site }}files/thumb/a63d682133093df/400\" width=\"400\" /></span>Menurut Abdul Kosasih, staf ahli dari Kreasi Inovasi Modul yang telah berhasil berinovasi menemukan <em>converter kit</em> untuk LPG, <em>converter kit </em>pada dasarnya adalah produk &ldquo;<em>manufactures after markets</em>&rdquo; yang berfungsi untuk mengkonversi bahan bakar CNG, LPG dan ethanol kendaraan atau pembangkit tenaga listrik. Dalam hal ini, bahan bakar yang dikonversi disesusuaikan dengan kerja mesin. Sehingga pemanfaatan bahan bakar gas atau ethanol dapat diterapkan pada mesin berbahan bakar minyak. Bagian terpenting dari <em>converter kit</em> yaitu GCU (<em>Gas Control Unit). </em>Perangkat ini dibangun dengan komponen elektronik yang berupa&nbsp; IC dan <em>microcontroller</em>. Berfungsi sebagai pengatur besaran - besaran bahan bakar dan pengapian. Dengan demikaian,&nbsp; performa dan efiosiensi yang diperoleh dapat dimaksimalkan. Dalam perkembangannya, alat ini disebut sebagai <em>tuning</em> dan <em>setting</em>.</p>\n\n<p>Pria yang juga anggota Koperasi Industri Komponen Otomotif Indonesia ini menandaskan, bahwasannya konverter gas ada 2 macam. Meliputi konver kit jenis open dan tertutup. Konverter tertutup diaplikasikan untuk mobil EFI. Dis sisi lain, mobil berkarburator menggunakan <em>converter </em>terbuka. Menurutnya, konverter tertutup lebih aman bila dibandingkan dengan <em>converter</em> terbuka. Sehingga teknologi seperti ini aman diterapkan untuk mobil EFI. Mobil seperti ini seluruh aliran gas nya tertutup. Namun demikian, bukan berarti kendaraan dengan sistem bahan bakar karburator tidak memiliki harapan menggunakan BBG. &ldquo;Sistem karburator harus dimodifikasi terlebih dulu menjadi semi EFI. Sehingga konverter yang diterapkan menggunakan sistem tertutup,&rdquo;imbuhnya.</p>\n\n<p><strong>CNG vs LPG</strong></p>\n\n<p>Saat ini, <em>converter</em> yang banyak diterapkan adalah <em>converter&nbsp;</em> CNG (<em>Compressed Natural Gas</em>). Abdul nengukapkan, CNG adalah gas bertekanan tinggi sehingga mengandung risiko lebih tinggi dibanding LPG (<em>Liquid Petoleum Gas</em>).&nbsp; Disamping itu, CNG memiliki kapasitas kecil. &ldquo;Makanya sering mengisi 1 hari bisa 3 kali pengisian,&rdquo; paparnya. Kira-kira 6 tahun lalu, kebijakan penerapan CNG pernah diberlakukan.&nbsp; Dua puluh persen taksi yang beroperasi di Jakarta wajib menggunakan&nbsp; bahan bakar CNG. Akan tetapi, kebijakan tersebut tak berlangsung lama. &ldquo;Soalnya kapasitasnya kecil. Ketika habis dan dipaksakan, dapat menyebabkan kendaraan mengalami kerusakan,&rdquo; tuturnya. Di Malaysia, pengaplikasian bahan bakar CNG dimungkinkan. Sebab, di negara tersebut setiap 300 &ndash; 400 meter terdapat stasiun pengisian bahan bakar gas.</p>\n\n<p>Mencermati fenomena tersebut, Abdul pun berinovasi. Terciptalah converter kit untuk LPG. Penerapan converter LPG lebih aman dibanding dengan converter CNG. Kelebihan lain yaitu, memiliki kapasitas lebih besar. Satu buah tabung LPG 12 kg bisa digunakan untuk menggerakkan mesin mobil dengan jarak tempuh 220 km. Dari sisi keamanan, perangkat ini dilengkapi dengan sistem keamanan ganda. &ldquo;Tabungnya telah aman karena terstandar SNI. Tabung gas dibalut lagi dengan pengaman kedap gas,&rdquo; cetusnya. Kemasan pengaman selubung tabung gas terbuat dari plastik <em>polyetilen</em>. Dilengkapi dengan rangka dengan sensor temperatur.</p>\n\n<p>Ketika beroperasi, tabung akan mengalami penurunan suhu. Agar suhu bisa tetap konstan, kemasan tabung dilapisi aluminium&nbsp; yang dihubungkan dengan kenalpot. Kalor yang bersumber dari kenalpot akan menjaga suhu tabung agar tidak terlalu dingin. Sedangkan besar-kecilnya aliran gas diatur dengan regulator. &ldquo;Tekanan dalam pipa dijaga agar tetap konstan sebesar 18 &ndash; 20 psi,&rdquo; kata Abdul. Setelah mendekati jarak tempuh 220 km, gas perlahan-lahan akan habis. Tekanan gas berkurang. Pengguna tak perlu khawatir, sebab alat ini telah dilengkapi dengan perangkat otomatis yang mampu mengganti bahan bakar gas menjadi bensin. &ldquo;Ketika tekanan mengecil, bensin akan mengalir sedikitdemi sedikit. Nah, lalu bila gas habis, mobil akan kembali menggunakan bensin 100%,&rdquo; kata Abdul. <em>Converter kit</em> buatan Abdul ini bisa dipesan seharga Rp 7,5 juta - 8 juta. Sementara <em>converter kit</em> buatan luar negeri dibanderol Rp 12 juta - 15 juta.</p>\n\n<p>Indikator pada konverter kit yang beredar saat ini menggunakan tabung <em>fix</em>. Peralatan sensor bahan bakar gas dalam tabung dipasang didalamnya (<em>build in</em>) seperti halnya tangki BBM. Untuk <em>converter kit</em> produk dalam negeri menggunakan tabung fleksibel yang terdapat diwarung-warung. Sehingga indikator gas dipasang diluar tabung. Dengan memanfaatkan tekanan pada jalur distribusi gas. Bila gas dalam keadaan penuh, jarum menunjuuk pada warna hijau, akan habis menunjuk warna kuning dan sudah habis jarum mengarah pada warna merah (<strong>Teguh</strong>).</p>','','96e82c49689952c41384ccd58371b31d',4,1372709460,1372709460,'no','live','wysiwyg-advanced','','4a3bbe5ece5482f','0',4),(29,'2013-07-02 08:06:00','2013-07-02 08:06:00',4,28,'Kemitraan Sekolah putik, cocok menjadi pilihan bagi mereka  yang ingin berbisnis di bidang pendidikan dengan tetap mengedepankan idealisme. Di tengah menjamurnya  jasa sekolah yang menawarkan sistem pendidikan berbahasa asing dan kecanggihan teknologi, Sekolah Putik justru mendidik anak bersandar pada nilai-nilai lokal untuk mengantarkan anak percaya diri dan mandiri.','Sekolah Putik: Berbasis Nilai Lokal, Mendidik Anak Mandiri','sekolah-putik-berbasis-nilai-lokal-mendidik-anak-mandiri',9,7,'<p><span class=\"alignment-left\" style=\"float:left\"><img alt=\"putik-2-r.jpg\" data-ibimage=\"true\" src=\"{{ url:site }}files/thumb/5da10340664e107/300\" width=\"300\" />&nbsp;</span>Sekolah Putik didirikan oleh Nina Estanto (40), pada tanggal 7 April 2002. Ide ini muncul terdorong keprihatinannya akan sistem pendidikan prasekolah di tanah air, yang menurutnya tidak tepat. Suatu ketika Nina hendak memasukkan putri pertamanya ke tingkat prasekolah. &rdquo;Saya sudah berkeliling menyurvei hampir semua sekolah, namun tak ada yang sesuai dengan idealisme saya. Semua hanya menawarkan janji agar anak bisa secara instan menguasai bahasa asing, teknologi internet, dan sebagainya,&rdquo; ujar Nina. &ldquo;Anak-anak bukanlah mesin yang bisa diatur untuk menuruti kemauan orang tua,&rdquo; tambah wanita yang pernah bekerja sebagai jurnalis media cetak ini. Menurutnya, anak bisa jenuh dan kehilangan minat belajar jika di usia dini sudah dipaksa untuk berpikir. Apalagi menguasai berbagai bahasa di usia yang belum waktunya.</p>\n\n<p>Sebelumnya Nina sempat ikut sang suami, Bob Dafonso Estanto yang berdinas di Skotlandia. Sambil menemani sang suami, Nina melanjutkan pendidikan jurnalistik di <em>University of Strathclyde.</em> Pengalamannya tinggal di negeri orang, memberi pelajaran berharga. Hatinya terketuk saat menemukan fakta baru tentang pola pendidikan anak usia dini. Di Inggris, anak-anak usia balita tidak dipaksa untuk belajar baca tulis. Mereka justru diajarkan tentang kemandirian. Misalnya bagaimana cara memegang roti atau sendok supaya bisa makan sendiri, bagaimana memakai sepatu, <em>toilet training</em>, bagaimana mereka bisa bersosialisasi dengan teman. Kebanyakan orang tua di sana tidak menerapkan gaya pendidikan modern, tapi justru menerapkan budaya lokal sejak dini. &ldquo;Seperti contohnya, anak-anak dibiasakan mengucapkan kata<em>&quot;please</em>&quot; jika ingin meminta sesuatu dari orang lain,&rdquo; lanjutnya.</p>\n\n<p><strong>Sekolah Berbasis Nilai Lokal</strong></p>\n\n<p>Dalam proses belajar-mengajar Sekolah Putik lebih menerapkan aspek-aspek sosial, emosional, budi pekerti, dan agama. Awalnya pendidikan prasekolah Sekolah Putik berdiri dengan modal sekitar Rp 200 &ndash; Rp 300 juta. Uang itu digunakan untuk merombak sebuah ruangan kosong di samping rumah orang tuanya menjadi kelas, beserta segala peralatan belajar mengajar. &ldquo;Saya rangkul teman-teman saya dari jurusan psikologi dan teman yang sudah berpengalaman sebagai pengajar prasekolah anak untuk membantu program saya merintis sekolah ini,&rdquo; lanjutnya.</p>\n\n<p>Dalam waktu kurang dari seminggu, Nina berhasil mendapatkan 20 murid. Setahun kemudian, Sekolah Putik membuka cabang baru di Jalan Binamarga Cipayung yang akhirnya kini justru menjadi sekolah pusat. Gedung sekolah yang diberi nama &ldquo;Rumah Putik&rdquo; memadukan unsur pendidikan, permainan, galeri, dan rumah modern.</p>\n\n<p>Di sini, para murid diajarkan nilai-nilai lokal seperti menyapa guru dengan sebutan &ldquo;Ibu&rdquo;, bukan &ldquo;Miss&rdquo;, dan menyebut pegawai lain di sekolah dengan panggilan &ldquo;Mbak&rdquo; atau &ldquo;Mas&rdquo;. Selain itu sosialisasi seperti menyapa teman dan guru setiap berpapasan, serta <em>toilet</em> <em>training</em> demi kemandirian sang anak.</p>\n\n<p>Hasilnya, sebagian besar lulusan Sekolah Putik tampil sebagai anak yang penuh percaya diri. Salah satunya adalah Cinta Kuya (anak dari artis Uya Kuya) &ldquo;Sebagai pendiri Sekolah Putik, saya juga menjadikan anak pertama sebagai percobaan. Semua guru di sini saya pesan untuk memperlakukan anak saya layaknya murid yang lain. Saya ingin buktikan idealisme terbukti atau tidak? Ketika masuk SD, dia sama sekali tidak bisa bahasa Inggris. Tapi, seiring dengan usianya yang sudah mampu menerima bahasa asing, dengan sendirinya ia bisa menangkap dengan mudah setiap materi yang diajarkan guru,&rdquo; jelasnya.</p>\n\n<p><strong>Peluang k</strong><strong>emitraan</strong></p>\n\n<p>Konsep Putik yang unik, menjadi daya tarik tersendiri bagi beberapa investor yang ingin bermitra. Namun Nina tidak sembarang menerima mitra usaha. Baginya, bermitra adalah salah satu cara untuk memperluas konsep dan metode pendidikan yang ia terapkan.</p>\n\n<p>&ldquo;Jika bermitra dengan Putik, jangan harap mendapat keuntungan instan. Yang terpenting adalah mempertahankan idealisme Putik dan terjun langsung dalam kegiatan operasional,&rdquo; katanya. Salah satu mitra pertama dari tahun 2005 hingga saat ini masih membuka cabang di Duren Sawit, Jakarta Timur. Untuk menjaga idealisme dan kualitas pendidikan, Nina tak segan untuk mengontrol dan mendampingi mitranya dalam kegiatan operasional.</p>\n\n<p>Saat ini sekolah Putik memiliki 300 siswa yang tersebar di Cipayung, Duren Sawit, dan Cinere. Atas permintaan para orang tua pula, pada 2009 berdirilah Sekolah Dasar Putik di Cipayung. &ldquo;Untuk tingkat SD, bahasa bilingual mulai kami terapkan, karena mereka sudah memiliki kemampuan untuk mempelajari bahasa lebih dari satu, misalnya Indonesia dan Bahasa Inggris,&rdquo; jelas Nina.</p>\n\n<p><strong>Info Franchise</strong></p>\n\n<p>Sekolah Putik Cipayung<br />\nCP : Nina Estanto<br />\nJl. Raya Binamarga No. 45 A<br />\nCipayung, Jakarta Timur 13840<br />\n​Telp : 021- 8455138</p>','','71570b707c45760a559a7c4af63791c6',4,1372727160,1372727160,'no','live','wysiwyg-advanced','','5da10340664e107','0',1),(30,'2013-07-02 15:18:00','2013-07-02 15:18:00',4,29,'Meski  pangsa pasarnya terbatas,  tak berarti peluangnya ciut.  Justru keunikan produk ini menjadi daya tarik  terutama bagi kolektor dan turis asing.  Terbuat dari baja impor, pisau tradisional dari  berbagai daerah dihiasi ukiran hand-made.  Selain pasar manca negara, Bali Blade juga membuat pisau komando kesatuan elite TNI.','Bali Blade:  Produk Spesifik  Bernilai Jual Tinggi','bali-blade-produk-spesifik-bernilai-jual-tinggi',6,1,'<p style=\"text-align: justify;\">&nbsp;&nbsp;&nbsp;&nbsp;&nbsp;&nbsp; &nbsp;&ldquo;Pisau kami &nbsp;bukan sekadar souvenir&nbsp; buat &nbsp;pajangan saja.&nbsp; Namun juga fungsional,&rdquo; papar <strong><em>Decky Roverdi &nbsp;</em></strong>pemilik Bali Blade produsen pisau souvenir, sambil mendemokan pemotongan kertas. &nbsp;Usaha ini dirintisnya &nbsp;bersama Boby, sang kakak &nbsp;tahun 2004 di &nbsp;Jl. Legian, Bali. &nbsp;Kakak beradik ini menyukai kegiatan <em>out door</em> atau pecinta alam.&nbsp; Selain mengoleksi berbagai pisau, Boby&nbsp; gemar &nbsp;membaca literatur tentang pisau. Itulah sebabnya, &nbsp;ia mengenal seluk-beluk pisau lebih detil.&nbsp; Untuk merintis usaha ini, modal awal yang dikeluarkan &nbsp;Rp 200 juta berikut outlet&nbsp; di Legian, Bali.</p>\n\n<p style=\"text-align: justify;\">&nbsp;&nbsp;&nbsp;&nbsp;&nbsp;&nbsp; Selain berorientasi keuntungan, &nbsp;usaha ini juga mengusung&nbsp; idealisme&nbsp; untuk mengenalkan berbagai jenis pisau atau senjata tradisional khas Indonesia.&nbsp; Menurutnya, setiap daerah memiliki senjata khas.&nbsp; celurit dari Madura, kujang dari Jawa Barat, &nbsp;mandau dari Kalimantan,&nbsp; belum lagi aneka keris .&nbsp;</p>\n\n<p style=\"text-align: justify;\"><span class=\"alignment-none\">&nbsp;</span><span class=\"alignment-none\"><img alt=\"Bali Blade Masterpiece\" data-ibimage=\"true\" src=\"{{ url:site }}files/thumb/bc542944cddca15/400\" width=\"400\" /></span><span class=\"alignment-right\" style=\"float:right\">&nbsp; </span><span class=\"alignment-none\"> <span class=\"image-caption\">Bali Blade Masterpiece</span> </span></p>\n\n<p style=\"text-align: justify;\">&ldquo;Tiap pisau memiliki cerita, sejarah dan fungsi,&rdquo; tutur Decky.</p>\n\n<p style=\"text-align: justify;\">&nbsp;</p>\n\n<p style=\"text-align: justify;\"><strong>Pisau komando Paskhas</strong></p>\n\n<p style=\"text-align: justify;\">&nbsp;&nbsp;&nbsp;<span class=\"alignment-left\" style=\"float:left\"><img alt=\"MILITARY KNIVES\" data-ibimage=\"true\" height=\"275\" src=\"{{ url:site }}files/thumb/ca8fbdb00d3195b/200\" width=\"110\" /> <span class=\"image-caption\">MILITARY KNIVES</span> </span>&nbsp;&nbsp; Bila pada awal operasinya,&nbsp; Bali Blade baru memproduksi 50 item pisau / bulan, kini&nbsp; sudah berhasil memproduksi sekitar 200 &ndash; 300 &nbsp;jenis pisau.&nbsp; &nbsp;Pisau-pisau buatan Bali Blade diminati para kolektor.&nbsp; Diakui &nbsp;Decky, bidang ini termasuk <em>special interest</em> yang tak sembarang orang menyukai. Namun demikian, nilai jualnya sangat tinggi.&nbsp; &nbsp;Untuk memasarkan produknya, Decky menembus komunitas pisau.&nbsp; Cara pemasaran seperti ini sangat efektif.&nbsp; Teknik pemasaran lain yang mereka lakukan yaitu ikut serta dalam acara pameran baik di dalam maupun luar negeri.&nbsp; Pria ini juga ikutserta dalam komunitas pisau internasional.&nbsp; Bali Blade melayani pemesanan baik model maupun bahan pisau. &nbsp;&ldquo;Kami pernah menerima order ratusan pisau komando Paskhas,&rdquo; tutur Decky.&nbsp; &ldquo;Standar mutunya disesuaikan dengan standar yang mereka miliki,&rdquo;imbuhnya.&nbsp;</p>\n\n<p style=\"text-align: justify;\">&nbsp;<span class=\"alignment-left\" style=\"float:left\"> </span>Selain pisau khusus,&nbsp; Bali Balde juga memproduksi &nbsp;pisau untuk keperluan rumah tangga.&nbsp; Dimulai dari pisau kupas buah, pisau daging.&nbsp; &ldquo;Untuk pisau daging saja jenisnya ada banyak. Ada yang khusus untuk membelah dan memotong,&rdquo; paparnya. &nbsp;Jenis &nbsp;pisau Kukri, senjata khas dari&nbsp; Nepal, &nbsp;paling banyak diminati.&nbsp; Pisau ini dihargai Rp 2,5 juta untuk ukuran medium. Meskipun berasal dari Nepal, pisau ini dihiasi dengan motif khas Indonesia. Ukiran dibuat secara manual dengan tangan. Seluruh produk yang dihasilkan merupakan <em>hand made</em> atau buatan tangan.&nbsp;</p>\n\n<p style=\"text-align: justify;\">&nbsp;&nbsp;&nbsp; Saat ini Bali Blade telah memiliki <em>show room</em>&nbsp; di daerah Menteng Dalam, Jakarta Pusat.&nbsp; Omzet yang berhasil diraup setiap bulan berkisar antara Rp 50 juta / bulan.&nbsp; Pangsa pasar yang paling bagus yaitu di Belanda, Bulgaria, Yunani dan Afrika Selatan.&nbsp; &nbsp;&nbsp;&nbsp;&nbsp;&nbsp;&nbsp;</p>','','534be10d400ec82f1488dfe0b7f3969e',4,1372753080,1372753080,'no','draft','wysiwyg-advanced','9aeeef572678d251ff09686e0fbd0f17','f5476f5596a3294','0',4),(31,'2013-07-02 15:23:00','2013-07-02 15:23:00',4,30,'Sempat grounded diterjang krisis ekonomi, pengrajin pesawat model ini mampu bangkit lagi dengan suntikan dana PT. Antam. Apalagi sebagai souvenir atau cenderamata, miniatur pesawat ini  tidak hanya dipesan kalangan maskapai penerbangan, tapi juga oleh masyarakat luas dan kolektor.','Aircraft Models &amp; Souvenir : Yang laris Boeing dan Airbus','aircraft-models-and-souvenir--yang-laris-boeing-dan-airbus',6,1,'<p>Salah satu usaha pembuatan miniatur &nbsp;model &nbsp;pesawat yang berpengalaman&nbsp; adalah <em>Papatong Classic Model, Aircraft Models &amp; Souvenir</em> , yang berlokasi&nbsp; di desa Cikarawang, Kecamatan Dramaga, Kab.Bogor.&nbsp;&nbsp; Melati Lestarini dibantu Saefulloh, &nbsp;yang mengelola usaha ini adalah&nbsp; generasi&nbsp; kedua dari&nbsp; sang empu pembuat miniatur&nbsp; pesawat &nbsp;Harto Alkarim, &nbsp;yang merintis usaha ini sejak 1986.&nbsp; Semula &nbsp;Harto hanya membuat pesawat militer&nbsp; mini &nbsp;untuk memenuhi pesanan&nbsp; TNI. &nbsp;Lama-kelamaan, &nbsp;ia &nbsp;banyak mendapatkan pesanan miniatur&nbsp; pesawat komersial &nbsp;dari berbagai macam maskapai penerbangan. &nbsp;Bentuknya yang halus dan sangat mirip dengan pesawat aslinya membuat kerajinan <em>aircraft</em> model ini disukai &nbsp;baik untuk hiasan maupun cinderamata. Ukurannya mulai dari 20 cm hingga 2 meter.</p>\n\n<p style=\"text-align: justify;\">&ldquo;Tahun 1998, usaha ini &nbsp;sempat terhenti karena krisis ekonomi. Baru tahun 2000, kami bangkit &nbsp;kembali,&rdquo; cerita Saefulloh . Saat ini paling tidak, setiap bulan bisa memproduksi sekitar 200 pesawat. Garuda merupakan konsumen terbesarnya, &nbsp;berikutnya &nbsp;Mandala. Setelah itu baru maskapai penerbangan lainnya, termasuk &nbsp;Singapore Airlines.</p>\n\n<p style=\"text-align: justify;\">&nbsp;</p>\n\n<p style=\"text-align: justify;\"><strong>Fokus pada &nbsp;2 </strong><strong>model </strong><strong>pesawat</strong></p>\n\n<p style=\"text-align: justify;\">Meski jumlah pesawat yang diproduksi banyak, pada dasarnya mereka hanya membuat 2 model, yakni &nbsp;Airbus &nbsp;series dan Boeing series. &ldquo;Garuda pernah memesan sampai 500 Airbus mini,&rdquo; terangnya. Yang agak sulit, adalah memenuhi pemesanan pesawat Boeing 737, karena memiliki beragam seri. Begitupun dengan Boeing &nbsp;747. Yang membedakan hanya dari bentuk kepala atau moncong pesawat. Salah sedikit saja bisa berkibat fatal. Bisa jadi pemesan &nbsp;tidak mau terima.</p>\n\n<p style=\"text-align: justify;\">Karena itu dalam membuat pesawat ini harus teliti dan detil. Terutama saat pengerjaan akhir. &ldquo;Salah amplas saja, bisa berbeda modelnya. Jadi harus benar-benar mengerti tentang jenis pesawat,&rdquo; ucap Saeful yang sehari-harinya mengurusi&nbsp; <em>finishing</em> pesawat. Agar tak salah membuat pesawat yang dikehendaki, &nbsp;cetakan yang digunakan&nbsp; harus benar-benar sesuai dengan gambar atau foto yang ada di komputer. Dari foto di komputer itulah kemudian, ia membuat perbandingan pesawat antara bentuk yang mini dengan aslinya. Sampai didapat miniatur&nbsp; yang persis menyerupai aslinya.</p>\n\n<p style=\"text-align: justify;\">Bahan baku pembuatan pesawat, menggunakan fiber glass yang dicampur&nbsp; resin dan zat katalis. Sebelum bahan-bahan tersebut dicampurkan, &nbsp;cetakan sudah disiapkan &nbsp;terlebih dulu. Tidak serta-merta, satu pesawat hanya satu cetakan, tapi banyak cetakan. Karena itu dalam proses produksinya, ada yang khusus membuat badan pesawat, sayap pesawat, roda, ekor dan sebagainya. Setelah semua bagian itu jadi, baru dirakit menjadi satu pesawat utuh.</p>\n\n<p style=\"text-align: justify;\">&ldquo;Setiap orang mengerjakan bagiannya masing-masing,&rdquo; terang Saeful. Pesawat-pesawat tersebut dikerjakan oleh 20 orang karyawan. Namun bila ada kerjaan membuat pesawat dalam ukuran besar, Saeful biasa&nbsp; memanfaatkan para tetangga rumahnya untuk ikut mengerjakan. Kadang-kadang jumlahnya sampai 80 orang.</p>\n\n<p style=\"text-align: justify;\">&nbsp;</p>\n\n<p style=\"text-align: justify;\"><strong>Tiga kali pinjaman </strong></p>\n\n<p style=\"text-align: justify;\">&nbsp;&nbsp;&nbsp;&nbsp;&nbsp;&nbsp;&nbsp;&nbsp;&nbsp;&nbsp;&nbsp; Harga untuk masing-masing pesawat beragam. Tergantung jenis, model dan besar-kecil ukurannya. Selain dibentuk miniatur seperti aslinya, ada beberapa pesawat model yang dibuat dengan&nbsp; konsep sebagai asbak. Selain pesawat model sebagai produk utamanya, &nbsp;<em>Papatong</em>&nbsp; juga membuat &nbsp;produk sampingan&nbsp; berupa &nbsp;topi atau gantungan kunci yang berhubungan dengan pesawat.</p>\n\n<p style=\"text-align: justify;\">&nbsp;&nbsp;&nbsp;&nbsp;&nbsp;&nbsp;&nbsp;&nbsp;&nbsp;&nbsp;&nbsp; Kebangkitan usaha pesawat model ini tak lepas dari&nbsp; jasa kemitraan antara Papatong dengan &nbsp;PT Aneka Tambang (Antam). &nbsp;&ldquo;Sejak tahun 2000 kami menjadi mitra binaan Antam. Dalam kurun waktu itu. Papatong memperoleh&nbsp; pinjaman dana ke pihak Antam tiga kali,&rdquo; terang Saefulloh. &nbsp;Masing-masing Rp 50 juta, dengan cicilan per bulan Rp 2,3 juta untuk masa pengembalian selama 2 tahun dalam tiap peminjaman. Selain mendapatkan dana pinjaman usaha melalui program PKBL PT Antam, Papatong juga&nbsp; sering diikutsertakan dalam berbagai macam promosi. Baik itu pameran maupun kegiatan lainnya. Bahkan meski pinjamannya telah lama lunas menurut Saeful,&nbsp; pihaknya sampai sekarang masih sering diikutsertakan dalam berbagai macam ajang pameran.&nbsp; Saeful tetap optimis usaha pembuatan&nbsp; pesawat model &nbsp;prospeknya tetap bagus. Apalagi, saingannya &nbsp;belum banyak. Kalaupun ada sekarang produk dari China yang mulai membanjiri pasaran.</p>','','8c2ecff19845c3fb3039a58d1b90cf22',4,1372753380,1372753380,'no','draft','wysiwyg-advanced','8f9a3527955709265712481de9a6a725','36933ad57f43642','0',4),(32,'2013-07-02 07:58:00','2013-07-02 07:58:00',4,31,'Kalau kita bicara kemitraan tempat olah kebugaran, yang ada di benak kita adalah Go Gym, Fitness First, atau Celebrity Fitness. Ketiganya berbasis di luar negeri. Lantaran itu, Six Pack Gym hadir mengisi kekosongan tempat olah kebugaran asli Indonesia yang dimitrakan.','Six Pack Gym: Segarnya Dana Cash Dari Tempat Olah Kebugaran','six-pack-gym-segarnya-dana-cash-dari-tempat-olah-kebugaran',7,7,'<p><span class=\"alignment-left\" style=\"float:left\"><img alt=\"img_2159s-r.jpg\" data-ibimage=\"true\" src=\"{{ url:site }}files/thumb/9a5317c302af3b6/400\" width=\"400\" />&nbsp; </span>Khususnya menggarap ceruk pasar kelas menengah yang peduli dengan kesehatan dan kebugaran. &ldquo;Selama ini tempat <em>fitness </em>itu terbagi menjadi 2. Kelas menengah atas, yang diwakili oleh tempat <em>fitness</em> besar macam Go Gym, Fitness Center, dan Celebrity Fitness. Kedua, tempat <em>fitness</em> untuk kelas menengah bawah. Biasanya tempatnya kecil, dekat perumahan atau kampus, dan tidak berpendingin udara,&rdquo; ucap Djoko Kurniawan (38), Co-Founder Six Pack Gym.</p>\n\n<p>Karena itulah, bulan Juli tahun 2010, bersama dengan seorang temannya, Djoko, panggilannya mendirikan Six Pack Gym. Sebuah pusat kebugaran dengan ruang yang tidak terlalu besar, namun ber-AC, dan bersih. Tujuannya, agar setiap orang, merasa nyaman berada di tempat ini. Namun dengan biaya keanggotaan yang terbilang murah, hanya Rp 235.000 per bulannya. Dengan biaya sebesar itu, anggota sudah bebas menggunakannya kapan saja. Tak heran kemudian, kalau Six Pack Gym dijadikan sebagai rumah kedua bagi para mahasiswa. Kebetulan salah satunya berada di dekat kampus Universitas Bina Nusantara, Jakarta.</p>\n\n<p><strong>Khas Indonesia</strong></p>\n\n<p>Sebelum membuat Six Pack Gym, Djoko sempat mencari-cari konsep tempat <em>fitness </em>yang cocok<em>. </em>Ia pun mendatangi beberapa tempat olah kebugaran, sampai mendapatkan konsep yang pas. &ldquo;Hal yang kita utamakan di sini dalam pelayanan, yaitu kenyamanan dan kebersihan. Kami memakai prinsip 2H (<em>Healthy &amp; Happy</em>), 2C (<em>Clean &amp; Cheap</em>) dan 2F (<em>Fit &amp; Fun</em>),&rdquo; papar bapak satu anak ini. Mahasiswa dan karyawan menjadi pasar terbesar. Diikuti oleh bapak-bapak dan ibu-ibu. Karena selain tempat olah tubuh, Six Pack Gym juga menyediakan tempat yang bisa digunakan untuk kelas yoga, senam, koreografer dan lainnya.</p>\n\n<p>Ada yang unik dari kehadiran Six Pack Gym dibanding tempat nge-<em>gym</em> lainnya. Yaitu hampir semua peralatan yang dipakai buatan dalam negeri alias lokal. Djoko mengaku mendapatkan berbagai macam peralatan tersebut dari seorang produsen pembuat alat olah tubuh di Bandung. Hanya beberapa alat saja yang masih diimpor dari luar negeri. Seperti <em>treadmill</em>. Djoko mengaku, sebenarnya sudah ada peralatan <em>treadmill</em> yang diproduksi Indonesia namun kualitasnya tidak sebagus yang dari impor.</p>\n\n<p>Selain memakai peralatan lokal, Six Pack Gym juga mengecat semua peralatannya dengan warna merah. Padahal selama ini, perangkat <em>fitness</em> biasanya berwarna hitam atau biru. &ldquo;Warna ini selain menjadi ciri Indonesia, juga berarti semangat. Saya pernah mensurvei pelanggan saya, ternyata mereka lebih menyukai warna merah ketimbang biru,&rdquo; papar Djoko. Untuk mendampingi pelanggan, Six Pack Gym menyediakan <em>trainer</em>. <em>Trainer</em> ini dapat dimanfaatkan oleh siapa saja yang datang ke tempat tersebut.</p>\n\n<p><strong>Janji 1,5 Tahun BEP</strong></p>\n\n<p>Belum lama dibuka, banyak para pelanggan Six Pack Gym yang ingin ikut mengembangkan usaha ini. Baru dua tahun kemudian, tepatnya di tahun 2012 Djoko meluluskan permintaan pelanggannya tersebut. &ldquo;Banyak yang antusias terhadap usaha kami ini. Terutama saat ikut pameran waralaba IFRA kemarin,&rdquo; papar Djoko. Bekasi, Pekanbaru, Tangerang, dan Yogyakarta, merupakan tempat-tempat yang akan didirikan Six Pack Gym di tahun 2012 dengan jalan kemitraan. Tahun depan mitra yang akan digarap sekitar 12. Hingga dalam tempo 5 tahun, ditargetkan sekitar 40-50 mitra di seluruh Indonesia.</p>\n\n<p>Masa kemitraan berlangsung selama 3 tahun dengan investasi sekitar Rp 1 miliar. Biaya itu sudah termasuk di dalamnya sewa tempat, alat-alat <em>fitness</em> baru, renovasi, perizinan, promosi dan persiapan karyawan. &ldquo;Yang masuk ke kita hanya sekitar Rp 125 juta sebagai <em>initial fee</em>,&rdquo; papar Djoko. Dengan perhitungan umlah anggota sekitar 200-250 orang, omzet sebesar Rp 60 juta-Rp 70 juta per bulan bakal diraup. Itu berarti dalam 16 bulan-18 bulan, diprediksi akan balik modal. Perhitungan ini, tambah Djoko sesuai dengan pengalamannya mengelola Six Pack Gym.</p>\n\n<p>Untuk tempat, Djoko mengisyaratkan harus berada dekat beberapa perumahan atau kampus. Kalau bisa berada di pinggir jalan yang ramai. &ldquo;Sebenarnya bisa saja berada di tempat yang agak sepi, tapi biaya promosinya akan lebih besar lagi. Sedangkan bila berada di tempat yang strategis, bisa memotong biaya promosi. Djoko optimis usaha yang dijalankannya bakalan terus berkembang. Apalagi, <em>fitness </em>sudah dijadikan sebagian gaya hidup.</p>','','37ee57ae0a5b24f9e03cd57020475fba',4,1372726680,1372726680,'no','live','wysiwyg-advanced','','9a5317c302af3b6','0',4),(33,'2013-07-02 08:24:00','2013-07-02 08:24:00',4,32,'Biasanya dalam perjanjian kemitraan waralaba, ada klausul, mitra yang telah terputus kemitraannya, tidak boleh mendirikan usaha dan tempat yang sama. Meski dengan  nama berbeda. Tapi tidak dengan bisnis cuci dan salon mobil Washy Washy. Pewaralaba ini  mempersilakan mantan mitranya untuk membuka usaha dan  tempat yang sama pula.','Washy Washy Car Care Center: Jadi Mitra Diajarkan Cara Mandiri','washy-washy-car-care-center-jadi-mitra-diajarkan-cara-mandiri',2,7,'<p>Bahkan Hafid Zen BKN, Direktur Washy Washy mengungkapkan, kemitraan yang dilakukan bisa dianggap sebagai latihan oleh mitra agar kelak ia bisa mandiri. &ldquo;Karena selama menjadi mitra kami 5 tahun akan kami ajarkan semuanya cara berbisnis. Mulai dari manajemen usaha, pelatihan karyawan sampai dengan promosi,&rdquo; terang Hafid. Hal tersebut ia niatkan untuk menularkan kesuksesannya mengelola bisnis <em>car wash &amp; car care</em>.</p>\n\n<p>Washy Washy didirikan sejak tahun 2006 di Bintaro, Tangerang. Segmen pasar yang disasar adalah konsumen kelas menengah ke atas. Ternyata memang pilihannya tidak salah. Dalam tempo tidak berapa lama, berdiri 3 tempat pencucian dan salon mobil tidak jauh dari tempat usaha pertama yang didirikan. Uniknya semua tempat perawatan mobil tersebut selalu ramai. Bahkan di tempat lama pun tidak berkurang konsumennya. Hal itu lantaran, lanjut Hafid, Washy Washy sudah mempunyai konsumen fanatik.</p>\n\n<p><strong>Tularkan Keberhasilan</strong></p>\n\n<p>Keberhasilan itulah yang coba ia tularkan ke orang lain, setelah 6 tahun sukses berbisnis perawatan mobil. Mulai tahun tahun 2012 ini Washy Washy membuka keran waralaba untuk usahanya. Meski baru dibuka, sudah 3 gerai waralaba yang sudah berdiri. Yaitu, di Pondok Indah Jakarta Selatan, Bogor, dan Lampung. Para <em>franchisee</em> tersebut umumnya adalah para pelanggan Washy Washy sebelumnya.</p>\n\n<p>&ldquo;Ada 3 paket <em>franchise</em> yang kita tawarkan. Yaitu paket Bronze, Gold, dan Platinum,&rdquo; papar Hafid. Paket Bronze merupakan paket terkecil. Usaha ini bisa dilakukan dalam skala rumahan, paling tidak bisa memuat 2 mobil untuk perawatan. Lahan yang digunakan untuk usaha ini juga cukup 50 m&sup2; atau lebih, dengan jumlah pegawai berkisar antara 5-10 orang. Paket ini hanya membutuhkan investasi sebesar Rp 300 juta.</p>\n\n<p>Berbeda dengan 2 paket lainnya yaitu Gold dan Platinum, kedua paket ini memang untuk ukuran besar. Lahan yang digunakan untuk paket Gold minimal 600 m&sup2; dengan paket investasi sebesar Rp 700 juta. Sedangkan paket Platinum lahan yang disediakan minimal 800 m&sup2; dengan paket investasi sebesar Rp 800 juta. &ldquo;Pada paket ini, semua peralatan yang kita berikan sama. Hanya pada jumlah hidroliknya saja berbeda. Bila paket Gold kami berikan 4 hidrolik, paket Platinum 6 hidrolik,&rdquo; jelas Hafid. Untuk jumlah karyawan paket Gold membutuhkan hingga 25 orang karyawan, sedangkan paket Platinum sekitar 33 orang.</p>\n\n<p><strong>Dibantu Sampai Berhasil</strong></p>\n\n<p>Pihak <em>franchisee</em> akan dalam mengembangkan usahanya oleh pihak Washy Washy pusat sebagai <em>franchisor</em>. Mulai dari <em>training </em>karyawan, pengelolaan manajemen usaha, promosi ke berbagai macam media sampai dengan <em>grand opening</em>. Bahkan dalam perjalanan rentang waktu kemitraan selama 5 tahun, pihak Washy Washy juga menyediakan waktu sebagai konsultan usaha. Dengan harapan dalam rentang waktu 2-2,5 tahun, pihak mitra sudah bisa balik modal.</p>\n\n<p>&ldquo;Kami mendorong para mitra-mitra kami, nantinya bisa menjadi pengusaha yang mandiri. Tidak apa-apa, bentuk usahanya nanti sama dengan kami setelah lepas menjadi mitra. Berdasarkan pengalaman, ada usaha yang sejenis dengan kami, tidak mengurangi omzet usaha kami,&rdquo; jelas Hafid.</p>\n\n<p>Ia cukup percaya diri, kalau pelanggan tidak akan lari ke jasa perawatan mobil lainnya. Ada beberapa kelebihan, menurut Hafid, yang membuat Washy Washy patut dijadikan pilihan dalam berbisnis perawatan mobil. Pertama, sudah teruji dan berpengalaman dalam usaha. Kedua, bahan-bahan yang digunakan membersihkan dan merawat mobil, menggunakan bahan yang berkualitas. Karena semua bahan yang dipakai diproduksi sendiri. Pelayanan yang diberikan selain jasa cuci mobil, juga ada jasa perawatan mobil (mesin, badan, jendela, interior) dan jasa lainnya, seperti cuci jok, semir mesin, ganti peredam lantai dan sebagainya.</p>','','fa9220deeb4a33c1a1c8d4f91eeebf82',4,1372728240,1372728240,'no','live','wysiwyg-advanced','','dummy','0',4),(34,'2013-07-02 08:34:00','2013-07-02 08:34:00',4,33,'Jumlah total kendaraan di Indonesia yang lebih dari 11 juta unit dipastikan ikut mendongkrak sistem pemantauan lewat teknologi GPS. Terlebih belakangan ini sering terjadinya pencurian kendaraan bermotor, peningkatan efisiensi penggunaan kendaraan, dan alasan-alasan pribadi.','Zet GPS Tracking Solution: Tawaran Laba Pelacakan Kendaraan','zet-gps-tracking-solution-tawaran-laba-pelacakan-kendaraan',2,7,'<p><span class=\"alignment-left\" style=\"float:left\"><img alt=\"cimg4956-r.jpg\" data-ibimage=\"true\" src=\"{{ url:site }}files/thumb/7a280e484915fcf/400\" width=\"400\" />&nbsp;</span>Buat Anda para pebisnis Zet GPS Tracking Solution menawarkan peluang kemitraan bisnis. Sejak berdiri di Jakarta tahun 2005, perusahaan yang didirikan Melanie besama suaminya, memang bergerak di bidang riset pengembangan dan pemasaran produk GPS Tracking Solution. &ldquo;Fokus utama kami adalah memberi nilai lebih kepada para pebisnis di bidang transportasi khususnya atau pemilik kendaraan umumnya dalam melakukan fungsi kontrol terhadap kendaraan operasional ataupun kontrol terhadap pegawai mereka,&rdquo; kata Melanie.</p>\n\n<p>Animo pasar terhadap produk yang ia hasilkan pun ternyata sangat baik. Kebanyakan pelanggannya adalah pengusaha rental mobil dan rental motor, perusahaan cargo, penyewaan alat berat, perusahaan minyak dan gas (untuk armada operasionalnya), perusahaan taksi, perusahaan logistik, dan perusahaan lain yang memiliki kendaraan operasional. Melihat antusias masyarakat yang begitu tinggi terhadap produknya, Melani memutuskan membuka peluang kemitraan dengan sistem <em>franchise</em>.</p>\n\n<p>Dalam 5 tahun Melanie bisa menjual lebih dari 10.000 unit GPS tracking di hampir seluruh pulau di Indonesia. Bahkan sudah ada empat dealer resmi diwilayah Cibubur dan Depok yang ia ajak bekerjasama untuk memasarkan produknya. &ldquo;Kami sudah menjangkau hampir di seluruh Indonesia. Namun terkendala di <em>support</em> karena jauh. Selain menambah cabang, kami ingin perwakilan kami di tiap propinsi dapat melayani konsumen dengan lebih baik,&rdquo; kata wanita yang butuh modal Rp 15 juta untuk memulai usaha ini.</p>\n\n<p><strong>Perlebar Pemasaran</strong></p>\n\n<p>Manajemen yang terstruktur, dan banyaknya pebisnis yang melirik bisnis ini membuatnya yakin penawaran kerjasama melalui sistem waralaba akan membantu pemasaran menjadi lebih cepat. Hal ini terbukti setelah ia mengikuti pameran IFRA di JCC beberapa waktu lalu. Stand-nya banyak dikunjungi calon mitra yang tertarik untuk bekerjasama. &ldquo;Syukurlah kami dapat merekrut 10 mitra gerai dan 5 <em>master franchise</em>,&rdquo; ungkapnya.</p>\n\n<p>Dengan investasi sebesar Rp 200 juta untuk <em>master franchise</em> dan Rp 35 juta untuk gerai, mitra akan mendapatkan kontrak kerjasama selama 3 tahun, mendapatkan barang modal senilai masing-masing Rp 20 juta dan Rp 6,5 juta, satu paket peralatan dan perlengkapan, training karyawan, hak eksklusif penjualan, dan promosi di media massa. Jika harga jual per unit Rp 1,6 juta, maka dengan menjadi <em>master franchise</em>, mitra akan mendapatkan harga spesial hanya Rp 1 juta per unit, dan untuk gerai Rp 1,3 juta per unit.</p>\n\n<p>&ldquo;Kompetitor memang sudah banyak tapi yang mewaralabakan dan merakit sendiri masih sangat jarang. Kebanyakan mereka membeli barang yang sudah jadi dari luar negeri kemudian dipasarkan di Indonesia. Berbeda dengan kami yang sangat fleksibel seandainya diminta klien untuk mengubah alat, karena kami punya tim pengembang sendiri untuk memenuhi kebutuhan. Pembuatan <em>hardware</em> dan <em>software</em> kami lakukan sendiri,&rdquo; lanjutnya.</p>\n\n<p>Melanie juga mengatakan, ternyata banyak produsen dari luar yang ingin penetrasi di Indonesia. Lanie, panggilannya sempat ditawari pengusaha <em>tracking</em> dari luar negeri untuk bekerjasama menjualkan produknya. Tapi ia terpaksa menolak karena harganya terlalu mahal untuk kantung orang Indonesia. Selain itu, Melani juga melayani <em>custome</em> jika ada konsumen yang minta dibuatkan fitur tambahan. &ldquo;Misalnya pada sebuah perusahaan taksi, selain berfungsi sebagai ID driver dan sistem navigasi, sistem GPS ini nantinya akan disambungkan ke sistem manajemen akunting perusahaan tersebut.</p>\n\n<p>Sementara, ketika GPS tracking ini dihubungkan ke argo, maka data argo bisa ditarik dan membentuk akumulasi dalam bentuk pendapatan taksi perhari. Akumulasi tersebut langsung masuk ke manajemen akunting mereka secara otomatis,&rdquo; terang Melanie. Cara ini penting untuk menghindari penyalahgunaan laporan dari seorang pengemudi, mengingat ada beberapa supir taksi yang memakai argo tembak saat beroperasi.</p>\n\n<p>Tambahan fitur tersebut tentunya mempengaruhi harga jual. &ldquo;Bisa sampai Rp 5 juta per unit karena kami menggunakan Android Huawei yang harganya sudah Rp 3 jutaan sendiri,&rdquo; jelasnya.</p>\n\n<p><strong>Langganan Perusahaan Besar</strong></p>\n\n<p>Kualitas Zet GPS Tracking Solutin memang tak perlu diragukan. Sebab, produknya banyak dinikmati oleh lembaga dan perusahaan-perusahaan besar seperti KPK, Adimix, Panorama, Orange Taxi Surabaya, Taksi Premium, Bhineka Sangkuriang, PO Kramat Djati, dan masih banyak lagi. &ldquo;Kalau untuk <em>retail</em>nya adalah rental-rental mobil rumahan. sekarang lagi proses ke Cipaganti dan Blue Bird. Biasanya mereka pesan dalam jumlah hingga ratusan unit,&rdquo; katanya menambahkan.</p>\n\n<p>Dalam sebulan rata-rata omzet yang berhasil diraih Melanie sekitar Rp 500 juta. Tapi ternyata, pendapatan tidak hanya berasal dari penjualan unit, melainkan juga dari abonemen. &ldquo;Abonemen kita gunakan karena alat ini kan menggunakan kartu GSM dengan pulsa Rp 27.500 untuk tiap unitnya. Abonemen tersebut berfungsi sebagai garansi. Misalnya ada kerusakan atau penggantian unit, maka konsumen tidak akan dikenakan biaya, semua kita yang ngurus,&rdquo; ucapnya.</p>','','5ddaedbdccd99a369e5f164a2cb65d4a',4,1372728840,1372728840,'no','live','wysiwyg-advanced','','7a280e484915fcf','0',4),(35,'2013-07-02 08:49:00','2013-07-02 08:49:00',4,34,'Ada 2 konsep kemitraan yang ditawarkan oleh MER Furniture Center (MER). Pertama  konsep franchise. Kedua sistem kerjasama operasional. Dimana pihak mitra menyediakan lahan dan tempat, renovasi gedung dan pengelolaan di lakukan pihak MER pusat dengan sistem pembagian keuntungan profit sharing.','MER Furniture Center: Lebih dari Sekadar Toko Furnitur','mer-furniture-center-lebih-dari-sekadar-toko-furnitur',10,7,'<p><span class=\"alignment-left\" style=\"float:left\"><img alt=\"download.jpg\" data-ibimage=\"true\" src=\"{{ url:site }}files/thumb/b37db384d080d1f/400\" width=\"400\" />&nbsp; </span>&ldquo;Syarat untuk menjadi mitra <em>franchise</em>, selain harus mempunyai jiwa entrepreneur, juga mempunyai tempat usaha dan tentu saja investasi dana,&rdquo; papar Happy Abimanyu, HR &amp; Legal Dept. Head PT Garant Mobel Indonesia (PT GMI) yang membawahi waralaba MER. Untuk syarat luasan tempat, ruang tempat display paling tidak luasnya 600 m&sup2;, diluar tempat untuk gudang. Minimal, tambah Happy, menggunakan 3 ruko. Tentu saja kalau ditambah tempat parkir, lahan dibutuhkan lebih luas lagi. Lokasi juga harus berada di pinggir jalan utama kota yang dilewati 2 lajur kendaraan.</p>\n\n<p>Masa kemitraan dilakukan selama 6 tahun, dengan biaya <em>franchise fee</em> sekitar Rp 100 juta. Biaya tempat sekitar Rp 325.000m&sup2; ditambah biaya gedung, <em>product display</em><em>, </em>dan lainnya. Total jumlah investasi sebesar Rp 600 juta. Jumlah sebesar itu diluar biaya sewa tempat. Dengan investasi sebesar itu, diharapkan dalam 2 tahun, <em>franchisee</em> bisa balik modal. MER pusat sebagai pihak <em>franchisor </em>ikut membantu promosi mitra dalam penjualan produknya. Setidaknya promosi dilakukan 8 kali dalam setahun secara nasional. Selain itu MER juga membantu dalam <em>training</em> karyawan (4 kali dalam setahun), manajemen toko dan penyediaan produk yang dijual.</p>\n\n<p><strong>Mitra di Seluruh Indonesia</strong></p>\n\n<p>Untuk sistem kemitraan kerjasama operasional, pengelolaan, renovasi dan penataan tempat usaha dilakukan sepenuhnya oleh PT GMI. Mitra hanya menyediakan lahan dan tempat usaha sesuai dengan kriteria tempat usaha yang diinginkan oleh pihak PT GMI. Istilahnya kemitraan mandiri. Syarat tempat dan lokasi, sama dengan <em>franchise</em>. Minimum kerjasama dilakukan selama 6 tahun. &ldquo;Sejak mulai MER Furniture Center dimitrakan tahun 2003, sampai saat ini sudah ada sekitar 20 mitra. Dua merupakan mitra mandiri dan 18 <em>franchise</em>,&rdquo; terang Abimanyu, panggilannya.. Terdapat di kota Bandung, Bekasi, Bogor, Jakarta, Depok, Tangerang, Sukabumi, Cirebon, Pekanbaru, Purwokerto, Semarang dan kota-kota lainnya di Indonesia.</p>\n\n<p>MER Furniture Center bukan merupakan waralaba lokal. &ldquo;Kami mengambil <em>franchise</em> dari Jerman, istilahnya sebagai <em>master franchise</em>,&rdquo; tambah Abimanyu. Jadi kalau pihak lain di Indonesia yang ingin ikut menjadi bagian <em>franchise</em> MER harus melalui PT GMI.PT GMI sendiri merupakan anak perusahaan Olympic Grup, perusahaan furnitur terkemuka di Indonesia yang dibuat khusus untuk mewadahi waralaba MER.</p>\n\n<p>Konsumen yang disasar dari MER adalah golongan kelas menengah. Salah satu yang menjadi ciri khas, penataan display di MER disesuaikan dengan &ldquo;produk jualannya&rdquo;. Misalkan yang dijual tempat tidur anak, penataan tempat jualan juga dibuat seperti di kamar anak sesungguhnya. Lengkap dengan berbagai macam pernak-pernik untuk anak. Begitupun jika yang dijual adalah <em>kitchen set</em>. Penataan tempat jualan juga seperti di dapur sesungguhnya. Harapannya, ungkap Abimanyu, para pelanggan bisa membayangkan kalau produk yang dijual tersebut di rumah.</p>\n\n<p><strong>Produk Eksklusif</strong></p>\n\n<p>Untuk produk furnitur yang dijual, terbagi menjadi 2 kelompok. Yaitu produk regular dan produk eksklusif. Produk furnitur regular, berarti produk-produk yang dibuat dijual juga di toko furnitur lainnya. Biasanya harga jualnya tidak terlalu mahal. Sedangkan produk furnitur eksklusif. produk yang dibuat atau diimpor dari luar negeri, khusus untuk dijual toko-toko MER. Sekitar 40% produk yang dijual merupakan furniture eksklusif. Tentu saja produk eksklusif tersebut, tidak akan dijual di toko lainnya.</p>\n\n<p>Setidaknya ada sekitar 50 pemasok yang bekerjasama dengan MER. Meski dari jumlah tersebut, hanya ada sekitar 11 pemasok yang aktif. Dalam artian, produk yang dikirim ke MER mencapai jumlah penjualan tertinggi. Selain itu juga, MER juga disokong oleh <em>inhouse factory</em> yaitu pabrik Olympic Furniture yang memang khusus membuat produk untuk MER. Produk yang dijual, hampir semua perabot rumah tangga ada. Diantaranya <em>bedroom,</em> <em>livingroom</em>, <em>home office</em>, <em>upholtery</em> , <em>kitchen set</em> dan lain-lain.</p>\n\n<p>Boleh dibilang, MER Furniture Center ini merupakan salah satu <em>franchise</em> toko furnitureterbaik di Indonesia. Hal ini ditandai dengan seringnya MER mendapatkan penghargaan bergengsi. Diantaranya dari Asosiasi Franchise Indonesia yaitu sebagai <em>Popular Franchise</em> tahun 2006, <em>Prospective Franchise and Business Concept 2006</em>, <em>The Best Franchise</em> MER tahun 2007, <em>nominee Indonesia Franchisor of The Year 2008</em> dan <em>2009</em>.</p>','','27bf846631c919272a88c88e0793b6fd',4,1372729740,1372729740,'no','draft','wysiwyg-advanced','e7d672aa655a22ebf100d2ad7f268f0a','b37db384d080d1f','0',4),(36,'2013-07-02 08:59:00','2013-07-02 08:59:00',4,35,'Sekitar 27.966 M³ sampah  per hari tertimbun di Jakarta.  Bila diolah, dapat dihasilkan biometan sebanyak 78165 m kubik / hari. Atau setara dengan 34,731 ton gas LPG.','PT. Cipta Visi Sinar Kencana: Pembangkit Listrik Swasta Tenaga Sampah','pt-cipta-visi-sinar-kencana-pembangkit-listrik-swasta-tenaga-sampah',14,1,'<p><span class=\"alignment-left\" style=\"float:left\"><img alt=\"dscn6101-r.jpg\" data-ibimage=\"true\" src=\"{{ url:site }}files/thumb/adae8c981216847/400\" width=\"400\" />&nbsp; </span>Bagi yang tak segan berinovasi dan tak pernah lelah berkreasi, peluang bisa ditemukan kapan saja dan dimana saja. Bahkan di balik bencana pun bisa ditemukan hikmah penuh peluang. Adalah Sosnson Garsoni, pengusaha kompos dan alat-alat pengolahan sampah di Banjaran, Bandung Selatan, Jawa Barat. Pria kreatif ini melakukan inovasi pemanfaatan gasbio sebagai bahan bakar alternatif penggerak genset. &ldquo;Ide awalnya muncul ketika peristiwa longsor TPA Leuwigajah terjadi,&rdquo; paparnya. Menurutnya, longsornya timbunan sampah itu dipicu oleh adanya desakan atau ledakan gasbio. &ldquo;Hikmahnya, kita bisa tahu sebenarnya sampah bisa menghasilkan sumber tenaga yang luar biasa, yaitu gasbio,&rdquo; paparnya.</p>\n\n<p>Lebih jauh lagi Sonson menjelaskan, sesungguhnya biogas masih bisa diolah lagi menjadi gas bernama biometan. &ldquo;Kandungan metan dalam biogas rendah. Hal itulah yang menyebabkan nyala kompor sering mati,&rdquo; papar pria kreatif ini. Agar menjadi biometan, gasbio harus dimurnikan dulu. Proses ini disebut sebagai langkah <em>methane purifier</em>. Sebelum dimurnikan, gasbio mengandung bermacam unsur yang tidak diperlukan dalam proses pembakaran. Diantaranya yaitu air dan hydrogen sulfide (H2S). Kedua senyawa tersebut menjadi penyebab melorotnya daya bakar.</p>\n\n<p>Alat pemurnian biogas (methane purifier 24150) terbuat dari tabung logam nir karat, berdiameter 24 inci ( 30 cm), tinggi 150 cm. Dilengkap dengan silinder media. Didalamnya diisi pellet penyerap sebanyak 25 kg. Tabung ini mampu menahan tekanan lebih dari 10, 5 bar. Sedangkan kemampuan pemurniannya yaitu 40 m3/ hari. Tugas utama peranti ini sebenarnya yaitu menjadi pemerangkap ( absorbers) karbondioksida ( CO2) , Hidrogen Sulfida ( H2S) , dan air ( H2O) sehingga menaikan komposisi kandungan gas metan murni dalam total biogas.</p>\n\n<p>Berkat alat ini, kandungan NH4 bisa dikentalkan hingga 80%. Gas biometan inilah yang dimanfaatkan sebagai bahan bakar penggerak genset, atau pengganti BBM. Menurut pemaparan Sonson, Gas Biometan sebanyak 1m kubik setara dengan 0,6 liter premium atau setara dengan 0,46 kg gas elpiji. Biogas Digestar berkapasitas 3.000 liter / hari mampu menghasilkan biometan sebesar 4,3 m kubik / hari. Kapasitas tersebut setara dengan 2 kg gas elpiji atau berkemampuan menyalakan genset pembangkit listrik 1.000 watt selama 4 jam. Atau setara dengan 5 kWH.</p>\n\n<p>Bio Digester berkapasitas 3.000 liter tersebut mampu mencerna cacahan sampah hingga 1 m kubik / hari. Sementara itu di kota-kota besar terdapat timbunan sampah berribu-ribu meter kubik dalam setiap hari. Di Jakarta sekurang-kurangnya 27.966 M&sup3; per hari tertimbun. Sedikitnya 65% dari buangan tersebut adalah sampah organik atau sebesar 18178 M. Bila sampah tersebut diolah menjadi biometan, itu artinya ada sebanyak 18178 unit biodigester tipe BD 3000L bisa dioperasikan di Jakarta. Lebih rinci lagi, biodigester sebanyak itu mampu menghasilkan biometan sebanyak 78165 m kubik / hari. Atau setara dengan 34,731 ton gas LPG. Seniali dengan 11577 buah tabung gas LPG isi 3 kg yang sekarang dibandrol Rp 13.000 &ndash; 14.000. Bila dirupiahkan? Peluang yang menggiurkan.</p>\n\n<p>Peluang lain yang terbuka yaitu penyedia sarana biodigester. 1 unit biodigester tiper BD 3000L bisa dipesan dari Sonson seharga Rp 9,9 juta. Saat ini biodigester buah tangan Sonson telah tersebar paling tidak di 10 titik. Beberapa diantaranya berkapasitas 7.000 liter. &ldquo;Salah satu proyek saya yang terbesar berlokasi di Cikupa, Tangerang. Disana biodigester tersebut dimanfaatkan untuk sarana pemanfaatan limbah gulma eceng gondok,&rdquo; papar pria berusia 51 tahun tersebut.</p>\n\n<p>Menurut Sosnson, pengembangan teknologi gasbio cocok diterapkan di daerah sentra peternakan, kawasan yang banyak terdapat timbunan sampah serta daerah yang menghadapi masalah gulma, utamanya eceng gondok. Untuk memasarkan produk seperti ini dibutuhkan edukasi terhadap masyarakat atau calon pengguna. Untuk menghadapi tantangn tersebut, Sonson rutin melakukan pelatihan pemanfatan sampah sebagai sumber gasbio.</p>','','94bc9c956fa18234ff1304ebc83d2ea5',4,1372730340,1372730340,'no','draft','wysiwyg-advanced','a3c4f12e4157e3fcd49bda102090944e','b3b79d9d33522b2','0',4),(38,'2013-07-02 16:35:00','2013-07-02 16:35:00',4,36,'Judul di atas merupakan beberapa contoh dari cara  Indriasari  mengemas dan memberi sentuhan kreatif menu masakan di Resto Burger Batoknya. Dengan pendekatan unik yang membedakannya  dari usaha kuliner lain,  resto ini mengusung slogan  Think Globally, Burger Locally','BUrger Batok : Makan Mie Ningrat,  Minumnya Kopi Kuwalat','burger-batok--makan-mie-ningrat-minumnya-kopi-kuwalat',1,1,'<p style=\"text-align: justify;\">&nbsp;&nbsp;&nbsp;&nbsp;<span class=\"alignment-none\"><img alt=\"Burger Batok\" data-ibimage=\"true\" src=\"{{ url:site }}files/thumb/edf9656474dac96/800\" width=\"800\" /> <span class=\"image-caption\">Burger Batok</span> </span></p>\n\n<p style=\"text-align: justify;\">&nbsp;&nbsp;&nbsp;&nbsp; Berawal hari hobi memasak sejak gadis, Indriasari &nbsp;selalu berinovasi menciptakan menu-menu unik yang belum ada di pasaran. Wanita yang pernah bekerja sebagai karyawati sebuah perusahaan ini, dulu sempat&nbsp; punya usaha sampingan katering. Dalam perjalanannya, ia lebih tertarik menekuni bisnis &nbsp;kuliner. Ia pun memutuskan untuk keluar dari tempatnya bekerja dan memfokuskan diri sebagai wirausaha. &ldquo;Kalau kerja kantoran, seperti dikejar-kejar waktu. Ngurus anak pun jadi keteteran. Beda dengan sekarang, saya santai dan bisa membagi waktu antara bisnis dan keluarga,&rdquo; cerita Indri.</p>\n\n<p style=\"text-align: justify;\">&nbsp;&nbsp;&nbsp;&nbsp; Ide mendirikan Burger Batok muncul tidak sengaja. Indri yang gemar mengoleksi benda-benda unik, sering melihat kerajinan &nbsp;batok di daerah Bantul, Yogyakarta. &ldquo;Saya lihat kok batoknya itu lucu-lucu. Dari situ saya mendapat ide untuk menjadikan batok sebagai wadah burger. Saya beli beli batoknya langsung dari pengrajin. Harganya15 ribu,&rdquo; ujar Indri.</p>\n\n<p style=\"text-align: justify;\">&nbsp;&nbsp;&nbsp;&nbsp;&nbsp; Sekitar Maret 2008,&nbsp; bermodal Rp 75 juta, ia membuka Burger Batok bersama sang suami. &nbsp;Dengan kreatifitas yang dimiliki, &nbsp;Indriasari &nbsp;memodifikasi burger buatannya dengan isi lokal yang 100% Indonesia. Inilah burger pertama di dunia yang disajikan di dalam Batok. &ldquo; Resep burger batok &nbsp;adalah resep keluarga, baik itu daging, roti, ataupun mayonaisenya. Jadi rasa seperti ini tidak dapat ditemui di tempat lain,&rdquo; tambah Indri.</p>\n\n<p style=\"text-align: justify;\">&nbsp;</p>\n\n<p style=\"text-align: justify;\"><span style=\"font-size:14px;\"><strong>Ciptakan Keunikan</strong></span></p>\n\n<p style=\"text-align: justify;\">&nbsp;&nbsp;&nbsp;&nbsp;&nbsp;&nbsp; Jika semula Indri hanya menjual burger, kini menunya semakin barvariasi. Ada sekitar 25 jenis makanan dan minuman di sini. Menyewa lahan di kawasan Waroeng Taman, Indri menghias rumah makannya dengan nuansa Jawa yang kental. Ini terlihat dari berbagai ornamen penghias &nbsp;dinding bangunan. Seluruh tembok tertutup poster besar bergambar Punakawan (Semar, Gareng, Petruk dan Bagong). Indri juga menyediakan lesehan yang tertata apik di samping kedainya.</p>\n\n<p style=\"text-align: justify;\">&nbsp;&nbsp;&nbsp;&nbsp; Mengusung &nbsp;slogan &nbsp;<em>&ldquo;Think Globally, Burger Locally&rdquo;</em> (tidak ada satu sen pun royalti mengalir ke negara lain), Indri ingin menyentuh para penikmat burger dengan semangat nasionalisme. Ini dapat dilihat pada kemasan burger batok, yang 100%&nbsp; berbahan lokal.</p>\n\n<p style=\"text-align: justify;\"><span class=\"alignment-left\" style=\"float:left\"><img alt=\"Mie Ningrat\" data-ibimage=\"true\" src=\"{{ url:site }}files/thumb/9f30e2e10e6fdab/400\" width=\"400\" /> <span class=\"image-caption\">Mie Ningrat</span> </span>Selain burger, masih banyak menu makanan dan minuman yang tak kalah unik. Salah satunya <em>Mi Ningrat</em>. Disebut ningrat karena mi godok ini disajikan di atas <em>hotplate</em>. Ada juga <em>Mbah Spageti</em> dan <em>Pakde Hotdog</em>, dan <em>Bloger</em> yakni persilangan kebab dan burger. &nbsp;&nbsp;</p>\n\n<p style=\"text-align: justify;\">&nbsp;Kesan nyleneh pun tercermin pada nama nama jenis minuman. Sebut saja <em>Kopi kuwalat.</em> Menurut Indri kopi ini sengaja diberi nama kuwalat karena gelasnya disajikan terbalik dengan bibir gelas menempel pada permukaan piring. Sedotannya juga &nbsp;disajikan terbalik. &ldquo;Asal tidak ada celah yang mengakibatkan udara dari luar masuk ke dalam gelas, maka kopi ini tidak akan tumpat atau luber,&rdquo; jelas Indri tentang kopi kuwalat.</p>\n\n<p style=\"text-align: justify;\">&nbsp;</p>\n\n<p style=\"text-align: justify;\">&nbsp;</p>\n\n<p style=\"text-align: justify;\"><span class=\"alignment-right\" style=\"float:right\"><img alt=\"Teh Mbaurekso\" data-ibimage=\"true\" src=\"{{ url:site }}files/thumb/019e2bb2d77bbd1/400\" width=\"400\" /> <span class=\"image-caption\">Teh Mbaurekso</span> </span>Ada juga <em>Teh Mbaurekso</em>, yaitu teh poci biasa, tapi pembeli bebas mengisi air panas dari teko yang tersedia bila air tehnya habis. Namun yang paling laris adalah <em>Jaka Tingkir</em>, air putih yang disajikan di dalam kendi berbanderol &nbsp;Rp 1.000,-. &ldquo;Kebanyakan yang memesan Jaka Tingkir itu anak sekolah. Mungkin karena murah. Dengan seribu rupiah bisa minum air putih sepuasnya, hahaha...&rdquo; kata Indri&nbsp; tertawa.</p>\n\n<p style=\"text-align: justify;\">&nbsp;&nbsp;&nbsp;&nbsp; Karena sasarannya anak sekolah dan keluarga, Indri mematok harga yang relatif terjangkau, yaitu antara Rp 1.000,- sampai Rp 16.000,-. Dalam sehari, Indri bisa meraih omset antara Rp 700 ribu hingga Rp 1,5 juta. &ldquo;Keuntungan ya sekitar Rp 500 ribu sampai Rp 1 juta,&rdquo; tambahnya.</p>\n\n<p style=\"text-align: justify;\">&nbsp;&nbsp;&nbsp;&nbsp;&nbsp; Untuk melebarkan usahanya, Indri membuka kesempatan kepada siapa saja untuk mejadi mitra Burger Batok. &ldquo;Untuk sementara, kita memang belum membuka <em>franchise</em>, karena surat-suratnya belum beres. Namun, kita sudah memiliki lima mitra yang tersebar di kawasan Kali Malang, Tanjung Duren, BSD, Bogor, dan Bali,&rdquo; jelas Indri.</p>\n\n<p style=\"text-align: justify;\">&nbsp;&nbsp;&nbsp;&nbsp;&nbsp;&nbsp;&nbsp;&nbsp;&nbsp;&nbsp;&nbsp; Silakan menikmati keunikan resto ini.</p>','','ea7ff467cafc0ce09193341f49f7aae4',4,1372757700,1372757700,'no','draft','wysiwyg-advanced','4cbe7418745d56b3b676e8040963ae2d','212b5397288e1fe','0',4),(39,'2013-07-02 18:06:00','2013-07-02 18:06:00',4,37,'Satu lagi pilihan resto unik yang bisa Anda kunjungi  di Yogyakarta. Ciri khasnya,  dalam gedung berbentuk  pyramid, Anda  bisa menikmati sajian aneka menu khas Timur Tengah, sambil mendengarkan alunan  tembang kenangan.','Pyramid Resto : Minum Cleopatra juice, Menikmati tembang lawas','pyramid-resto--minum-cleopatra-juice-menikmati-tembang-lawas',1,1,'<p style=\"text-align: justify;\">&nbsp;&nbsp;&nbsp;&nbsp;&nbsp; <span class=\"alignment-none\"><img alt=\"Resto PYRAMID\" data-ibimage=\"true\" src=\"{{ url:site }}files/thumb/41bf932a832e35b/800\" width=\"800\" /> <span class=\"image-caption\">Resto PYRAMID</span> </span></p>\r\n\r\n<p style=\"text-align: justify;\">&nbsp;&nbsp;&nbsp; Terletak di Jalan Parangtritis km 5,5 Yogyakarta, resto ini tengah menjadi perhatian banyak orang. Hampir setiap malam&nbsp; dibanjiri pengunjung. Penyelenggaraan acara <em>Tembang Kenangan</em>, yang mampu bertahan sejak dua tahun lalu, seolah menjadi magnet&nbsp; pengunjung yang rata-rata berusia 30 hingga 40 tahunan.&nbsp; Tak jarang selesai menikmati hidangan , &nbsp;mereka &nbsp;beranjak dari tempat duduknya, kemudian menari dan ikut bernyanyi. Malam itu, lantunan <em>Pelangi</em>&nbsp; yang dipopulerkan kelompok <em>Koes Ploes, </em>&nbsp;menjadi lagu pembuka acara <em>Tembang Kenangan</em> yang rutin diselenggarakan&nbsp; tiap malam Selasa.</p>\r\n\r\n<p style=\"text-align: justify;\">&nbsp;&nbsp;&nbsp;&nbsp;&nbsp; &ldquo;Kebetulan acara semacam tembang kenangan, akhir-akhir tengah banyak digemari utamanya kalangan dewasa. Oleh karena itu kami sajikan sebagai &lsquo;menu&rsquo; tambahan di resto kami,&rdquo; &nbsp;jelas Maya Wijayanti&nbsp; (31 th) pengelola <em>Pyramid Resto</em>. Sajian <em>live music</em> ini memang mengikuti tren masyarakat. Pernah pakai music rock, keroncong, bahkan rock &lsquo;n roll.</p>\r\n\r\n<p style=\"text-align: justify;\">&nbsp;</p>\r\n\r\n<p style=\"text-align: justify;\"><strong>Khas Timur Tengah</strong></p>\r\n\r\n<p style=\"text-align: justify;\">&nbsp;&nbsp;&nbsp;&nbsp;&nbsp;&nbsp; &nbsp;Bangunan utama resto ini bisa dibilang lain daripada yang lain, yakni berbentuk bangunan Mesir kuno, &nbsp;pyramid. Dengan tinggi 24 meter, luas 24 meter dan lebar 24 meter berwarna hitam keabu-abuan, fasad bangunan ini memang terlihat mencolok mata yang lewat. &nbsp;&nbsp;Dua patung onta berukuran tinggi 1,5 m yang menghias kanan kiri pintu utamanya, menambah&nbsp; aroma Timur Tengah makin kental. Begitu masuk ruangan resto, replika bernuansa Timteng memenuhi bagian dinding ruangan. Berada di dalamnya, pengunjung seolah diajak hanyut dalam pesona kawasan yang kini tengah bergolak itu.</p>\r\n\r\n<p style=\"text-align: justify;\">&nbsp;&nbsp;&nbsp;&nbsp;&nbsp;&nbsp; &nbsp;Komplek&nbsp; <em>Pyramid Resto</em> terdiri dari dua hall. &nbsp;Yang pertama, &nbsp;bangunan utama berbentuk pyramid tersebut, dan hall kedua berada di bagian paling belakang area, disebut Cleopatra hall. Area antara pyramid hall dengan Cleopatra hall terhampar &nbsp;taman aneka tumbuhan &nbsp;lengkap dengan meja kursi santai. &ldquo;Seluruh hall ini berdaya tampung sekitar 300 orang dengan format meja kursi&rdquo;, ujar Maya.</p>\r\n\r\n<p style=\"text-align: justify;\">&nbsp;&nbsp;&nbsp;&nbsp;&nbsp;&nbsp; Selain bangunan fisik, &nbsp;tersaji aneka macam menu makanan.&nbsp; Menu utamanya adalah masakan khas Timur Tengah, meski mereka menyediakanjuga menu lokal. &ldquo;Menu yang paling laris <em>beef shiez kebab</em>. Sedangkan minuman merata. Hampir semua laku&rdquo;, lanjut putri Hans Poerwanto, pendiri Pyramid Resto. Harga rata rata menu utama berkisar antara Rp 35.000 hingga 40.000 per porsi. Sedangkan untuk minuman per porsi harganya antara Rp 17.000 hingga&nbsp; Rp 20.000.</p>\r\n\r\n<p style=\"text-align: justify;\">&nbsp;</p>\r\n\r\n<p style=\"text-align: justify;\"><strong>Kegiatan pelajar dan perkawinan</strong></p>\r\n\r\n<p style=\"text-align: justify;\">&nbsp;&nbsp;&nbsp;&nbsp;&nbsp;&nbsp; Resto ini &nbsp;dibangun tahun 2002 oleh Hans Poerwanto lantaran terinspirasi bangunan sebuah hotel di kawasan Texas, &nbsp;Amerika Serikat. Tak hanya menyediakan menu unik, pengunjung juga bisa menikmati sajian hiburan <em>live music </em>bertajuk Tembang Kenangan&rsquo;, yang disuguhkan oleh Gutho&rsquo;s Band, group band lokal Yogyakarta yang dikenal spesialis tembang-tembang lama. &ldquo;Bagi pengunjung yang hobi nyanyi bisa tampil di acara itu&rdquo;, ujar Seto Nugraha (42 th) karyawan sebuah bank swasta yang tiap bulan mengunjungi resto ini.&nbsp;&nbsp;&nbsp;&nbsp;&nbsp;&nbsp;&nbsp;</p>\r\n\r\n<p style=\"text-align: justify;\">&nbsp;&nbsp;&nbsp;&nbsp;&nbsp;&nbsp; Pyramid Resto juga kerap digunakan lembaga swasta maupun pemerintah untuk penyelenggaraan event. &ldquo;Kerap juga dipakai untuk acara para pelajar dari sekolah luar kota yang kebetulan berwisata ke Yogyakarta,&rdquo; jelas Djohan Hubayana (35 th) salah seorang pegawai Pyramid. &nbsp;</p>\r\n\r\n<p style=\"text-align: justify;\">&nbsp;&nbsp;&nbsp;&nbsp;&nbsp;&nbsp; Menempati areal seluas hampir satu hektar <em>Pyramid Resto</em> menyediakan&nbsp; tempat parkir luas dan&nbsp; taman yang&nbsp; nyaman. Selain itu pengunjung yang berhobi futsal juga tersedia lapangan yang letaknya berdampingan dengan resto. Bila ada yang ingin menyelenggarakan pesta pernikahan <em>outdoor</em>, &nbsp;tersedia area yang disebut <em>Pyramid Garden</em>.</p>\r\n\r\n<p style=\"text-align: justify;\">&nbsp;&nbsp;&nbsp;&nbsp;&nbsp;&nbsp; Di tengah hiruk pikuknya dinamika kesibukan kota, kehadiran <em>Pyramid Resto</em> plus <em>Tembang Kenangan</em>-nya ibarat oase. Tempat melabuhkan segala kepenatan hidup sejenak, sembari menikmati menu yang jarang ada di resto lain. &nbsp;</p>','','943bdaca8f8836e9fa2e526ada4e7601',4,1372759560,1372759560,'no','draft','wysiwyg-advanced','1f545273471deb4416b97709a07b64fb','b2d82440a09f5ef','0',4),(40,'2013-07-02 15:08:00','2013-07-02 15:08:00',4,38,'Satu lagi pilihan resto buat pada pelaku vegetarian,  White House Vegetarian (WHV), Tangerang.  Silakan menyantap  soto tangkar, rendang, pecel lele, pecel ayam atau makanan khas Eropa chicken gordon blue tanpa menggunakan daging.','White House Vegetarian : “Daging”  dari Jamur, Kedelai dan Kembang Tahu','white-house-vegetarian--daging-dari-jamur-kedelai-dan-kembang-tahu',1,1,'<p style=\"text-align: justify;\"><span class=\"alignment-left\" style=\"float:left\"><img alt=\"White House Vegetarian\" data-ibimage=\"true\" src=\"{{ url:site }}files/thumb/9b38774c8dfda08/300\" width=\"300\" /> <span class=\"image-caption\">White House Vegetarian</span> </span>Sepintas &nbsp;tempat ini seperti &nbsp;resto biasa&nbsp; dengan jenis makanan &nbsp;Indonesia pada umumnya. Seperti soto tangkar, pecel lele, gulai kambing, ayam goreng kremes, rendang, krecek dan lainnya. Begitu pula saat Anda &nbsp;mencicipinya, rasa daging ayam, ikan atau daging lainnya sama dengan makanan serupa di resto lain.</p>\n\n<p style=\"text-align: justify;\">&ldquo;Begitulah kesan mereka &nbsp;yang baru pertama kali datang ke sini. &nbsp;Setelah makan, baru mereka bertanya, <em>katanya ini rumah makan vegetarian, kok makanannya berdaging semua?</em> Lalu saya jawab, makanan yang Bapak makan itu bukan daging meski tekstur dan khas rasanya seperti daging,&rdquo; jelas Willian Ernest (27), pengelola WHV di Serpong, Tangerang. Setelah itu William menjelaskan aneka bahan baku makanan tersebut.</p>\n\n<p style=\"text-align: justify;\">&nbsp;Misalnya,&nbsp; bentuknya, bahan baku &nbsp;soto tangkar, dibuat dari kaki jamur. Bahan pengganti &nbsp;daging sapi atau daging ayam, adalah kedelai atau bisa juga &nbsp;kembang tahu. Bahan-bahan tersebut kemudian dimodifikasi oleh William dan keluarganya, hingga menyerupai bentuk seperti daging aseli.</p>\n\n<p style=\"text-align: justify;\">&nbsp;</p>\n\n<p style=\"text-align: justify;\"><span style=\"font-size:16px;\"><strong>Kreasi Sendiri</strong></span></p>\n\n<p style=\"text-align: justify;\">Berdiri sejak Juli 2010, &nbsp;WHV menyediakan &nbsp;60 menu. &ldquo;Kebetulan saya mempunyai koki yang sudah 20 tahun bekerja di keluarga saya. Dia bisa memasak apa saja keinginan&nbsp; keluarga. Awalnya memang mama saya yang mengajarinya,&rdquo; ucap William. Yang menarik, &nbsp;anggota keluarga William semuanya vegetarian. Ide penamaan resto itu pun tak lepas dari&nbsp; gaya hidup vegetarian &nbsp;keluarga. WHITE merupakan kumpulan inisial nama anak-anak William yang menjadi vegetarian sejak 15 tahun lalu.</p>\n\n<p style=\"text-align: justify;\">Yang membedakan WHV dengan &nbsp;resto sejenis&nbsp; adalah&nbsp; menunya. &ldquo;Kebanyakan resto vegetarian menyajikan &nbsp;makanan&nbsp; khas Eropa atau Cina. Kalau saya agak berbeda, yaitu khas Nusantara,&rdquo; terang William yang sempat 6 tahun tinggal di Amerika Serikat. Untuk tatanan ruang resto, William menconteknya dari resto vegetarian yang ada di Amerika. Nuansa yang ditampilkan bergaya Eropa. Lengkap dengan musik dari Perancis sebagai peneman makan.</p>\n\n<p style=\"text-align: justify;\">&nbsp;Satu hal lagi yang menjadi ciri khasnya,&nbsp; WHV &nbsp;tidak menggunakan bawang sebagai bumbu makanan. Menurut William, bawang buat makanan vegetarian kurang baik. Bawang lebih cocok untuk makanan yang berdaging. Karena bawang, secara biologi bisa menetralkan efek yang kurang bagus dari mengkonsumsi daging. Lantaran tidak menggunakan daging, tentu saja bawang tidak diperlukan lagi.</p>\n\n<p style=\"text-align: justify;\"><span class=\"alignment-left\" style=\"float:left\"><img alt=\"Menu WH_1\" data-ibimage=\"true\" src=\"{{ url:site }}files/thumb/55a82b86de36660/400\" width=\"400\" /> <span class=\"image-caption\">Menu WH_1</span>&nbsp;&nbsp; </span><span class=\"alignment-right\" style=\"float:right\"><img alt=\"Menu WH_2\" data-ibimage=\"true\" src=\"{{ url:site }}files/thumb/a9d9356a87d7a30/400\" width=\"400\" /> <span class=\"image-caption\">Menu WH_2</span> </span></p>\n\n<p style=\"text-align: justify;\">&nbsp;</p>\n\n<p style=\"text-align: justify;\">&nbsp;</p>\n\n<p style=\"text-align: justify;\">&nbsp;</p>\n\n<p style=\"text-align: justify;\">&nbsp;</p>\n\n<p style=\"text-align: justify;\">&nbsp;</p>\n\n<p style=\"text-align: justify;\">&nbsp;</p>\n\n<p style=\"text-align: justify;\">&nbsp;</p>\n\n<p style=\"text-align: justify;\">&nbsp;</p>\n\n<p style=\"text-align: justify;\"><span style=\"font-size:16px;\"><strong>Omzet </strong><strong>Rp 60 juta</strong></span></p>\n\n<p style=\"text-align: justify;\">William tak ingat&nbsp; persis &nbsp;uang yang diinvestasikan untuk usaha ini. Yang jelas, biaya terbesar selain untuk sewa ruko selama 2 tahun, &nbsp;dan membeli bahan baku. Pasalnya, bahan baku utama pengganti daging masih diimpor dari Taiwan.&nbsp;</p>\n\n<p style=\"text-align: justify;\">Meski belum setahun berdiri, omzet resto ini &nbsp;cukup lumayan. &ldquo;Omzet sebulan bisa&nbsp; Rp 50 juta &ndash; Rp 60 juta. Meskipun demikian &nbsp;biaya operasionalnya juga besar,&rdquo; papar William yang mempekerjakan 8 orang karyawan. &nbsp;Pengunjung banyak berdatangan pada Sabtu-Minggu dan hari libur. Restonya sendiri buka dari jam 10 pagi &ndash; jam 9 malam.&nbsp;</p>\n\n<p style=\"text-align: justify;\">Karena&nbsp; citra rasanya &nbsp;tidak berbeda dengan makanan lainnya, target konsumen yang disasar semua golongan. &nbsp;Baik yang vegetarian ataupun yang bukan.</p>\n\n<p style=\"text-align: justify;\">Agar bisa menjangkau semua kalangan, harga makanan dijual berkisar antara Rp 12.000 &ndash; Rp 15.000. William optimis, usahanya bakalan terus berkembang. Masyarakat, umumnya yang berada di daerah perkotaan semakin sadar akan pentingnya kesehatan makanan bagi tubuh. &nbsp;&ldquo;Kemunculan gerai-gerai vegetarian menurut saya malah bagus. Kita bisa saling melengkapi. Artinya semakin banyak pilihan orang untuk menikmati makanan sehat non daging,&rdquo; ungkap William.</p>','','550a6c808f049ffd0c8d21d67a0d271c',4,1372752480,1372752480,'no','draft','wysiwyg-advanced','d91e98a52226a172622e983fbe52f2bd','7e522ed4c5a1736','0',4),(41,'2013-07-02 17:13:00','2013-07-02 17:13:00',4,39,'Umumnya donat dimasak dengan cara digoreng. Baru kemudian diberi rasa. Berbeda dengan yang dilakukan oleh Iwan Abu Shalih (32), ia mengolah donat dengan cara dibakar.  Sekarang produknya dikenal dengan nama Dokar (donat bakar), dengan 30 pilihan rasa berbeda.','Donat Bakar : Inovasi Dokar dengan 30 Rasa','donat-bakar--inovasi-dokar-dengan-30-rasa',1,1,'<p style=\"text-align: justify;\"><span class=\"alignment-none\"><img alt=\"Donat Bakar\" data-ibimage=\"true\" src=\"{{ url:site }}files/thumb/6aca2e078861392/500\" width=\"500\" /> <span class=\"image-caption\">Donat Bakar</span> </span></p>\n\n<p style=\"text-align: justify;\">Mungkin tidak terpikirkan sebelumnya oleh Iwan,&nbsp; donat buatannya bakal disuka banyak orang. &ldquo;Awalnya saya sudah usaha bakery. Produk utamanya, donat dan roti. Baru pada tahun 2008 saya membuat donat bakar,&rdquo; papar Iwan yang membuka usahanya di daerah Banyuanyar, Solo, Jawa Tengah ini. Baru beberapa hari buka ternyata sudah ada orang yang ingin menjadi mitra usahanya.</p>\n\n<p style=\"text-align: justify;\">Tidak sampai 2 tahun, &nbsp;ia sudah mempunyai 30 mitra yang tersebar di pulau Jawa dan Bali. Maklum, investasi untuk usaha ini cukup murah, hanya Rp 7 juta (untuk pulau Jawa dan Bali, diluar kedua pulau tersebut, harga disesuaikan dengan tempat masing-masing). Dana sebesar itu sudah termasuk <em>counter</em>, perlengkapan memasak, dan bahan baku.</p>\n\n<p>&nbsp;</p>\n\n<p style=\"text-align: justify;\"><span class=\"alignment-left\" style=\"float:left\"><img alt=\"Harga &amp; Variasi Dokar\" data-ibimage=\"true\" src=\"{{ url:site }}files/thumb/b6109c607abce57/300\" width=\"300\" /> <span class=\"image-caption\">Harga &amp; Variasi Dokar</span> </span><strong>Harga &amp; Variasi Rasa </strong></p>\n\n<p style=\"text-align: justify;\">Sebenarnya Dokar sama seperti donat lainnya. &ldquo;Bedanya kalau donat biasa, pasti dimasaknya dengan digoreng. Kalau saya mengolahnya dengan dibakar, makanya dinamakan &nbsp;Dokar (donat bakar). Biar orang tahu perbedaannya,&rdquo; papar Iwan lagi. Ia berani mengklaim, saat ini donat bakar miliknya lah satu-satunya yang sudah dijalankan dengan program kemitraan <em>business opportunity</em> (BO). &nbsp;Dengan target laku sekitar 50 donat/hari, modal akan kembali dalam jangka waktu kurang dari setahun. Apalagi harga dokar ini relatif murah, antara Rp 2.500 &ndash; Rp 3.000/buah. Diluar harga tersebut, pihak mitra boleh menentukan sendiri harga jual donatnya.</p>\n\n<p style=\"text-align: justify;\">Tak hanya harganya yang terjangkau, variasi rasa juga menjadi kelebihan Dokar. Paling tidak sampai saat ini sudah tersedia 30 varian rasa yang berbeda. Diantaranya adalah rasa jagung bakar, balado, sapi pangggang, cappucino, chocolatos, keju, tiramizu, strawberry, vanila sampai rasa durian. Ada lagi donat burger. Sama seperti burger lainnya, di bagian dalam diisi daging dan sayuran. Hanya bedanya, pada bagian atas dan bawah burger menggunakan donat.</p>\n\n<p style=\"text-align: justify;\">Konsumen yang disasar adalah kelas menengah dan untuk semua umur. Karena itu sebagai tempat usaha, paling bagus tempat-tempat yang berdekatan dengan perkatoran, kampus/sekolah, minimarket, perumahan, tempat rekreasi atau pusat perbelanjaan. Untuk menentukan lokasi ini, pihak Dokar pusat ikut menentukan.</p>\n\n<p>&nbsp;</p>\n\n<p style=\"text-align: justify;\"><strong>Tak Terikat Waktu</strong></p>\n\n<p style=\"text-align: justify;\">Ada banyak kelebihan bila &nbsp;Anda menjadi mitra Dokar. Pertama tidak ada <em>royalty fee</em>, semua keuntungan menjadi hak milik mitra. Standarisasi rasa dan kualitas donat terjaga. Ini lantaran semua bahan baku dipasok dari Dokar pusat. Yang menarik, &nbsp;tak ada batasan waktu kerjasama antara pihak prinsipal dan&nbsp; mitranya. Selama mitra masih menggunakan bahan baku&nbsp; dari pihak Dokar pusat, selama itu juga masih ada hubungan kerjasama.</p>\n\n<ol>\n	<li style=\"text-align: justify;\">&ldquo;Begitu&nbsp; ada perjanjian kemitraan, hubungan kita lebih kepada masalah pengiriman bahan baku. Selama itu juga, pihak mitra berhak menggunakan nama Dokar,&rdquo; terang Iwan. Maju-mundurnya usaha Dokar yang dikelola, tergantung dari pihak mitra. Karena itu sedari awal, Iwan menegaskan, syarat menjadi mitra yang pertama kali harus dipenuhi adalah komitmen untuk terus mengembangkan usaha donat bakar. Lama proses dari pengisian formulir sampai grand opening memakan waktu 1- 2 minggu.</li>\n</ol>\n\n<p style=\"text-align: justify;\">Pihak mitra juga diberi kebebasan untuk mengembangkan sendiri rasa dari donat bakarnya. Hanya saja, bentuk dan ukuran donat harus sesuai dengan standar yang ditetapkan oleh&nbsp; Dokar pusat. Iwan optimis usaha usaha donat bakarnya ini bakalan terus berkembang. Apalagi ia juga akan terus berinovasi dalam mengembangkan produknya. Terutama dalam soal rasa.</p>\n\n<p>&nbsp;</p>','','bff17b32bb5b0e14f737c946c2e47c01',4,1372759980,1372759980,'no','draft','wysiwyg-advanced','e94b1d85e1605dd52a11ee70b0bc24de','d654d78e99cafca','0',4),(46,'2013-07-02 17:33:00','2013-07-02 17:33:00',4,44,'Anak muda yang ingin selalu tampil beda dengan motornya, membuat bengkel modifikasi motor laris manis. Bak cendawan di musim huja, muncul  outlet modifikasi motor dengan beragam spesialisasinya. \nTeks: Dysta/Foto: Grace & Dok. Balu Otowork','Balu Otowork : Inovasi Cover Headlamp Buat Bikers','balu-otowork--inovasi-cover-headlamp-buat-bikers',14,1,'<p style=\"text-align: justify;\"><span class=\"alignment-left\" style=\"float:left\"><img alt=\"Andika _ Otowork\" data-ibimage=\"true\" src=\"{{ url:site }}files/thumb/622733924afb5f7/400\" width=\"400\" /> <span class=\"image-caption\">Andika _ Otowork</span> </span>Meski banyak bengkel modifikasi motor yang memiliki ribuan desain untuk memuaskan pelanggan, bengkel Balu Otowork tetap istimewa, lantaran &nbsp;menawarkan produk <em>cover head lamp</em>. Didirikan oleh Andika Kairuliawan pada April 2011, usaha ini bermula karena ia &nbsp;dikecewakan bengkel &nbsp;modifikasi. &ldquo;Motor saya tidak dikerjakan dengan maksimal, pelayanan buruk, cuek, dan tidak bertanggung jawab. Dari pengalaman itu, saya membuka Balu Otowork untuk memberi solusi dari permasalahan para pelanggan,&rdquo; ujarnya.</p>\n\n<p style=\"text-align: justify;\">Balu Otowork ini dimulai saat Andika, sapaannya, masih duduk di bangku kuliah. Awalnya berupa jasa &nbsp;pengecatan motor. Dua bulan kemudian, lulusan Teknik Informatika Universitas Teknologi Yogyakarta ini memperluas usahanya. Berbekal melihat video pembuatan <em>cover</em> <em>headlamp</em> di <em>Youtube</em>, ia mempelajari sendiri proses pembentukan &nbsp;dari awal sampai akhir.</p>\n\n<p style=\"text-align: justify;\">Setelah lulus, ia sebenarnya mendapat beberapa tawaran: kuliah S2, bekerja di BUMN, dan Kementrian Pertahanan. Namun ia menampik semuanya dan &nbsp;intens menggeluti &nbsp;usahanya dan terbukti &nbsp;membuahkan hasil. Padahal, ia tidak memiliki hobi dan pengalaman di bidang otomotif ini. Toh, Andika tetap percaya diri dan malah mencoba mengikuti lomba inovasi bisnis tingkat daerah dan &nbsp;Kemenpora. Ternyata Balu Otowork berhasil meraih juara 1, bahkan ada <em>customer </em>yang memesan. Prestasi ini &nbsp;membuat semangat Andika untuk memajukan Balu Otowork semakin menggebu. Ia yakin usahanya dapat diterima masyarakat. Dosen yang sempat bekerja di Microsoft ini memulai usaha dengan modal Rp 800.000 untuk membeli kompresor bekas di Pasar Beringharjo, Yogyakarta. Karena memang awal usahanya adalah pengecatan. Usaha ini berdiri di pelataran rumah kakeknya. Sampai akhirnya, pada Januari 2012, ia punya workshop seluas 1000 m<sup>2</sup>.</p>\n\n<p style=\"text-align: justify;\"><span class=\"alignment-right\" style=\"float:right\"><img alt=\"Cover Head Lamp\" data-ibimage=\"true\" src=\"{{ url:site }}files/thumb/ed31bc31f8b4c62/250\" width=\"250\" /> <span class=\"image-caption\">Cover Head Lamp</span> </span></p>\n\n<p style=\"text-align: justify;\"><em>Cover headlamp </em>ini&nbsp; berbahan <em>fiberglass</em>. Proses pembuatannya dimulai dari pematungan dengan bahan tanah liat khusus. Kemudian hasil pembentukan itu dicetak pada bahan fiber. Dari sini tercipta bentuk desain kasar <em>cover headlamp</em>. Lalu, dilakukan proses pengampelasan dan dilanjutkan dengan pendempulan agar pori-pori tertutup. Setelah bentuknya &nbsp;sempurna, disusul dengan &nbsp;pengecatan.</p>\n\n<p style=\"text-align: justify;\">Bentuk &nbsp;tengkorak dan &nbsp;transformer menjadi favorit, disamping menerima desain dari pelanggan. Desain baru untuk <em>cover headlamp</em> dikeluarkan setiap minggu. Pengerjaan berlangsung 2 minggu sampai sebulan untuk satu unit motor. Biasanya, Balu Otowork mengerjakan 2 motor dalam sehari. Untuk pemesanan desain baru, butuh waktu pengerjaan 35-40 hari. Produk <em>pre-order</em> ini berkisar pada harga Rp 350-600 ribu.</p>\n\n<p style=\"text-align: justify;\">Balu Otowork juga menyiapkan pelanggan yang<em> ready for contest</em>. Bahkan sekarang ini tidak hanya motornya, <em>bikers</em> juga ikut dimodifikasi menyesuaikan desain motornya. Berkat modifikas tersebut sudah &nbsp;banyak pelanggan/<em>bikers</em> yang memenangkan kontes. &nbsp;&ldquo;Kami memang memberi garansi kepada customer sampai motor terjual,&rdquo; ujarnya.</p>\n\n<p style=\"text-align: justify;\"><strong>Kepercayaan Pelanggan&nbsp;&nbsp;&nbsp;&nbsp;&nbsp;&nbsp;&nbsp;&nbsp;&nbsp;&nbsp;&nbsp;&nbsp;&nbsp;&nbsp;&nbsp;&nbsp;&nbsp;&nbsp;&nbsp;&nbsp;&nbsp;&nbsp;&nbsp;&nbsp;&nbsp;&nbsp;&nbsp;&nbsp;&nbsp;&nbsp;&nbsp;&nbsp; </strong></p>\n\n<p style=\"text-align: justify;\">Memuaskan pelanggan adalah kunci Balu Otowork untuk tetap bertahan di tengah persaingan. Di workshopnya di Yogyakarta, Balu Otowork punya 26 tipe motor yang dipakai sebagai contoh. Apabila jenis motor pelanggan tidak tersedia di <em>workshop</em>, pelanggan bisa membawa motor ke <em>workshop</em>. Beberapa pelanggan dari Jambi dan Kalimantan rela mengirim motornya dengan ongkos jutaan. Mereka bahkan rela mengantre demi memodif motornya.</p>\n\n<p style=\"text-align: justify;\">Balu menyasar segmen <em>middle and high </em>mengusung konsep desain yang terbatas. &nbsp;Setelah setahun lebih, pelanggannya merambah baik dalam maupun luar negeri, baik dari individu sampai komunitas. Pelanggan<em> a</em>da yang mengambil barang dan kemudian membuka cabang di Singapura dan Malaysia. Ekspornya juga sudah masuk India, Filipina, Peru, Semenanjung Amerika Selatan, Meksiko, serta Argentina.</p>\n\n<p style=\"text-align: justify;\">Salah satu keunggulan produk &nbsp;Balu Otowork adalah <em>plug and play</em>. Dengan konsep&nbsp; ini, pelanggan tidak perlu repot memasang <em>cover headlamp</em> sendiri. Barang yang dipesan&nbsp; pelanggan, dengan mudah dipasang hanya bermodal obeng dan kunci pas. Pemasangan juga tidak memakan waktu, paling lama 1 jam.</p>\n\n<p style=\"text-align: justify;\">Hilite: &ldquo;Berbekal melihat video pembuatan <em>cover</em> <em>headlamp</em> di <em>Youtube</em>, ia mempelajari sendiri proses pembentukan&nbsp; dari awal sampai akhir&rdquo;</p>\n\n<p style=\"text-align: justify;\"><strong>Smart Ways</strong></p>\n\n<ul>\n	<li style=\"text-align: justify;\"><strong>Fokus dan intens pada satu bidang</strong></li>\n</ul>\n\n<p style=\"text-align: justify;\">Setelah lulus, ia sebenarnya mendapat beberapa tawaran: kuliah S2, bekerja di BUMN, dan Kementrian Pertahanan. Namun ia menampik semuanya dan&nbsp; intens menggeluti&nbsp; usahanya dan terbukti&nbsp; membuahkan hasil. Padahal, ia tidak memiliki hobi dan pengalaman di bidang otomotif ini.</p>\n\n<ul>\n	<li style=\"text-align: justify;\"><strong>Berorientasi pada kepuasan pelanggan</strong></li>\n</ul>\n\n<p style=\"text-align: justify;\">Memuaskan pelanggan adalah kunci Balu Otowork untuk tetap bertahan di tengah persaingan. Di workshopnya di Yogyakarta, Balu Otowork punya 26 tipe motor yang dipakai sebagai contoh. Apabila jenis motor pelanggan tidak tersedia di <em>workshop</em>, pelanggan bisa membawa motor ke <em>workshop</em>.</p>\n\n<ul>\n	<li style=\"text-align: justify;\"><strong>Plug and play</strong></li>\n</ul>\n\n<p style=\"text-align: justify;\">Salah satu keunggulan produk&nbsp; Balu Otowork adalah <em>plug and play</em>. Dengan konsep&nbsp; ini, pelanggan tidak perlu repot memasang <em>cover headlamp</em> sendiri. Barang yang dipesan&nbsp; pelanggan, dengan mudah dipasang hanya bermodal obeng dan kunci pas. Pemasangan paling lama 1 jam.</p>\n\n<p style=\"text-align: justify;\">&nbsp;</p>\n\n<p style=\"text-align: justify;\"><strong>Analisis Usaha </strong></p>\n\n<table border=\"1\" cellpadding=\"0\" cellspacing=\"0\">\n	<tbody>\n		<tr>\n			<td style=\"width:319px;\">\n			<p style=\"text-align: justify;\">Modal Awal (<em>compressor</em>)</p>\n			</td>\n			<td style=\"width:319px;\">\n			<p style=\"text-align: justify;\">Rp 800.000</p>\n			</td>\n		</tr>\n		<tr>\n			<td style=\"width:319px;\">\n			<p style=\"text-align: justify;\">Pendapatan</p>\n			</td>\n			<td style=\"width:319px;\">\n			<p style=\"text-align: justify;\">Rp 80-120 juta/bulan</p>\n			</td>\n		</tr>\n		<tr>\n			<td style=\"width:319px;\">\n			<p style=\"text-align: justify;\">Karyawan (Penrajin)</p>\n			</td>\n			<td style=\"width:319px;\">\n			<p style=\"text-align: justify;\">Rp 1,2 juta</p>\n			</td>\n		</tr>\n		<tr>\n			<td style=\"width:319px;\">\n			<p style=\"text-align: justify;\">Karyawan (<em>Training</em>)</p>\n			</td>\n			<td style=\"width:319px;\">\n			<p style=\"text-align: justify;\">Rp 700.000</p>\n			</td>\n		</tr>\n	</tbody>\n</table>\n\n<p style=\"text-align: justify;\">&nbsp;</p>\n\n<p style=\"text-align: justify;\"><strong>Kontak</strong></p>\n\n<p style=\"text-align: justify;\">Balu Otowork</p>\n\n<p style=\"text-align: justify;\">Jl. Pramuka 53/56 Giwangan, Yogyakarta</p>\n\n<p style=\"text-align: justify;\">Telp: 0274-6935979</p>\n\n<p style=\"text-align: justify;\">Hp: 08562921254</p>\n\n<p style=\"text-align: justify;\">Website: www.baluotowork.com</p>','','2ee0456a286c954632736c28dfa42672',4,1372761180,1372761180,'no','draft','wysiwyg-advanced','5ee5acf4ad65754c58c023a880f117ba','2f5430bb815fcfa','0',4),(47,'2013-07-02 17:36:00','2013-07-02 17:36:00',4,45,'Berbekal ilmu yang dimilikinya dan bakat yang diturunkan oleh sang ayah, Jessica membuat inovasi baru di dunia bisnis. Jasa pembuatan logo menggunakan ilmu feng shui. Teks & Foto : Ratih','Jessica Diana Kartika : Rezeki Logo Berdasar Feng Shui','jessica-diana-kartika--rezeki-logo-berdasar-feng-shui',14,1,'<p style=\"text-align: justify;\"><span class=\"alignment-left\" style=\"float:left\"><img alt=\"Foto Jessica Diana Kartika - Graphic Designer\" data-ibimage=\"true\" src=\"{{ url:site }}files/thumb/8a5ed6df2a2fd4a/400\" width=\"400\" /> <span class=\"image-caption\">Foto Jessica Diana Kartika - Graphic Designer</span> </span>Jessica Diana Kartika, gadis kelahiran &nbsp;Semarang 25 April 1987, merupakan salah seorang pengusaha muda yang sukses menggeluti bisnis feng shui untuk logo. Alumnae jurusan Desain Komunikasi Visual, &nbsp;Universitas Kristen Petra, Surabaya ini mengaku sejak kecil bercita-cita sebagai desainer logo yang memasukkan unsur feng shui. &nbsp;</p>\n\n<p style=\"text-align: justify;\">&ldquo;Dari riset dan pengalaman&nbsp;di lapangan, saya menemukan&nbsp;adanya kebutuhan para pemilik perusahaan &nbsp;untuk merancang logo berdasarkan&nbsp;konsep feng shui. Namun sayangnya, belum ada yang memenuhi&nbsp;kebutuhan tersebut secara profesional,&rdquo; ujar Jessica. Jasa pembuatan logo berdasarkan feng shui merupakan hal yang baru di Indonesia. Selama ini pembuatan logo kebanyakan hanya bedasar unsur kreatif dan pakem-pakem desain.</p>\n\n<p style=\"text-align: justify;\">Jessica menilai bisnis yang digelutinya sekarang sebagai peluang besar. Sejak kecil ia sudah terbiasa melihat sang ayah yakni Mas Dian MRE , bergelut dalam dunia feng shui. &nbsp;Mas Dian, MRE, &nbsp;adalah penulis buku dan &nbsp;konsultan feng shui profesional&nbsp;untuk bangunan dan&nbsp;properti&nbsp; di Indonesia&nbsp; Ketika ia mulai tertarik untuk terjun ke dalamnya, Jessica lalu belajar sendiri dari literatur-literatur feng shui yang sudah ada. Klien pertamanya, sebuah perusahaan <em>general contractor.</em>&nbsp; &ldquo;Saya senang sekali klien tersebut puas. Saat itu saya hanya bermodalkan komputer pemberian orang tua,&rdquo; katanya menambahkan.</p>\n\n<p style=\"text-align: justify;\">Dari sinilah muncullah &nbsp;ide untuk menggabungkan unsur &nbsp;feng shui dengan ilmu desain komunikasi visual dalam perancangan logo perusahaan yang estetik, fungsional, dan modern. Ide tersebut juga pernah dituangkan dalam bukunya&nbsp; <em>Feng Shui untuk Logo</em>(PT Elex Media Komputindo/Kompas Gramedia Grup, 2010) dan menjadi sempat <em>best seller.</em></p>\n\n<p style=\"text-align: justify;\">&nbsp;</p>\n\n<p style=\"text-align: justify;\"><strong>Kantornya pinjaman&nbsp; teman</strong></p>\n\n<p style=\"text-align: justify;\">Sejak peluncuran buku tersebut, Jessica sering &nbsp;diundang jadi pembicara dalam acara bedah buku, seminar, dan <em>talkshow</em> untuk topik feng shui untuk&nbsp;logo.&nbsp;Bersamaan dengan keinginan untuk <em>sharing</em> dan berbagi ilmu tersebut, ia memulai bisnis ini secara profesional&nbsp;di Surabaya&nbsp;bersama rekannya, Rudyant Wijaya. &nbsp;&nbsp;&nbsp;&nbsp;</p>\n\n<p style=\"text-align: justify;\">&ldquo;Secara teknis boleh dikatakan, modal awal kami adalah seperangkat komputer, printer, koneksi internet, sepeda motor, handphone, alat tulis, dan uang beberapa juta rupiah. Selebihnya&nbsp;adalah modal intelektual&nbsp;dan berkat Tuhan &nbsp;yang&nbsp;selalu menyertai dan menjadikan ini semua berhasil,&rdquo; lanjut Jessica yang mendirikan perusahaanya tahun 2009. Perusahaan bernama PT. Elemen Sukses Mandiri, berkantor di gedung pinjaman dari seorang sahabat.&nbsp;</p>\n\n<p style=\"text-align: justify;\">Bukan hal yang mudah membangun usaha yang menggunakan ilmu baru di masyarakat. Walaupun harus melewati masa jatuh bangun, Jessica tak patah semangat. Salah satu strategi yang digunakan adalah jemput bola dengan mendatangi para pemilik perusahaan untuk menawarkan jasanya. Kebanyakan para klien belum percaya bahwa unsur feng shui bisa bermanfaat untuk pembuatan logo.</p>\n\n<p style=\"text-align: justify;\">Pelan tapi pasti, kerja kerasnya membuahkan hasil. Kurang dari dua tahun, mereka sudah kebanjiran order. Bahkan kini, Jessica telah memiliki cabang di Semarang. Jumlah kliennya sudah mencapai ratusan perusahaan. Seiring berkembangnya&nbsp;bisnis tersebut,&nbsp;Jessica kemudian mengembangkan ke Jakarta. Tujuannya tak lain agar bisa berkembang di tingkat&nbsp;nasional.</p>\n\n<p style=\"text-align: justify;\">&nbsp;</p>\n\n<p style=\"text-align: justify;\"><strong>Citra, doa dan harapan </strong></p>\n\n<p style=\"text-align: justify;\">Jasa Feng Shui untuk Logo memiliki 6 paket yang spesifikasinya dirancang sesuai&nbsp; tingkat kebutuhan perusahaan yaitu&nbsp;<em>start-up, basic,&nbsp;personal,&nbsp;corporate, exclusive, dan ultimate</em>.</p>\n\n<p style=\"text-align: justify;\"><span class=\"alignment-none\"><img alt=\"Jessica Diana Kartika\" data-ibimage=\"true\" src=\"{{ url:site }}files/thumb/28d5d04d23a1c25/800\" width=\"800\" /> <span class=\"image-caption\">Jessica Diana Kartika</span> </span></p>\n\n<p style=\"text-align: justify;\">Menurut Jessica, &nbsp;selain&nbsp;mencerminkan citra&nbsp;perusahaan dan mewakili pribadi pemiliknya logo sekaligus juga menggambarkan doa dan&nbsp;harapan untuk kesuksesan usaha&nbsp;di masa yang akan datang.&nbsp;Sesuai dengan filosofi feng shui yang bertujuan&nbsp;untuk menciptakan&nbsp;keharmonisan antara manusia dengan diri dan lingkungannya,&nbsp;maka dalam perancangan logo perusahaan harus dilakukan dengan&nbsp;penuh pertimbangan.&nbsp;</p>\n\n<p style=\"text-align: justify;\">Dalam membuat logo, Jessica dan tim selalu melibatkan klien. Dia menghitung karakter pemilik, menghitung nilai baik nama perusahaan, karakteristik perusahaan, dan usahanya. Selain memakai unsur feng shui, Jessica menggunakan kaidah-kaidah desain logo. Nah begitu jadi logo tersebut akan membawa perusahaan atau produk yang bersangkutan memperoleh keberutungan, dan bisa lebih baik karena selaras dan seimbang dengan alam.</p>\n\n<p style=\"text-align: justify;\">Untuk kemudahan berkomunikasi dengan pelanggan yang berada&nbsp;di luar Jawa&nbsp;maupun luar negeri, Jessica juga memanfaatkan teknologi komunikasi <em>online</em>. Begitu juga dengan pembayaran. Jessica menyediakan fasilitas kredit&nbsp;dengan menjalin kerjasama&nbsp;dengan pihak perbankan. &ldquo;Khusus untuk pemegang kartu kredit Mandiri Feng Shui Card kami&nbsp;memberikan&nbsp;diskon tambahan. Ke depannya&nbsp;kami akan menjalin kerjasama dengan institusi perbankan lainnya, agar calon klien dapat&nbsp;semakin memperoleh kemudahan dalam hal pembayaran,&rdquo; kata Jessica seraya berpromosi.</p>','','4e58c4179cb4b113690431b17c4159ec',4,1372761360,1372761360,'no','draft','wysiwyg-advanced','dd64083c977e27d27bce8b9ed758b066','36fdb5f3dec416f','0',4),(48,'2013-07-02 17:41:00','2013-07-02 17:41:00',4,46,'Kampus ternyata bukan semata tempat belajar secara akademis.  Di tempat itu, peluang belajar berwirausaha juga bisa dipupuk. Jennifer Rossian (23) memulai usaha sejak usia 19 tahun, dengan berjualan flash disk  saat masih berkuliah. Teks & foto : Teguh','Jennifer Rossian : Omzet Rp 200 Juta dari Flash Disk Unik','jennifer-rossian--omzet-rp-200-juta-dari-flash-disk-unik',14,1,'<p style=\"text-align: justify;\">Gagasan berjualan <em>flash disk</em> unik berawal dari kunjungan Jennifer Rossian ke Harco Mangga Dua, Jakarta.&nbsp; &ldquo;Saat itu, saya butuh <em>flash disk</em>. Di Harco Mangga Dua saya mencari barang itu. Di sana saya dapat brosur yang berisi aneka ragam produk <em>flash disk</em>.&nbsp; Lalu munculah ide menjual <em>flash disk</em> secara <em>online</em> di internet, juga ke kampus,&rdquo; tutur Jeni, nama panggilan Jennifer.&nbsp; Saat itu pula ia mencoba menangkap peluang tersebut.</p>\n\n<p style=\"text-align: justify;\"><span class=\"alignment-left\" style=\"float:left\"><img alt=\"FlashDisk Unik Fancy Rubber\" data-ibimage=\"true\" src=\"{{ url:site }}files/thumb/9213d5f55b59937/400\" width=\"400\" /> <span class=\"image-caption\">FlashDisk Unik Fancy Rubber</span></span>Singkat cerita ia memulai usaha berjualan <em>flash disk</em> unik secara <em>offline</em> dengan modal tidak besar. &ldquo;Saya hanya bermodal uang pinjaman dari papa Rp 300.000,&rdquo; kata Jeni. Dengan modal sebesar itu, dalam kurun satu bulan Jeni mengaku dapat melipatkan dana itu hingga sebesar Rp 1,5 juta, dan satu bulan berikutnya menjadi Rp 6 juta. Saat ini, setelah pemasaran dilakukan melalui <em>website </em><a href=\"http://www.accmmstore.com/\">www.accmmstore.com</a>, omzet yang ia kumpulkan sudah mencapai Rp 180 juta &ndash; 200 juta per bulan.</p>\n\n<p style=\"text-align: justify;\">Menurutnya, dengan pemasaran melalui internet, cakupan pasar yang bisa ditembus bisa lebih luas dibandingkan dengan toko <em>offline</em>. &ldquo;Saat ini pasar saya sudah menjangkau Singapura, &ldquo; akunya penuh rasa bangga.</p>\n\n<p style=\"text-align: justify;\">Di dalam <em>website</em>-nya tertera secara lengkap produk yang dijual berikut spesifikasi, harga, dan cara pemesanannya. Berkat kehadiran <em>website</em> tersebut, waktu yang dimiliki Jeni lebih banyak. Waktu tersebut bisa difokuskan untuk keperluan lain yang harus dilakukan dalam usaha tersebut. &ldquo;Saya bisa punya waktu lebih untuk melengkapi item produk dan melakukan strategi pemasaran yang lebih berkembang lagi,&rdquo; ungkapnya.</p>\n\n<p style=\"text-align: justify;\">Jeni mengaku , saat kali pertama berjualan <em>flash disk</em> secara <em>online</em> ia memanfaatkan forum Kaskus. Lama-kelamaan ia menarik diri dari forum tersebut lantaran merasa tidak nyaman. Namun, dari forum itu pula Jeni memperoleh <em>reseller</em>.&nbsp; Langkah berikutnya ia mulai menjual dan mengalihkan komunikasi dengan <em>reseller</em> itu melalui Black Bery. &ldquo;Lama-kelamaan, <em>reseller</em> semakin banyak.&nbsp; Saya merasa semakin kelimpungan. Mereka sering minta foto produk beserta spesifikasinya. Saya tidak bisa melayaninya dalam waktu bersamaan. Lalu saya berpikir harus punya <em>website</em>,&rdquo; tutur perempuan kreatif ini.</p>\n\n<p style=\"text-align: justify;\"><span class=\"alignment-right\" style=\"float:right\"><img alt=\"FlashDisk Unik Jewel\" data-ibimage=\"true\" src=\"{{ url:site }}files/thumb/3efba55ca9ef21d/400\" width=\"400\" /> <span class=\"image-caption\">FlashDisk Unik Jewel</span> </span>Pada awal usaha Jeni membuat daftar produk berikut harganya dan &nbsp;ditawarkan kepada kawan-kawan kampusnya. Tampaknya, tawaran itu disambut baik oleh kawan-kawan di kampus. &ldquo;Teman di lain fakultas, bahkan lain universitas pun, banyak yang memesan. Saat itu saya kuliah di Universitas Tarumanegara, teman di Universitas Trisakti pun banyak yang memesan,&rdquo; kata Jenifer. Setelah lulus berkuliah, Jeni, begitu ia biasa dipanggil, mencoba melamar pekerjaan di berbagai perusahaan.&nbsp; &ldquo;Saya diterima, tapi menjelang tes wawancara, nenek meninggal, akhirnya saya urung &nbsp;ikuti tes itu,&rdquo; paparnya dengan nada kecewa. &nbsp;&nbsp;Peristiwa itu membuat Jeni bertekad meneruskan usaha <em>flash disk</em>. &nbsp;Ia berusaha memperbanyak item produknya yaitu menjajakan <em>headset.</em>&nbsp; &ldquo;Produk itu saya peroleh dari importir. Saya stok barang tidak banyak.&nbsp; Jumlahnya hanya 50 buah. Tapi dalam kurun 2 &ndash; 3 hari barang itu habis terjual,&rdquo; tuturnya. &nbsp;Kondisi usaha seperti itu &nbsp;membuat Jeni semakin yakin bahwa&nbsp; bidang tersebut mengandung peluang besar.</p>\n\n<p style=\"text-align: justify;\">Pada tahun 2012 Jeni pergi ke negeri Cina untuk berburu produsen <em>flash disk</em> dan <em>head set</em>.&nbsp; Petualangan tersebut membuahkan hasil.&nbsp; &ldquo;Sekarang saya sudah menjadi importir langsung <em>flash disk</em> unik dan <em>head set</em>,&rdquo; tuturnya. Beragam item <em>flash disk</em> berbentuk unik ia beli dari produsen di Cina.&nbsp; <em>Flash disk</em> unik itu di antaranya berbentuk botol bir, bola lampu, tokoh kartun sponge bob, dan roti burger.&nbsp; &nbsp;Dari pengalaman itu, ia berkesimpulan, untuk memulai sebuah usaha, seseorang harus mengawali dari skala kecil terlebih dulu.&nbsp; Setelah ditemukan kepastian produk yang laku, baru bisa berinvestasi dalam jumlah lebih banyak.</p>\n\n<p style=\"text-align: justify;\">Dalam mengelola usaha, Jeni mengaku menghadapi banyak tantangan, termasuk dari dalam dirinya sendiri. Sebagai seorang wanita, ia merasa sering dipengaruhi oleh perasaan.&nbsp; &ldquo;Menghadapi persaingan sering membuat semangat saya terpengaruh, terutama menghadapi penjiplakan. Untuk menghadapi kondisi itu, apapun caranya saya harus lebih baik darinya,&rdquo; kata Jeni. Selain itu, karakter konsumen <em>online</em> selalu berhati-hati dan menuntut harga yang lebih murah. &ldquo;Kami bisa membedakan karakter konsumen yang baru masuk di dunia <em>online</em> dengan karakter konsumen yang sudah lama di dunia <em>online</em>.&nbsp; Biasanya konsumen pemula punya rasa kehati-hatian serta kecurigaan yang berlebih,&rdquo; tutup perempuan yang pernah mendapatkan penghargaan Keutaan Besar Amerika dalam bidang kewirausahaan itu.&nbsp;</p>\n\n<p style=\"margin-left: 18pt; text-align: justify;\">&nbsp;</p>','','306c88f5d9ad662d1873ef6dfdd36d0c',4,1372761660,1372761660,'no','draft','wysiwyg-advanced','0e8bcf04ea3abe6723bc056e7243a94a','77866e88da19c71','0',4),(49,'2013-07-02 17:44:00','2013-07-02 17:44:00',4,47,'','Kungfu Village : Silakan Masuk Pendekar!','kungfu-village--silakan-masuk-pendekar',14,1,'<p style=\"text-align: justify;\">&nbsp;Diilhami oleh film- film mandarin di televisi, &nbsp;Thea Athalia&nbsp; warga Tangerang, &nbsp;Banten, &nbsp;mendirikan &nbsp;Kungfu Village sebuah restoran dengan menu &nbsp;dan setting interior &nbsp;kungfu khas Cina.&nbsp; &ldquo;Kedai kuliner selalu tak lepas dari film Cina. Usai mengembara atau sekadar berbincang, pendekar cina banyak &nbsp;berada di sebuah kedai,&rdquo; papar pengusaha muda yang akrab dipanggil Thea tersebut. &nbsp;&nbsp;</p>\n\n<p style=\"text-align: justify;\"><span class=\"alignment-left\" style=\"float:left\"><img alt=\"Ruangan Resto Kungfu\" data-ibimage=\"true\" src=\"{{ url:site }}files/thumb/4b2a646da8649ad/400\" width=\"400\" /> <span class=\"image-caption\">Ruangan Resto Kungfu</span> </span>Bukan hanya &nbsp;desain ruangan yang ditata seperti &nbsp;kedai kungfu,&nbsp; para &nbsp;<em>waiters</em>nya pun berdandan ala pendekar kungfu.&nbsp; Area resto tersebut dibagi-bagi menjadi beberapa perguruan kungfu. Semisal ; &nbsp;Jinshemen, Wudujiao, Gaibang, Shaolin Pai, Sechuan, Tianyingjiao, dan Emeipai.&nbsp; Area bergengsi berada di meja yang bertuliskan Xiaoyaopai,&nbsp; sebuah &nbsp;perguruan &nbsp;yang beranggotakan pria tampan, wanita cantik dengan kemahiran kungfu dan tenaga dalam yang hebat.&nbsp;</p>\n\n<p style=\"text-align: justify;\">Keunikan lain yang akan membuat Anda terkejut adalah sambutan para <em>waiter</em><em>s &nbsp;</em>tersebut dengan bahasa mandarin, kepada setiap tambu yang datang.&nbsp; <em>Da Xia Li Mian Jin</em>!&nbsp; atau <em>Silakan masuk pedekar!</em></p>\n\n<p style=\"text-align: justify;\">Dalam ruangan resto &nbsp;terdapat replika senjata-senjata pendekar cina yang sangat fenomenal.&nbsp; Misalnya : golok pembunuh naga, pedang shaolin, seruling, kipas, dan tongkat pemukul anjing. Banyak konsumen &nbsp;senang &nbsp;bermain dengan replika-replika senjata tersebut.&nbsp; &ldquo;Mereka senang berfoto-foto dengan sarana tersebut.&nbsp; Lalu mereka unggah ke media sosial.&nbsp; Ini tentu secara tidak langsung membantu pemasaran kami,&rdquo; tutur Thea.</p>\n\n<p style=\"text-align: justify;\">&nbsp;</p>\n\n<p style=\"text-align: justify;\"><span style=\"font-size:16px;\"><strong>Menu Cina Lidah Indonesia</strong></span></p>\n\n<p style=\"text-align: justify;\">&nbsp;<span class=\"alignment-right\" style=\"float:right\"><img alt=\"menu-menu di Resto Kungfu\" data-ibimage=\"true\" src=\"{{ url:site }}files/thumb/635542cbf42356d/400\" width=\"400\" /> <span class=\"image-caption\">menu-menu di Resto Kungfu</span> </span>Resto berkapasitas 40 orang&nbsp; dengan waktu operasional mulai pukul 11.00 hingga pukul 23.00 malam ini juga memiliki menu&nbsp; bernama unik seperti jurus kungfu. &nbsp;Misalnya : &nbsp;<em>Ilmu awet muda</em>, dan <em>Telapak tangan merah beracun</em>.&nbsp;</p>\n\n<p style=\"text-align: justify;\">Dinamai &nbsp;<em>Ilmu awet muda</em> lantaran ini &nbsp;adalah menu sehat.&nbsp; Terdiri &nbsp;atas &nbsp;berbagai macam sayuran di antaranya &nbsp;&nbsp;teratai, wortel, mentimun, jamur kuping, serta daun bawang yang ditumis dengan minyak wijen.&nbsp; Cocok bagi praktisi vegetarian. Menu andalan lain &nbsp;adalah &nbsp;Menu <em>Jurus Wanita Cantik.</em>&nbsp; Sosok menu ini memang cantik.&nbsp; Berupa hidangan fillet dada ayam yang digoreng &nbsp;tepung serta dibubuhi saus nanas.&nbsp; Disajikan di atas buah nanas.&nbsp; Menu-menu tersebut bisa dinikmati dengan menebusnya seharga Rp 14.000 &ndash; Rp 69.000</p>\n\n<p style=\"text-align: justify;\">Resto ini juga menyediakan berbagai ragam mie khas cina. Thea sengaja membuat mie sendiri.&nbsp; Sehingga memiliki rasa khas berbeda dengan cita rasa mie pada umumnya.&nbsp; Mie tersebut tidak ditambah dengan penyedap buatan, dan abu.&nbsp; Selain menyebabkan citarasa yang khas, mie seperti itu juga baik bagi kesehatan.&nbsp; Mie buatan Thea memiliki tekstur yang lebih kenyal dan halus.&nbsp;&nbsp;</p>\n\n<p style=\"text-align: justify;\">Dari&nbsp; &nbsp;6 jenis menu mie, yang paling disukai pengunjung&nbsp; adalah&nbsp; &nbsp;Mie jurus 6.&nbsp; &ldquo;Mie jurus 6 dibubuhi topping daging ayam cincang.&nbsp; Dilengkapi dengan sayur kecambah,&rdquo; kata wanita cantik berusia 27 tahun itu.&nbsp;&nbsp; Menu tersebut diadosi dari Cina. Namun soal rasa, Thea telah mengadaptasikan menu tersebut sesuai &nbsp;selera masyarakat Indonesia.&nbsp; &ldquo;Orang Cina menyukai masakan bercitarasa asam, sementara orang indomesia cenderung menyukai citarasa manis,&rdquo; tuturnya.</p>\n\n<p style=\"text-align: justify;\">Lokasi Pasar Lama, &nbsp;yang &nbsp;merupakan kawasan China Town di Tangerang, pas menjadi tempat usaha&nbsp; Tea.&nbsp; &nbsp;Kungfu Village&nbsp; memiliki&nbsp; 5 orang karyawan .&nbsp; Koki ada 3 orang dan pelayan 2 orang. Promosi yang dilakukan yaitu melalui sosial media dan menyebar brosur.</p>\n\n<p style=\"text-align: justify;\">&nbsp;</p>\n\n<p style=\"text-align: justify;\"><span class=\"alignment-none\"><img alt=\"Cover Resto Kungfu\" data-ibimage=\"true\" src=\"{{ url:site }}files/thumb/82a291cef0fe9e6/800\" width=\"800\" /> <span class=\"image-caption\">Cover Resto Kungfu</span> </span></p>\n\n<p style=\"text-align: justify;\"><span style=\"font-size:16px;\"><u><strong>Info Usaha</strong></u></span></p>\n\n<p style=\"text-align: justify;\">Modal : Rp 200 juta tidak termasuk bangunan</p>\n\n<p style=\"text-align: justify;\">Omzet : 40 pengunjung / hari dengan harga menu rata-rata Rp 14.000 &ndash; 69.000</p>\n\n<p style=\"text-align: justify;\">Tantangan :&nbsp; Memperkenalkan menu-menu khas Cina kepada masyarakat Indonesia</p>\n\n<p style=\"text-align: justify;\">Sumber : Thea Athalia, Alamat : Jl. Ki Samaun 148B, Pasar Lama, Tangerang.&nbsp; Telp. (021) 5573006<br />\n&nbsp;</p>','','dbd8767dcd2b009d047aa666d882e2fd',4,1372761840,1372761840,'no','draft','wysiwyg-advanced','83f9f08bc28f01079892286505f374ff','6c9a29873e22599','0',4),(50,'2013-07-02 10:54:00','2013-07-02 10:54:00',4,48,'Inilah yang dilakukan  Mardiastuti mantan perawat RSCM, Jakarta,  yang sukses sebagai pengusaha bubur bayi.  Kiprahnya di dunia bisnis, tidak semata-mata mencari keuntungan melainkan lebih pada  panggilan nurani membantu perbaikan gizi  balita dengan menyediakan makanan sehat  yang terjangkau.\n\n','Bubur Bayi  Hj. Dias :  Membantu Perbaikan Gizi, Disusul Datangnya Rezeki','bubur-bayi-hj-dias--membantu-perbaikan-gizi-disusul-datangnya-rezeki',1,1,'<p style=\"text-align: justify;\"><span class=\"alignment-left\" style=\"float:left\"><img alt=\"Mardiastuti, Hj.Ibu Dias\" data-ibimage=\"true\" height=\"241\" src=\"{{ url:site }}files/thumb/062ca0588dda264/400\" width=\"183\" /> <span class=\"image-caption\">Mardiastuti, Hj.Ibu</span></span>Meski sudah pensiun tahun 1998, Hj. Dias, panggilan Mardiastuti, &nbsp;warga&nbsp; Kayu Manis, Jakarta Timur, ini &nbsp;tidak pernah berhenti berkarya. &nbsp;Ide usaha ini tercetus dari keprihatinannya atas &nbsp;minimnya kualitas gizi makanan anak-anak di sekitar &nbsp;tempat tinggalnya. Ia sering melihat tetangganya membeli bubur ayam yang biasa mangkal di dekat rumah, untuk sarapan balitanya.&nbsp; &ldquo;Saya prihatin, bubur ayam itu kan memakai vetsin karena ditujukan untuk orang dewasa. Selain itu tidak memenuhi asupan gizi. Kalau pun memakai ayam dan kerupuk, yang makan <em>kan</em> ibunya. Anaknya hanya dikasi bubur dan kecap,&rdquo; ujar Dias. Keprihatinan itulah yang menggerakkan hati Hj. Dias. &ldquo;Saya ingin mereka bisa mengkonsumsi makanan bergizi.&rdquo;</p>\n\n<p style=\"text-align: justify;\">Suatu hari ia&nbsp; memasak bubur dengan campuran &nbsp;sayur dan daging. Ketika sudah matang, ia &nbsp;menggelar dagangannya di teras rumah dengan menggunakan panci &nbsp;yang ditata di atas meja. Tulisan di karton <em>Jual Bubur Bayi</em> dipasang di pagar rumahnya agar menarik perhatian. &nbsp;&ldquo;Banyak orang yang lewat pada <em>ngeliatin</em>. Waktu itu saya bikin 2 jenis bubur yaitu daging dan ayam. Harganya saat itu Rp 1000,/porsi,&rdquo; kenangnya. Saat itu ia hanya memasak &frac12; liter beras. Lantaran &nbsp;belum banyak orang tahu, hari itu hanya laku tiga porsi.</p>\n\n<p style=\"text-align: justify;\">Sepinya pembeli di hari pertama, membuat sang suami, Kudjati Susanto, melarang istrinya berjualan lagi. &ldquo;Waktu itu Bapak melarang saya berjualan . Apa kata orang, <em>masak</em> istri pensiunan Pertamina berjualan bubur?&rdquo; Hj. Dias menirukan kata-kata suaminya. &nbsp;Toh, akhirnya&nbsp; ia berhasil menyakinkan sang suami, apa yang dilakukannya itu untuk menolong orang banyak. &ldquo;Waktu itu saya bilang sama Bapak, saya bukan mencari materinya. Tapi hanya ingin membantu para balita untuk mendapatkan asupan gizi dari makanan sehat,&rdquo; ujarnya.</p>\n\n<p style=\"text-align: justify;\">&nbsp;</p>\n\n<p style=\"text-align: justify;\"><span style=\"font-size:16px;\"><strong>90 Mitra di Jabodetabek</strong></span></p>\n\n<p style=\"text-align: justify;\">Tak disangka, &nbsp;dari konsumen &nbsp;perdana itulah &nbsp;<em>words of mouth</em> tentang &nbsp;bubur bayi HJ. Dias menyebar ke seluruh tetangga, bahkan hingga ke luar daerah Kayu Manis. Semakin hari, pembeli yang datang semakin ramai. Jumlah produksi bubur pun semakin ditingkatkan. Yang awalnya hanya &frac12; liter, naik menjadi 5 liter, lalu naik lagi 10 liter, 15 liter, hingga 30 liter.</p>\n\n<p style=\"text-align: justify;\">&nbsp;</p>\n\n<p style=\"text-align: justify;\"><span class=\"alignment-none\"><img alt=\"Jualan Bubur\" data-ibimage=\"true\" src=\"{{ url:site }}files/thumb/e4aa0269796760f/800\" width=\"800\" /> <span class=\"image-caption\">Jualan Bubur</span> </span>Saat ini Dias sudah memiliki 90 cabang yang tersebar di Jabodetabek, dengan jumlah dapur produksi 12 buah. &ldquo;Untuk dapur produksi di luar daerah Kayu Manis, saya percayakan kepada anak-anak dan asisten. Sebelum mereka terjun langsung, saya adakan pelatihan. Saya juga masih rutin mengontrol setiap dapur produksi&nbsp; agar kualitas tetap terjaga, karena saya sangat menghindari vetsin dan bahan pengawet,. &ldquo; tegas wanita kelahiran Kebumen 1945 ini.</p>\n\n<p style=\"text-align: justify;\"><span class=\"alignment-right\" style=\"float:right\"><img alt=\"Daftar Bubur\" data-ibimage=\"true\" src=\"{{ url:site }}files/thumb/1ad06702ba2a99a/400\" width=\"400\" /> <span class=\"image-caption\">Daftar Bubur</span> </span></p>\n\n<p style=\"text-align: justify;\">Untuk&nbsp; menjaga standar takaran, &nbsp;ia&nbsp; menyiapkan sendok bubur yang sama agar &nbsp;volume &nbsp;bubur &nbsp;sama di semua cabang. &ldquo;Jadi kalau porsinya &nbsp;tidak sesuai standar, pelanggan bisa komplain ke nomor telepon saya,&rdquo; kata wanita berusia 66 tahun ini. Baginya, untung sedikit tidak masalah, yang penting rutin. &ldquo;Kepada mitra saya jual bubur Rp 1800 per porsi, dan mereka menjual dengan harga Rp 2.500. Niat saya kan menolong, tidak 100% bisnis murni,&rdquo; tambahnya.</p>\n\n<p style=\"text-align: justify;\">Dengan begitu, ia membuka lapangan pekerjaan bagi ibu rumah tangga, korban PHK, ataupun karyawan yang ingin mencari penghasilan tambahan dengan menjual makanan sehat.</p>','','e31bb2cb973109ffba3448240888749c',4,1372737240,1372737240,'no','draft','wysiwyg-advanced','af2be942fad2f832a720fd6fdd088bdb','406293fefab434f','0',4);
/*!40000 ALTER TABLE `default_articles` ENABLE KEYS */;
UNLOCK TABLES;

--
-- Table structure for table `default_blog`
--

DROP TABLE IF EXISTS `default_blog`;
/*!40101 SET @saved_cs_client     = @@character_set_client */;
/*!40101 SET character_set_client = utf8 */;
CREATE TABLE `default_blog` (
  `id` int(9) NOT NULL AUTO_INCREMENT,
  `created` datetime NOT NULL,
  `updated` datetime DEFAULT NULL,
  `created_by` int(11) DEFAULT NULL,
  `ordering_count` int(11) DEFAULT NULL,
  `intro` longtext COLLATE utf8_unicode_ci,
  `title` varchar(200) COLLATE utf8_unicode_ci NOT NULL,
  `slug` varchar(200) COLLATE utf8_unicode_ci NOT NULL,
  `category_id` int(11) NOT NULL,
  `body` text COLLATE utf8_unicode_ci NOT NULL,
  `parsed` text COLLATE utf8_unicode_ci NOT NULL,
  `keywords` varchar(32) COLLATE utf8_unicode_ci NOT NULL DEFAULT '',
  `author_id` int(11) NOT NULL DEFAULT '0',
  `created_on` int(11) NOT NULL,
  `updated_on` int(11) NOT NULL DEFAULT '0',
  `comments_enabled` enum('no','1 day','1 week','2 weeks','1 month','3 months','always') COLLATE utf8_unicode_ci NOT NULL DEFAULT '3 months',
  `status` enum('draft','live') COLLATE utf8_unicode_ci NOT NULL DEFAULT 'draft',
  `type` set('html','markdown','wysiwyg-advanced','wysiwyg-simple') COLLATE utf8_unicode_ci NOT NULL,
  `preview_hash` char(32) COLLATE utf8_unicode_ci NOT NULL DEFAULT '',
  `thumb_image` char(15) COLLATE utf8_unicode_ci DEFAULT NULL,
  PRIMARY KEY (`id`)
) ENGINE=InnoDB AUTO_INCREMENT=63 DEFAULT CHARSET=utf8 COLLATE=utf8_unicode_ci;
/*!40101 SET character_set_client = @saved_cs_client */;

--
-- Dumping data for table `default_blog`
--

LOCK TABLES `default_blog` WRITE;
/*!40000 ALTER TABLE `default_blog` DISABLE KEYS */;
INSERT INTO `default_blog` VALUES (54,'2017-06-21 08:58:00','2017-06-21 08:58:00',1,2,'Pembongkaran Reklame di Berastagi dan Kabanjahe','Pembongkaran Rekelame Yang diadakan Di Daerah Berastagi dan Kabanjahe','pembongkaran_rekelame',1,'<span class=\"alignment-none\"><img alt=\"IMG_20170525_020848.jpg\" data-ibimage=\"true\" height=\"670\" src=\"{{ url:site }}files/large/96def3fa57f3db9\" width=\"709\" />&nbsp;</span><span class=\"alignment-none\"><img alt=\"IMG_20170524_223202_HDR.jpg\" data-ibimage=\"true\" height=\"678\" src=\"{{ url:site }}files/large/e829250b3fcdcb7\" width=\"904\" /></span><span class=\"alignment-none\"> <span class=\"image-caption\">IMG_20170524_223202_HDR.jpg</span> &nbsp; <span class=\"image-caption\">Pembongkaran Rekelame Yang di Adakan di Kecamatan Berastagi dan kabanjahe yang di Laksanakan Pada tanggal 24 Mei s/d&nbsp; 04 Juni 2017<br />\noleh bidang Pengawasan dari dinas Perizinan dan Penanaman Modal Terpadu Satu Pintu</span></span>','','',1,1498035480,1498035480,'no','live','wysiwyg-advanced','','c49457433e3de69'),(55,'2017-06-29 11:03:00','2017-06-29 11:03:00',1,3,'sosialisasi','Sosialisasi Yang Diadakan Di Rudang Hotel','Sosialisasi',1,'<span class=\"alignment-none\"><img alt=\"dsc_0394-800x445.jpg\" data-ibimage=\"true\" src=\"{{ url:site }}files/large/311f7c0ad261c9f\" /> <span class=\"image-caption\">dsc_0394-800x445.jpg</span> &nbsp;&nbsp;&nbsp; &nbsp;</span><br />\nSosialisasi Yang Diadakan Di Rudang Hotel Oleh DPM-PPTSP KARO tahun 2017','','',1,1498734180,1498734180,'no','live','wysiwyg-advanced','','ca1b75108c56359'),(56,'2017-05-04 08:15:00','2017-05-04 08:15:00',1,4,'Pekan Inovasi Sumatera Utara','Pekan Inovasi Sumatera Utara 2017 yang diadakan di Medan','pekan-inovasi-sumatera-utara-2017-yang-diadakan-di-medan',1,'<span class=\"alignment-none\">&nbsp;<span class=\"image-caption\">img_1781.jpg</span> &nbsp;<img alt=\"20170511_155444.jpg\" data-ibimage=\"true\" src=\"{{ url:site }}files/large/9226d8b77efc898\" /> <span class=\"image-caption\">20170511_155444.jpg</span> &nbsp;<span class=\"image-caption\">20170511_155444.jpg</span> </span>','','',1,1493885700,1493885700,'no','live','wysiwyg-advanced','','c7ef7c6f2937b99'),(57,'2017-07-06 08:44:00',NULL,1,5,'Festival Buah dan Bunga','Festival Buah dan Bunga 2017 yang diadakan di Berastagi','festival-buah-dan-bunga-2017-yang-diadakan-di-berastagi',1,'<span class=\"alignment-none\"><img alt=\"img_1773.jpg\" data-ibimage=\"true\" src=\"{{ url:site }}files/large/ebd93a9d8f19bd8\" /> <span class=\"image-caption\">img_1773.jpg</span> </span>','','',1,1499330640,0,'no','live','wysiwyg-advanced','','86ce8742b2d6b84'),(58,'2017-08-17 08:35:00','2017-08-17 08:35:00',1,6,'Penyerahan Trophy','Penyerahan Trophy 17 Agustus 2017 di Lapangan Samura','penyerahan-trophy-17-agustus-2017-di-lapangan-samura',1,'<span class=\"alignment-none\"><img alt=\"img_2180.jpg\" data-ibimage=\"true\" src=\"{{ url:site }}files/large/acb4579fa68a447\" /> <span class=\"image-caption\">img_2180.jpg</span> </span>','','',1,1502958900,1502958900,'no','live','wysiwyg-advanced','','4654e33f2ae1004'),(59,'2017-03-13 06:23:00',NULL,1,7,'Kerjasama DPM-PPTSP Karo dengan DPM-PPTSP Deli Serdang','Kesepakatan Bersama antara Dinas DPM-PPTSP Deli Serdang dengan Dinas DPM-PPTSP Kab. Karo','kesepakatan-bersama-antara-dinas-dpmpptsp-deli-serdang-dengan-dinas-dpmpptsp-kab-karo',1,'<span class=\"alignment-none\"><img alt=\"img_2219.jpg\" data-ibimage=\"true\" src=\"{{ url:site }}files/large/26a8588fb5c5cfc\" /> <span class=\"image-caption\">img_2219.jpg</span> </span><span class=\"alignment-none\"><img alt=\"img_2220.jpg\" data-ibimage=\"true\" src=\"{{ url:site }}files/large/da732a5b303e80d\" /> <span class=\"image-caption\">img_2220.jpg</span> </span><span class=\"alignment-none\"><img alt=\"img_2220.jpg\" data-ibimage=\"true\" src=\"{{ url:site }}files/large/da732a5b303e80d\" /> <span class=\"image-caption\">img_2220.jpg</span> </span>','','',1,1489386180,0,'no','live','wysiwyg-advanced','','4074da0b94967bd'),(60,'2017-08-31 09:15:00','2017-08-31 09:15:00',1,8,'Launching E-Perizinan siCantik','Launching E-Perizinan siCantik','launching-eperizinan-sicantik',1,'<span class=\"alignment-none\"><img alt=\"img_2326.jpg\" data-ibimage=\"true\" src=\"{{ url:site }}files/large/88b20afd55aa405\" /> <span class=\"image-caption\">img_2326.jpg</span> </span>','','',1,1504170900,1504170900,'no','live','wysiwyg-advanced','','fad6d239dd01b36'),(61,'2017-08-31 12:24:00',NULL,1,9,'Kerjasama DPM-PPTSP &amp; BPJS Ketenagakerjaan','Kerjasama DPM-PPTSP &amp; BPJS Ketenagakerjaan','kerjasama-dpmpptsp-and-bpjs-ketenagakerjaan',1,'<span class=\"alignment-none\"><img alt=\"img_2354.jpg\" data-ibimage=\"true\" src=\"{{ url:site }}files/large/8e0c77cd0721dda\" /> <span class=\"image-caption\">img_2354.jpg</span> </span>','','',1,1504182240,0,'no','live','wysiwyg-advanced','','1cdfd6f5c4374d2'),(62,'2017-10-22 09:54:00',NULL,1,10,'Pembongkaran Reklame 23 &amp; 24 Oktober yang dilakukan di Kabanjahe dan Berastagi','Pembongkaran Reklame 23 &amp; 24 Oktober di Kabanjahe dan Berastagi','pembongkaran-reklame-23-and-24-oktober-di-kabanjahe-dan-berastagi',1,'<span class=\"alignment-none\"><img alt=\"img_2855.jpg\" data-ibimage=\"true\" src=\"{{ url:site }}files/large/999f4bfd18a1f06\" /> <span class=\"image-caption\">img_2855.jpg</span> </span>','','',1,1508666040,0,'no','live','wysiwyg-advanced','','13059b42ddea5ef');
/*!40000 ALTER TABLE `default_blog` ENABLE KEYS */;
UNLOCK TABLES;

--
-- Table structure for table `default_blog_categories`
--

DROP TABLE IF EXISTS `default_blog_categories`;
/*!40101 SET @saved_cs_client     = @@character_set_client */;
/*!40101 SET character_set_client = utf8 */;
CREATE TABLE `default_blog_categories` (
  `id` int(11) NOT NULL AUTO_INCREMENT,
  `slug` varchar(100) COLLATE utf8_unicode_ci NOT NULL,
  `title` varchar(100) COLLATE utf8_unicode_ci NOT NULL,
  PRIMARY KEY (`id`),
  UNIQUE KEY `unique_slug` (`slug`),
  UNIQUE KEY `unique_title` (`title`),
  KEY `slug` (`slug`)
) ENGINE=InnoDB AUTO_INCREMENT=5 DEFAULT CHARSET=utf8 COLLATE=utf8_unicode_ci;
/*!40101 SET character_set_client = @saved_cs_client */;

--
-- Dumping data for table `default_blog_categories`
--

LOCK TABLES `default_blog_categories` WRITE;
/*!40000 ALTER TABLE `default_blog_categories` DISABLE KEYS */;
INSERT INTO `default_blog_categories` VALUES (1,'informasi','Informasi'),(2,'kegiatan-bpmptsp','Kegiatan BPMPTSP'),(3,'potensi-daerah','Potensi Daerah'),(4,'peluang-investasi','Peluang Investasi');
/*!40000 ALTER TABLE `default_blog_categories` ENABLE KEYS */;
UNLOCK TABLES;

--
-- Table structure for table `default_ci_sessions`
--

DROP TABLE IF EXISTS `default_ci_sessions`;
/*!40101 SET @saved_cs_client     = @@character_set_client */;
/*!40101 SET character_set_client = utf8 */;
CREATE TABLE `default_ci_sessions` (
  `session_id` varchar(40) COLLATE utf8_unicode_ci NOT NULL DEFAULT '0',
  `ip_address` varchar(45) COLLATE utf8_unicode_ci NOT NULL DEFAULT '0',
  `user_agent` varchar(120) COLLATE utf8_unicode_ci NOT NULL,
  `last_activity` int(10) unsigned NOT NULL DEFAULT '0',
  `user_data` text COLLATE utf8_unicode_ci,
  PRIMARY KEY (`session_id`),
  KEY `last_activity_idx` (`last_activity`)
) ENGINE=MyISAM DEFAULT CHARSET=utf8 COLLATE=utf8_unicode_ci;
/*!40101 SET character_set_client = @saved_cs_client */;

--
-- Dumping data for table `default_ci_sessions`
--

LOCK TABLES `default_ci_sessions` WRITE;
/*!40000 ALTER TABLE `default_ci_sessions` DISABLE KEYS */;
INSERT INTO `default_ci_sessions` VALUES ('41039993f2af867c7bf9ff4c07b35047','10.10.100.77','Mozilla/5.0 (X11; Linux x86_64) AppleWebKit/537.36 (KHTML, like Gecko) Chrome/55.0.2883.87 Safari/537.36',1509396269,'a:1:{s:13:\"theme_session\";O:8:\"stdClass\":7:{s:2:\"id\";s:1:\"1\";s:5:\"order\";s:1:\"1\";s:13:\"nama_instansi\";s:24:\"DPM-PPTSP Kabupaten Karo\";s:11:\"warna_dasar\";s:7:\"#cc3333\";s:11:\"logo_portal\";s:15:\"30b258dda3bc4dc\";s:13:\"logo_instansi\";s:15:\"c059def895fb144\";s:11:\"logo_footer\";s:15:\"6020afceacea606\";}}');
/*!40000 ALTER TABLE `default_ci_sessions` ENABLE KEYS */;
UNLOCK TABLES;

--
-- Table structure for table `default_comment_blacklists`
--

DROP TABLE IF EXISTS `default_comment_blacklists`;
/*!40101 SET @saved_cs_client     = @@character_set_client */;
/*!40101 SET character_set_client = utf8 */;
CREATE TABLE `default_comment_blacklists` (
  `id` int(11) NOT NULL AUTO_INCREMENT,
  `website` varchar(255) COLLATE utf8_unicode_ci NOT NULL DEFAULT '',
  `email` varchar(150) COLLATE utf8_unicode_ci NOT NULL DEFAULT '',
  PRIMARY KEY (`id`)
) ENGINE=InnoDB DEFAULT CHARSET=utf8 COLLATE=utf8_unicode_ci;
/*!40101 SET character_set_client = @saved_cs_client */;

--
-- Dumping data for table `default_comment_blacklists`
--

LOCK TABLES `default_comment_blacklists` WRITE;
/*!40000 ALTER TABLE `default_comment_blacklists` DISABLE KEYS */;
/*!40000 ALTER TABLE `default_comment_blacklists` ENABLE KEYS */;
UNLOCK TABLES;

--
-- Table structure for table `default_comments`
--

DROP TABLE IF EXISTS `default_comments`;
/*!40101 SET @saved_cs_client     = @@character_set_client */;
/*!40101 SET character_set_client = utf8 */;
CREATE TABLE `default_comments` (
  `id` int(11) NOT NULL AUTO_INCREMENT,
  `is_active` int(1) NOT NULL DEFAULT '0',
  `user_id` int(11) NOT NULL DEFAULT '0',
  `user_name` varchar(40) COLLATE utf8_unicode_ci NOT NULL DEFAULT '',
  `user_email` varchar(40) COLLATE utf8_unicode_ci NOT NULL DEFAULT '',
  `user_website` varchar(255) COLLATE utf8_unicode_ci NOT NULL,
  `comment` text COLLATE utf8_unicode_ci NOT NULL,
  `parsed` text COLLATE utf8_unicode_ci NOT NULL,
  `module` varchar(40) COLLATE utf8_unicode_ci NOT NULL,
  `entry_id` varchar(255) COLLATE utf8_unicode_ci NOT NULL DEFAULT '0',
  `entry_title` char(255) COLLATE utf8_unicode_ci NOT NULL,
  `entry_key` varchar(100) COLLATE utf8_unicode_ci NOT NULL,
  `entry_plural` varchar(100) COLLATE utf8_unicode_ci NOT NULL,
  `uri` varchar(255) COLLATE utf8_unicode_ci DEFAULT NULL,
  `cp_uri` varchar(255) COLLATE utf8_unicode_ci DEFAULT NULL,
  `created_on` int(11) NOT NULL DEFAULT '0',
  `ip_address` varchar(45) COLLATE utf8_unicode_ci NOT NULL DEFAULT '',
  PRIMARY KEY (`id`)
) ENGINE=InnoDB DEFAULT CHARSET=utf8 COLLATE=utf8_unicode_ci;
/*!40101 SET character_set_client = @saved_cs_client */;

--
-- Dumping data for table `default_comments`
--

LOCK TABLES `default_comments` WRITE;
/*!40000 ALTER TABLE `default_comments` DISABLE KEYS */;
/*!40000 ALTER TABLE `default_comments` ENABLE KEYS */;
UNLOCK TABLES;

--
-- Table structure for table `default_contact_log`
--

DROP TABLE IF EXISTS `default_contact_log`;
/*!40101 SET @saved_cs_client     = @@character_set_client */;
/*!40101 SET character_set_client = utf8 */;
CREATE TABLE `default_contact_log` (
  `id` int(11) NOT NULL AUTO_INCREMENT,
  `email` varchar(255) COLLATE utf8_unicode_ci NOT NULL DEFAULT '',
  `subject` varchar(255) COLLATE utf8_unicode_ci NOT NULL DEFAULT '',
  `message` text COLLATE utf8_unicode_ci NOT NULL,
  `sender_agent` varchar(255) COLLATE utf8_unicode_ci NOT NULL DEFAULT '',
  `sender_ip` varchar(45) COLLATE utf8_unicode_ci NOT NULL DEFAULT '',
  `sender_os` varchar(255) COLLATE utf8_unicode_ci NOT NULL DEFAULT '',
  `sent_at` int(11) NOT NULL DEFAULT '0',
  `attachments` text COLLATE utf8_unicode_ci NOT NULL,
  PRIMARY KEY (`id`)
) ENGINE=InnoDB AUTO_INCREMENT=4 DEFAULT CHARSET=utf8 COLLATE=utf8_unicode_ci;
/*!40101 SET character_set_client = @saved_cs_client */;

--
-- Dumping data for table `default_contact_log`
--

LOCK TABLES `default_contact_log` WRITE;
/*!40000 ALTER TABLE `default_contact_log` DISABLE KEYS */;
INSERT INTO `default_contact_log` VALUES (1,'j.fndlee@gmail.com','Portal Agam :: Support','This message was sent via the contact form on with the following details:\n				<hr />\n				IP Address: ::1\n				OS Unknown Windows OS\n				Agent Firefox 27.0\n				<hr />\n				Support Agam\n\n				Efendi,\n				\n				j.fndlee@gmail.com','Firefox 27.0','::1','Unknown Windows OS',1393083942,''),(2,'j.fndlee@gmail.com','Portal Agam :: Support','This message was sent via the contact form on with the following details:\n				<hr />\n				IP Address: ::1\n				OS Unknown Windows OS\n				Agent Firefox 27.0\n				<hr />\n				Support Agam\r\n\n\n				Efendi,\n				\n				j.fndlee@gmail.com','Firefox 27.0','::1','Unknown Windows OS',1393083991,''),(3,'j.fndlee@gmail.com','Portal Agam :: Support','This message was sent via the contact form on with the following details:\n				<hr />\n				IP Address: ::1\n				OS Unknown Windows OS\n				Agent Firefox 27.0\n				<hr />\n				support agam\n\n				Efendi,\n				\n				j.fndlee@gmail.com','Firefox 27.0','::1','Unknown Windows OS',1393084141,'');
/*!40000 ALTER TABLE `default_contact_log` ENABLE KEYS */;
UNLOCK TABLES;

--
-- Table structure for table `default_daftar_layanan`
--

DROP TABLE IF EXISTS `default_daftar_layanan`;
/*!40101 SET @saved_cs_client     = @@character_set_client */;
/*!40101 SET character_set_client = utf8 */;
CREATE TABLE `default_daftar_layanan` (
  `id` int(11) NOT NULL AUTO_INCREMENT,
  `order` int(11) DEFAULT NULL,
  `file_download` varchar(100) COLLATE utf8_unicode_ci NOT NULL,
  `jenis_file` varchar(100) COLLATE utf8_unicode_ci NOT NULL,
  `file_desc` varchar(250) COLLATE utf8_unicode_ci NOT NULL,
  `jenis_izin` int(11) NOT NULL,
  `nama_perizinan` varchar(250) COLLATE utf8_unicode_ci NOT NULL,
  `published` int(1) NOT NULL,
  `created` datetime DEFAULT NULL,
  `updated` datetime DEFAULT NULL,
  PRIMARY KEY (`id`)
) ENGINE=MyISAM AUTO_INCREMENT=38 DEFAULT CHARSET=utf8 COLLATE=utf8_unicode_ci;
/*!40101 SET character_set_client = @saved_cs_client */;

--
-- Dumping data for table `default_daftar_layanan`
--

LOCK TABLES `default_daftar_layanan` WRITE;
/*!40000 ALTER TABLE `default_daftar_layanan` DISABLE KEYS */;
INSERT INTO `default_daftar_layanan` VALUES (17,NULL,'d5a3ff3ec31064c','Formulir','Permohonan IMB Sekolah',16,'IMB GEDUNG ',1,'2017-06-29 08:57:00','2017-07-27 15:58:38'),(16,NULL,'813bc4adeb4ba4c','Formulir','Permohonan IMB Rumah Ibadah',16,'IMB GEDUNG ',1,'2017-06-29 08:55:48','2017-07-27 16:07:54'),(15,NULL,'542220b5aab9739','Formulir','Permohonan IMB Perumahan',16,'IMB GEDUNG ',1,'2017-06-29 08:55:09','2017-07-27 16:08:10'),(13,NULL,'8afed0b00745cca','Formulir','Pemohonan Perpanjangan HO',4,'IZIN GANGGUAN  USAHA (HO)',1,'2017-06-29 08:37:08','2017-07-27 16:08:55'),(12,NULL,'10cae87ca1d8c2e','Formulir','Perubahan Izin HO',4,'IZIN GANGGUAN  USAHA (HO)',1,'2017-06-29 07:44:23','2017-07-27 16:10:45'),(18,NULL,'cdc3f9919311af0','Formulir','Permohonan IMB  Tower',16,'IMB GEDUNG ',1,'2017-06-29 08:57:30','2017-08-15 02:35:13'),(19,NULL,'2b682d01ef450da','Formulir','Permohonan IMB',16,'IMB GEDUNG ',1,'2017-06-29 08:58:33','2017-07-27 16:12:01'),(23,NULL,'5917bbbb2ae47b4','Formulir','Permohonan Reklame',26,'IZIN REKLAME',1,'2017-06-29 09:03:28','2017-07-27 16:26:28'),(24,NULL,'7b909e9ad1fa9ee','Formulir','Permohonan Perpanjangan Reklame',26,'IZIN REKLAME',1,'2017-06-29 09:03:54','2017-07-27 16:27:01'),(25,NULL,'c2b95a93d1dc53e','Formulir','Surat Pernyataan Bertanggungjawab atas Reklame',26,'IZIN REKLAME',1,'2017-06-29 09:05:36','2017-07-27 16:27:20'),(26,NULL,'d9ee32d1bc0e83b','Formulir','Permohonan Cabang SIUP',2,'SURAT IZIN USAHA PERDAGANGAN',1,'2017-06-29 09:06:04','2017-07-27 16:27:43'),(27,NULL,'c9ebd8dd2aaf102','Formulir','Permohonan Pembaharuan SIUP',2,'SURAT IZIN USAHA PERDAGANGAN',1,'2017-06-29 09:07:00','2017-07-27 16:28:48'),(28,NULL,'2ca3b0a0abc8276','Formulir','Permohonan SIUP',2,'SURAT IZIN USAHA PERDAGANGAN',1,'2017-06-29 09:07:29','2017-08-15 02:45:44'),(29,NULL,'cbe39e3a3c444a4','Formulir','Rekomendasi SIUP dan TDP',2,'SURAT IZIN USAHA PERDAGANGAN',1,'2017-06-29 09:07:55','2017-07-27 16:29:17'),(32,NULL,'946d294f409f954','Formulir','Permohonan Izin Warnet',4,'IZIN GANGGUAN  USAHA (HO)',1,'2017-06-29 09:10:23','2017-07-27 16:30:21'),(33,NULL,'f0eace4d731907f','Formulir','Permohonan HO',4,'IZIN GANGGUAN  USAHA (HO)',1,'2017-06-29 09:10:58','2017-07-27 16:30:41'),(34,NULL,'21c390a5220d82d','Formulir','Permohonan Usaha Perkebunan - Pengolahan',4,'IZIN GANGGUAN  USAHA (HO)',1,'2017-06-29 09:13:18','2017-07-27 16:31:09'),(35,NULL,'e2fdd5e3a2cde9f','Formulir','Rekomendasi Usaha Warnet',4,'IZIN GANGGUAN  USAHA (HO)',1,'2017-06-29 09:15:34','2017-07-27 16:28:02'),(37,NULL,'e112018711da83b','Formulir','PERMOHONAN HO Perpanjangan',4,'IZIN GANGGUAN  USAHA (HO)',1,'2017-07-27 15:56:00','2017-07-27 15:56:47');
/*!40000 ALTER TABLE `default_daftar_layanan` ENABLE KEYS */;
UNLOCK TABLES;

--
-- Table structure for table `default_dasar_hukum`
--

DROP TABLE IF EXISTS `default_dasar_hukum`;
/*!40101 SET @saved_cs_client     = @@character_set_client */;
/*!40101 SET character_set_client = utf8 */;
CREATE TABLE `default_dasar_hukum` (
  `id` int(11) NOT NULL AUTO_INCREMENT,
  `order` int(11) DEFAULT NULL,
  `pdf_dasar_hukum` varchar(100) COLLATE utf8_unicode_ci DEFAULT NULL,
  `nama_dasar_hukum` varchar(250) COLLATE utf8_unicode_ci NOT NULL,
  `published` int(1) NOT NULL,
  `created` datetime DEFAULT NULL,
  `updated` datetime DEFAULT NULL,
  PRIMARY KEY (`id`)
) ENGINE=MyISAM AUTO_INCREMENT=18 DEFAULT CHARSET=utf8 COLLATE=utf8_unicode_ci;
/*!40101 SET character_set_client = @saved_cs_client */;

--
-- Dumping data for table `default_dasar_hukum`
--

LOCK TABLES `default_dasar_hukum` WRITE;
/*!40000 ALTER TABLE `default_dasar_hukum` DISABLE KEYS */;
INSERT INTO `default_dasar_hukum` VALUES (7,NULL,'68e7eed63a24e90','Permendagri 27 Tahun 2009',1,'2017-06-21 08:47:58','2017-08-23 07:32:38'),(16,NULL,'5249a7abeb4d198','Peraturan Bupati Karo No. 7 THN 2007',1,'2017-08-23 07:27:26','2017-08-23 07:36:09'),(9,NULL,'69a0145f5a6ede0','Peraturan Bupati Karo Nomor 312 Tahun 2012',1,'2017-06-29 05:40:57','2017-08-23 07:34:57'),(10,NULL,'7068891349b49ee','Peraturan Daerah Kab Karo Nomor 05 Tahun 2013',1,'2017-06-29 06:03:36','2017-08-23 07:36:33'),(12,NULL,'3cafcbab2084c02','Peraturan Daerah Kab Karo Nomor 06 Tahun 2012',1,'2017-06-29 06:10:36','2017-08-23 07:36:47'),(13,NULL,'ddbac4f845f656d','Peraturan Bupat Karo Nomor 21 Tahun 2015',1,'2017-06-29 06:13:31','2017-08-23 07:37:10'),(14,NULL,'b8fb10fe4caa568','Peraturan Bupati Karo Nomor 22 Tahun 2015',1,'2017-06-29 06:16:18','2017-08-23 07:37:23'),(15,NULL,'7341ded38870114','Peraturan Bupati Karo Nomor 06 Tahun 2007',1,'2017-06-29 06:26:26','2017-08-23 07:37:57'),(17,NULL,'655cec415acfbe7','Peraturan Bupati Karo 23 THN 2015',1,'2017-08-23 07:29:26','2017-08-23 07:38:19');
/*!40000 ALTER TABLE `default_dasar_hukum` ENABLE KEYS */;
UNLOCK TABLES;

--
-- Table structure for table `default_data_field_assignments`
--

DROP TABLE IF EXISTS `default_data_field_assignments`;
/*!40101 SET @saved_cs_client     = @@character_set_client */;
/*!40101 SET character_set_client = utf8 */;
CREATE TABLE `default_data_field_assignments` (
  `id` int(11) unsigned NOT NULL AUTO_INCREMENT,
  `sort_order` int(11) NOT NULL,
  `stream_id` int(11) NOT NULL,
  `field_id` int(11) NOT NULL,
  `is_required` enum('yes','no') COLLATE utf8_unicode_ci NOT NULL DEFAULT 'no',
  `is_unique` enum('yes','no') COLLATE utf8_unicode_ci NOT NULL DEFAULT 'no',
  `instructions` text COLLATE utf8_unicode_ci,
  `field_name` varchar(255) COLLATE utf8_unicode_ci DEFAULT NULL,
  PRIMARY KEY (`id`)
) ENGINE=InnoDB AUTO_INCREMENT=55 DEFAULT CHARSET=utf8 COLLATE=utf8_unicode_ci;
/*!40101 SET character_set_client = @saved_cs_client */;

--
-- Dumping data for table `default_data_field_assignments`
--

LOCK TABLES `default_data_field_assignments` WRITE;
/*!40000 ALTER TABLE `default_data_field_assignments` DISABLE KEYS */;
INSERT INTO `default_data_field_assignments` VALUES (1,1,1,1,'yes','no',NULL,NULL),(2,1,2,2,'no','no',NULL,NULL),(3,1,3,3,'yes','no',NULL,NULL),(4,2,3,4,'yes','no',NULL,NULL),(5,3,3,5,'no','no',NULL,NULL),(6,4,3,6,'no','no',NULL,NULL),(7,5,3,7,'no','no',NULL,NULL),(8,6,3,8,'no','no',NULL,NULL),(9,7,3,9,'no','no',NULL,NULL),(10,8,3,10,'no','no',NULL,NULL),(11,9,3,11,'no','no',NULL,NULL),(12,10,3,12,'no','no',NULL,NULL),(13,11,3,13,'no','no',NULL,NULL),(14,12,3,14,'no','no',NULL,NULL),(15,13,3,15,'no','no',NULL,NULL),(16,14,3,16,'no','no',NULL,NULL),(17,1,4,17,'yes','no','',NULL),(18,2,4,18,'no','no','',NULL),(19,3,4,19,'no','no','Show article in slideshow?',NULL),(20,4,4,20,'no','no','',NULL),(54,2,1,50,'no','no','Thumbnail untuk ditampilkan di daftar',NULL);
/*!40000 ALTER TABLE `default_data_field_assignments` ENABLE KEYS */;
UNLOCK TABLES;

--
-- Table structure for table `default_data_fields`
--

DROP TABLE IF EXISTS `default_data_fields`;
/*!40101 SET @saved_cs_client     = @@character_set_client */;
/*!40101 SET character_set_client = utf8 */;
CREATE TABLE `default_data_fields` (
  `id` int(11) unsigned NOT NULL AUTO_INCREMENT,
  `field_name` varchar(60) COLLATE utf8_unicode_ci NOT NULL,
  `field_slug` varchar(60) COLLATE utf8_unicode_ci NOT NULL,
  `field_namespace` varchar(60) COLLATE utf8_unicode_ci DEFAULT NULL,
  `field_type` varchar(50) COLLATE utf8_unicode_ci NOT NULL,
  `field_data` blob,
  `view_options` blob,
  `is_locked` enum('yes','no') COLLATE utf8_unicode_ci NOT NULL DEFAULT 'no',
  PRIMARY KEY (`id`)
) ENGINE=InnoDB AUTO_INCREMENT=51 DEFAULT CHARSET=utf8 COLLATE=utf8_unicode_ci;
/*!40101 SET character_set_client = @saved_cs_client */;

--
-- Dumping data for table `default_data_fields`
--

LOCK TABLES `default_data_fields` WRITE;
/*!40000 ALTER TABLE `default_data_fields` DISABLE KEYS */;
INSERT INTO `default_data_fields` VALUES (1,'lang:blog:intro_label','intro','blogs','wysiwyg','a:2:{s:11:\"editor_type\";s:6:\"simple\";s:10:\"allow_tags\";s:1:\"y\";}',NULL,'no'),(2,'lang:pages:body_label','body','pages','wysiwyg','a:2:{s:11:\"editor_type\";s:8:\"advanced\";s:10:\"allow_tags\";s:1:\"y\";}',NULL,'no'),(3,'lang:user:first_name_label','first_name','users','text','a:2:{s:10:\"max_length\";i:50;s:13:\"default_value\";N;}',NULL,'no'),(4,'lang:user:last_name_label','last_name','users','text','a:2:{s:10:\"max_length\";i:50;s:13:\"default_value\";N;}',NULL,'no'),(5,'lang:profile_company','company','users','text','a:2:{s:10:\"max_length\";i:100;s:13:\"default_value\";N;}',NULL,'no'),(6,'lang:profile_bio','bio','users','textarea','a:3:{s:12:\"default_text\";N;s:10:\"allow_tags\";N;s:12:\"content_type\";N;}',NULL,'no'),(7,'lang:user:lang','lang','users','pyro_lang','a:1:{s:12:\"filter_theme\";s:3:\"yes\";}',NULL,'no'),(8,'lang:profile_dob','dob','users','datetime','a:5:{s:8:\"use_time\";s:2:\"no\";s:10:\"start_date\";s:5:\"-100Y\";s:8:\"end_date\";N;s:7:\"storage\";s:4:\"unix\";s:10:\"input_type\";s:8:\"dropdown\";}',NULL,'no'),(9,'lang:profile_gender','gender','users','choice','a:5:{s:11:\"choice_data\";s:34:\" : Not Telling\nm : Male\nf : Female\";s:11:\"choice_type\";s:8:\"dropdown\";s:13:\"default_value\";N;s:11:\"min_choices\";N;s:11:\"max_choices\";N;}',NULL,'no'),(10,'lang:profile_phone','phone','users','text','a:2:{s:10:\"max_length\";i:20;s:13:\"default_value\";N;}',NULL,'no'),(11,'lang:profile_mobile','mobile','users','text','a:2:{s:10:\"max_length\";i:20;s:13:\"default_value\";N;}',NULL,'no'),(12,'lang:profile_address_line1','address_line1','users','text','a:2:{s:10:\"max_length\";N;s:13:\"default_value\";N;}',NULL,'no'),(13,'lang:profile_address_line2','address_line2','users','text','a:2:{s:10:\"max_length\";N;s:13:\"default_value\";N;}',NULL,'no'),(14,'lang:profile_address_line3','address_line3','users','text','a:2:{s:10:\"max_length\";N;s:13:\"default_value\";N;}',NULL,'no'),(15,'lang:profile_address_postcode','postcode','users','text','a:2:{s:10:\"max_length\";i:20;s:13:\"default_value\";N;}',NULL,'no'),(16,'lang:profile_website','website','users','url',NULL,NULL,'no'),(17,'lang:articles:intro_label','intro','articles','textarea','a:3:{s:12:\"default_text\";s:0:\"\";s:10:\"allow_tags\";s:1:\"y\";s:12:\"content_type\";s:4:\"text\";}',NULL,'no'),(18,'Featured Image','featured_image','articles','image','a:5:{s:6:\"folder\";s:1:\"1\";s:12:\"resize_width\";s:0:\"\";s:13:\"resize_height\";s:0:\"\";s:10:\"keep_ratio\";s:3:\"yes\";s:13:\"allowed_types\";s:0:\"\";}',NULL,'no'),(19,'Slideshow','slideshow','articles','choice','a:5:{s:11:\"choice_data\";s:14:\"0 : No\n1 : Yes\";s:11:\"choice_type\";s:5:\"radio\";s:13:\"default_value\";s:1:\"0\";s:11:\"min_choices\";s:0:\"\";s:11:\"max_choices\";s:0:\"\";}',NULL,'no'),(20,'Author','author','articles','user','a:1:{s:14:\"restrict_group\";s:2:\"no\";}',NULL,'no'),(21,'lang:api:api_key','key','api','text','a:2:{s:10:\"max_length\";i:40;s:13:\"default_value\";N;}',NULL,'no'),(22,'lang:global:user','user_id','api','user','a:1:{s:14:\"restrict_group\";N;}',NULL,'no'),(23,'lang:api:key_level','level','api','text','a:2:{s:10:\"max_length\";i:2;s:13:\"default_value\";s:1:\"1\";}',NULL,'no'),(24,'lang:api:key_ignore_limits','ignore_limits','api','choice','a:5:{s:11:\"choice_data\";s:38:\"0 : lang:global:no\n1 : lang:global:yes\";s:11:\"choice_type\";s:5:\"radio\";s:13:\"default_value\";s:1:\"0\";s:11:\"min_choices\";N;s:11:\"max_choices\";N;}',NULL,'no'),(25,'lang:api:key_is_active','active','api','choice','a:5:{s:11:\"choice_data\";s:38:\"0 : lang:global:no\n1 : lang:global:yes\";s:11:\"choice_type\";s:5:\"radio\";s:13:\"default_value\";s:1:\"0\";s:11:\"min_choices\";N;s:11:\"max_choices\";N;}',NULL,'no'),(26,'Nama Dasar Hukum','nama_dasar_hukum','streams','text','a:2:{s:10:\"max_length\";s:3:\"100\";s:13:\"default_value\";s:0:\"\";}',NULL,'no'),(27,'Nama Pegawai','nama_pegawai','streams','text','a:2:{s:10:\"max_length\";s:3:\"200\";s:13:\"default_value\";s:0:\"\";}',NULL,'no'),(28,'NIP','nip','streams','text','a:2:{s:10:\"max_length\";s:2:\"20\";s:13:\"default_value\";s:0:\"\";}',NULL,'no'),(29,'Jabatan','jabatan','streams','text','a:2:{s:10:\"max_length\";s:3:\"200\";s:13:\"default_value\";s:0:\"\";}',NULL,'no'),(30,'Alamat','alamat','streams','textarea','a:3:{s:12:\"default_text\";s:0:\"\";s:10:\"allow_tags\";s:1:\"n\";s:12:\"content_type\";s:4:\"text\";}',NULL,'no'),(31,'Tempat Lahir','tempat_lahir','streams','text','a:2:{s:10:\"max_length\";s:2:\"50\";s:13:\"default_value\";s:0:\"\";}',NULL,'no'),(32,'Nomor Telpon','nomor_telpon','streams','text','a:2:{s:10:\"max_length\";N;s:13:\"default_value\";N;}',NULL,'no'),(33,'PDF Dasar Hukum','pdf_dasar_hukum','streams','file','a:2:{s:6:\"folder\";s:1:\"9\";s:13:\"allowed_types\";s:3:\"pdf\";}',NULL,'no'),(34,'Pendidikan','pendidikan','streams','text','a:2:{s:10:\"max_length\";s:2:\"50\";s:13:\"default_value\";s:0:\"\";}',NULL,'no'),(35,'Foto Pegawai','foto_pegawai','streams','image','a:5:{s:6:\"folder\";s:2:\"10\";s:12:\"resize_width\";s:3:\"353\";s:13:\"resize_height\";s:3:\"239\";s:10:\"keep_ratio\";s:2:\"no\";s:13:\"allowed_types\";s:8:\"jpg|jpeg\";}',NULL,'no'),(36,'Tanggal Lahir','tanggal_lahir','streams','datetime','a:5:{s:8:\"use_time\";s:2:\"no\";s:10:\"start_date\";s:0:\"\";s:8:\"end_date\";s:0:\"\";s:7:\"storage\";s:8:\"datetime\";s:10:\"input_type\";s:10:\"datepicker\";}',NULL,'no'),(37,'Nama Izin','nama_izin','streams','text','a:2:{s:10:\"max_length\";s:3:\"200\";s:13:\"default_value\";s:0:\"\";}',NULL,'no'),(38,'Nama Link','nama_link','streams','text','a:2:{s:10:\"max_length\";s:3:\"200\";s:13:\"default_value\";s:0:\"\";}',NULL,'no'),(39,'URL Link','url_link','streams','text','a:2:{s:10:\"max_length\";s:3:\"200\";s:13:\"default_value\";s:0:\"\";}',NULL,'no'),(40,'Keterangan Link','keterangan_link','streams','textarea','a:3:{s:12:\"default_text\";s:28:\"Keterangan Link yang dientry\";s:10:\"allow_tags\";s:1:\"n\";s:12:\"content_type\";s:4:\"text\";}',NULL,'no'),(41,'Keterangan Persyaratan Izin','keterangan_persyaratan_izin','streams','textarea','a:3:{s:12:\"default_text\";s:0:\"\";s:10:\"allow_tags\";s:1:\"n\";s:12:\"content_type\";s:4:\"text\";}',NULL,'no'),(42,'Pilih Izin','pilih_izin','streams','relationship','a:2:{s:13:\"choose_stream\";s:2:\"11\";s:8:\"link_uri\";N;}',NULL,'no'),(43,'Pilih Dasar Hukum','pilih_dasar_hukum','streams','relationship','a:2:{s:13:\"choose_stream\";s:1:\"9\";s:8:\"link_uri\";N;}',NULL,'no'),(44,'Upload Form Izin','upload_form_izin','streams','file','a:2:{s:6:\"folder\";s:2:\"11\";s:13:\"allowed_types\";s:3:\"pdf\";}',NULL,'no'),(45,'Lama Pengerjaan Izin','lama_pengerjaan_izin','streams','integer','a:2:{s:10:\"max_length\";s:1:\"5\";s:13:\"default_value\";s:0:\"\";}',NULL,'no'),(46,'Judul Konten','judul_konten','streams','text','a:2:{s:10:\"max_length\";s:3:\"200\";s:13:\"default_value\";s:0:\"\";}',NULL,'no'),(47,'Isi Konten','isi_konten','streams','wysiwyg','a:2:{s:11:\"editor_type\";s:8:\"advanced\";s:10:\"allow_tags\";s:1:\"y\";}',NULL,'no'),(48,'Dipublikasikan','dipublikasikan','streams','choice','a:5:{s:11:\"choice_data\";s:17:\"1 : Ya\r\n0 : Tidak\";s:11:\"choice_type\";s:8:\"dropdown\";s:13:\"default_value\";s:1:\"0\";s:11:\"min_choices\";s:0:\"\";s:11:\"max_choices\";s:0:\"\";}',NULL,'no'),(49,'Slider Image','slider_image','streams','image','a:5:{s:6:\"folder\";s:1:\"9\";s:12:\"resize_width\";s:0:\"\";s:13:\"resize_height\";s:0:\"\";s:10:\"keep_ratio\";s:3:\"yes\";s:13:\"allowed_types\";s:8:\"jpe|jpeg\";}',NULL,'no'),(50,'Thumb Image','thumb_image','blogs','image','a:5:{s:6:\"folder\";s:2:\"12\";s:12:\"resize_width\";s:0:\"\";s:13:\"resize_height\";s:0:\"\";s:10:\"keep_ratio\";s:3:\"yes\";s:13:\"allowed_types\";s:16:\"jpg|jpeg|png|gif\";}',NULL,'no');
/*!40000 ALTER TABLE `default_data_fields` ENABLE KEYS */;
UNLOCK TABLES;

--
-- Table structure for table `default_data_stream_searches`
--

DROP TABLE IF EXISTS `default_data_stream_searches`;
/*!40101 SET @saved_cs_client     = @@character_set_client */;
/*!40101 SET character_set_client = utf8 */;
CREATE TABLE `default_data_stream_searches` (
  `id` int(11) unsigned NOT NULL AUTO_INCREMENT,
  `stream_slug` varchar(255) COLLATE utf8_unicode_ci NOT NULL,
  `stream_namespace` varchar(100) COLLATE utf8_unicode_ci DEFAULT NULL,
  `search_id` varchar(255) COLLATE utf8_unicode_ci NOT NULL,
  `search_term` text COLLATE utf8_unicode_ci,
  `ip_address` varchar(100) COLLATE utf8_unicode_ci DEFAULT NULL,
  `total_results` int(11) NOT NULL,
  `query_string` longtext COLLATE utf8_unicode_ci,
  PRIMARY KEY (`id`)
) ENGINE=InnoDB DEFAULT CHARSET=utf8 COLLATE=utf8_unicode_ci;
/*!40101 SET character_set_client = @saved_cs_client */;

--
-- Dumping data for table `default_data_stream_searches`
--

LOCK TABLES `default_data_stream_searches` WRITE;
/*!40000 ALTER TABLE `default_data_stream_searches` DISABLE KEYS */;
/*!40000 ALTER TABLE `default_data_stream_searches` ENABLE KEYS */;
UNLOCK TABLES;

--
-- Table structure for table `default_data_streams`
--

DROP TABLE IF EXISTS `default_data_streams`;
/*!40101 SET @saved_cs_client     = @@character_set_client */;
/*!40101 SET character_set_client = utf8 */;
CREATE TABLE `default_data_streams` (
  `id` int(10) unsigned NOT NULL AUTO_INCREMENT,
  `stream_name` varchar(60) COLLATE utf8_unicode_ci NOT NULL,
  `stream_slug` varchar(60) COLLATE utf8_unicode_ci NOT NULL,
  `stream_namespace` varchar(60) COLLATE utf8_unicode_ci DEFAULT NULL,
  `stream_prefix` varchar(60) COLLATE utf8_unicode_ci DEFAULT NULL,
  `about` varchar(255) COLLATE utf8_unicode_ci DEFAULT NULL,
  `view_options` blob NOT NULL,
  `title_column` varchar(255) COLLATE utf8_unicode_ci DEFAULT NULL,
  `sorting` enum('title','custom') COLLATE utf8_unicode_ci NOT NULL DEFAULT 'title',
  `permissions` text COLLATE utf8_unicode_ci,
  `is_hidden` enum('yes','no') COLLATE utf8_unicode_ci NOT NULL DEFAULT 'no',
  `menu_path` varchar(255) COLLATE utf8_unicode_ci DEFAULT NULL,
  PRIMARY KEY (`id`)
) ENGINE=InnoDB AUTO_INCREMENT=9 DEFAULT CHARSET=utf8 COLLATE=utf8_unicode_ci;
/*!40101 SET character_set_client = @saved_cs_client */;

--
-- Dumping data for table `default_data_streams`
--

LOCK TABLES `default_data_streams` WRITE;
/*!40000 ALTER TABLE `default_data_streams` DISABLE KEYS */;
INSERT INTO `default_data_streams` VALUES (1,'lang:blog:blog_title','blog','blogs',NULL,NULL,'a:2:{i:0;s:2:\"id\";i:1;s:7:\"created\";}',NULL,'title',NULL,'no',NULL),(2,'Default','def_page_fields','pages',NULL,'A simple page type with a WYSIWYG editor that will get you started adding content.','a:2:{i:0;s:2:\"id\";i:1;s:7:\"created\";}',NULL,'title',NULL,'no',NULL),(3,'lang:user_profile_fields_label','profiles','users',NULL,'Profiles for users module','a:1:{i:0;s:12:\"display_name\";}','display_name','title',NULL,'no',NULL),(4,'lang:articles:article_title','articles','articles',NULL,NULL,'a:2:{i:0;s:2:\"id\";i:1;s:7:\"created\";}',NULL,'title',NULL,'no',NULL),(5,'lang:embrio:page_title','embrio','embrios',NULL,NULL,'a:2:{i:0;s:2:\"id\";i:1;s:7:\"created\";}',NULL,'title',NULL,'no',NULL),(6,'lang:question:qa','qa','qas',NULL,NULL,'a:2:{i:0;s:2:\"id\";i:1;s:7:\"created\";}',NULL,'title',NULL,'no',NULL),(7,'lang:magazine:title','magazine','magazines',NULL,NULL,'a:2:{i:0;s:2:\"id\";i:1;s:7:\"created\";}',NULL,'title',NULL,'no',NULL),(8,'lang:video:page_title','video','videos',NULL,NULL,'a:2:{i:0;s:2:\"id\";i:1;s:7:\"created\";}',NULL,'title',NULL,'no',NULL);
/*!40000 ALTER TABLE `default_data_streams` ENABLE KEYS */;
UNLOCK TABLES;

--
-- Table structure for table `default_def_page_fields`
--

DROP TABLE IF EXISTS `default_def_page_fields`;
/*!40101 SET @saved_cs_client     = @@character_set_client */;
/*!40101 SET character_set_client = utf8 */;
CREATE TABLE `default_def_page_fields` (
  `id` int(9) NOT NULL AUTO_INCREMENT,
  `created` datetime NOT NULL,
  `updated` datetime DEFAULT NULL,
  `created_by` int(11) DEFAULT NULL,
  `ordering_count` int(11) DEFAULT NULL,
  `body` longtext COLLATE utf8_unicode_ci,
  PRIMARY KEY (`id`)
) ENGINE=InnoDB AUTO_INCREMENT=19 DEFAULT CHARSET=utf8 COLLATE=utf8_unicode_ci;
/*!40101 SET character_set_client = @saved_cs_client */;

--
-- Dumping data for table `default_def_page_fields`
--

LOCK TABLES `default_def_page_fields` WRITE;
/*!40000 ALTER TABLE `default_def_page_fields` DISABLE KEYS */;
INSERT INTO `default_def_page_fields` VALUES (1,'2013-06-11 20:52:33','2017-08-30 07:14:35',1,NULL,'<p>Welcome to our homepage. We have not quite finished setting up our website yet, but please add us to your bookmarks and come back soon.</p>\n'),(2,'2013-06-11 20:52:33','2017-10-13 03:28:40',1,NULL,'<p style=\"line-height: 22.4px;\"><strong>Kantor Dinas Penanaman Modal Dan Pelayanan Perizinan Terpadu Satu Pintu (DPM-PPTSP)<br />\nKabupaten Karo</strong></p>\n\n<address style=\"line-height: 22.4px;\"><strong>JL. Jamin Ginting No. 17 Kecamatan Kabanjahe Kabupaten Karo<br />\nNomor Telfon&nbsp; : (0628) 324655<br />\nKode Pos&nbsp; &nbsp; &nbsp; &nbsp; : <span style=\"font-size:14px;\"><font color=\"#404040\" face=\"-apple-system, BlinkMacSystemFont, Segoe UI, Roboto, Oxygen-Sans, Ubuntu, Cantarell, Helvetica Neue, sans-serif\">22113</font></span></strong><br />\n<strong>E-Mail&nbsp; &nbsp; &nbsp; &nbsp; &nbsp; &nbsp; &nbsp; : dpmpptspkaro1@gmail.com</strong></address>\n'),(5,'2013-06-11 20:52:33',NULL,1,NULL,'<p>We cannot find the page you are looking for, please click <a title=\"Home\" href=\"{{ pages:url id=\'1\' }}\">here</a> to go to the homepage.</p>'),(13,'2014-02-22 15:19:57','2017-06-29 13:08:06',1,1,'<table border=\"0\" cellpadding=\"0\" cellspacing=\"0\" style=\"width:505px;\" width=\"504\">\n	<colgroup>\n		<col />\n		<col />\n		<col />\n		<col />\n	</colgroup>\n	<tbody>\n		<tr height=\"54\">\n			<td height=\"54\" style=\"height:54px;width:25px;\">No</td>\n			<td style=\"width:116px;\">URUSAN PEMERINTAHAN</td>\n			<td style=\"width:263px;\">PERIZINAN DAN NON PERIZINAN</td>\n			<td style=\"width:101px;\">KETERANGAN</td>\n		</tr>\n		<tr height=\"20\">\n			<td height=\"81\" rowspan=\"4\" style=\"height:81px;width:25px;\">1</td>\n			<td rowspan=\"4\" style=\"width:116px;\">Pendidikan</td>\n			<td style=\"width:263px;\">a. Izin Oprasional PAUD</td>\n			<td style=\"width:101px;\">Belum Online</td>\n		</tr>\n		<tr height=\"20\">\n			<td height=\"20\" style=\"height:20px;width:263px;\">b. Izin Oprasional SD</td>\n			<td style=\"width:101px;\">Belum Online</td>\n		</tr>\n		<tr height=\"20\">\n			<td height=\"20\" style=\"height:20px;width:263px;\">c. Izin Oprasional SMP</td>\n			<td style=\"width:101px;\">Belum Online</td>\n		</tr>\n		<tr height=\"21\">\n			<td height=\"21\" style=\"height:21px;width:263px;\">d. Izin Oprasional Pendidikan Non Formal</td>\n			<td style=\"width:101px;\">Belum Online</td>\n		</tr>\n		<tr height=\"54\">\n			<td height=\"2350\" rowspan=\"79\" style=\"height:2350px;width:25px;\">&nbsp; 2</td>\n			<td rowspan=\"79\" style=\"width:116px;\">Kesehatan</td>\n			<td style=\"width:263px;\">a. Izin Bagi pelayanan Medik Dasar untuk tenaga Kesehatan dan Fasilitas Kesehatan:</td>\n			<td style=\"width:101px;\">&nbsp;</td>\n		</tr>\n		<tr height=\"20\">\n			<td height=\"20\" style=\"height:20px;width:263px;\">1.Izin Peraktek Dokter</td>\n			<td style=\"width:101px;\">Belum Online</td>\n		</tr>\n		<tr height=\"20\">\n			<td height=\"20\" style=\"height:20px;width:263px;\">2. Izin Kerja Dokter</td>\n			<td style=\"width:101px;\">Belum Online</td>\n		</tr>\n		<tr height=\"20\">\n			<td height=\"20\" style=\"height:20px;width:263px;\">3. Izin Peraktek Dokter Gigi</td>\n			<td style=\"width:101px;\">Belum Online</td>\n		</tr>\n		<tr height=\"20\">\n			<td height=\"20\" style=\"height:20px;width:263px;\">4. Izin Kerja Dokter Gigi</td>\n			<td style=\"width:101px;\">Belum Online</td>\n		</tr>\n		<tr height=\"20\">\n			<td height=\"20\" style=\"height:20px;width:263px;\">5. Izin Perktek Bidan</td>\n			<td style=\"width:101px;\">​Belum Online</td>\n		</tr>\n		<tr height=\"20\">\n			<td height=\"20\" style=\"height:20px;width:263px;\">6. Izin Kerja Bidan</td>\n			<td style=\"width:101px;\">Belum Online</td>\n		</tr>\n		<tr height=\"20\">\n			<td height=\"20\" style=\"height:20px;width:263px;\">7. Izin Peraktek Perawat</td>\n			<td style=\"width:101px;\">Belum Online</td>\n		</tr>\n		<tr height=\"20\">\n			<td height=\"20\" style=\"height:20px;width:263px;\">8. Izin Kerja Perawat</td>\n			<td style=\"width:101px;\">Belum Online</td>\n		</tr>\n		<tr height=\"20\">\n			<td height=\"20\" style=\"height:20px;width:263px;\">9. Izin Peraktek Perawat Gigi</td>\n			<td style=\"width:101px;\">​Belum Online</td>\n		</tr>\n		<tr height=\"20\">\n			<td height=\"20\" style=\"height:20px;width:263px;\">10. Izin Pengola Apotek</td>\n			<td style=\"width:101px;\">Belum Online</td>\n		</tr>\n		<tr height=\"20\">\n			<td height=\"20\" style=\"height:20px;width:263px;\">11. Izin Kerja Apoteker</td>\n			<td style=\"width:101px;\">Belum Online</td>\n		</tr>\n		<tr height=\"36\">\n			<td height=\"36\" style=\"height:36px;width:263px;\">12. Izin Penyelenggara Kelinik Umum Pratama</td>\n			<td style=\"width:101px;\">Belum Online</td>\n		</tr>\n		<tr height=\"36\">\n			<td height=\"36\" style=\"height:36px;width:263px;\">13. Izin Penyelenggaraan Klinik Khusus Bersalin</td>\n			<td style=\"width:101px;\">Belum Online</td>\n		</tr>\n		<tr height=\"36\">\n			<td height=\"36\" style=\"height:36px;width:263px;\">14. Izin Penyelenggaraan Klinik Pratama Khusus Gigi</td>\n			<td style=\"width:101px;\">Belum Online</td>\n		</tr>\n		<tr height=\"36\">\n			<td height=\"36\" style=\"height:36px;width:263px;\">15. Izin Penyelenggaraan&nbsp; Klinik Pratama Kecantikan Estetika</td>\n			<td style=\"width:101px;\">Belum Online</td>\n		</tr>\n		<tr height=\"23\">\n			<td height=\"23\" style=\"height:23px;width:263px;\">16. Izin Penyelenggaraan Klinik Umum Utama</td>\n			<td style=\"width:101px;\">Belum Online</td>\n		</tr>\n		<tr height=\"36\">\n			<td height=\"36\" style=\"height:36px;width:263px;\">17. Izin Penyelenggaraan Klinik Utama Khusus Gigi</td>\n			<td style=\"width:101px;\">Belum Online</td>\n		</tr>\n		<tr height=\"36\">\n			<td height=\"36\" style=\"height:36px;width:263px;\">18. Izin Penyelenggaraan Klinik Utama Khusus Bedah</td>\n			<td style=\"width:101px;\">​Belum Online</td>\n		</tr>\n		<tr height=\"36\">\n			<td height=\"36\" style=\"height:36px;width:263px;\">19. Izin Penyelenggaraan Klinik Utama Khusus Penyakit Dalam</td>\n			<td style=\"width:101px;\">Belum Online</td>\n		</tr>\n		<tr height=\"39\">\n			<td height=\"39\" style=\"height:39px;width:263px;\">20. Izin Penyelenggaraan Klinik Utama Khusus Kebidanan Dan Penyakit Kandungan</td>\n			<td style=\"width:101px;\">Belum Online</td>\n		</tr>\n		<tr height=\"36\">\n			<td height=\"36\" style=\"height:36px;width:263px;\">21. Izin Penyelenggaraan Klinik Utama Khusus Anak</td>\n			<td style=\"width:101px;\">Belum Online</td>\n		</tr>\n		<tr height=\"36\">\n			<td height=\"36\" style=\"height:36px;width:263px;\">22. Izin Penyelenggaraan Klinik Utama Khusus Kulit Kelamin</td>\n			<td style=\"width:101px;\">Belum Online</td>\n		</tr>\n		<tr height=\"36\">\n			<td height=\"36\" style=\"height:36px;width:263px;\">23. Izin Penyelenggaraan Klinik Utama Khusus Telinga Hidung dan Tenggorokan</td>\n			<td style=\"width:101px;\">Belum Online</td>\n		</tr>\n		<tr height=\"36\">\n			<td height=\"36\" style=\"height:36px;width:263px;\">24. Izin Penyelenggaraan Klinik Utama Khusus Mata</td>\n			<td style=\"width:101px;\">Belum Online</td>\n		</tr>\n		<tr height=\"36\">\n			<td height=\"36\" style=\"height:36px;width:263px;\">25. Izin Penyelenggaraan Klinik Utama Khusus Geriatri</td>\n			<td style=\"width:101px;\">Belum Online</td>\n		</tr>\n		<tr height=\"36\">\n			<td height=\"36\" style=\"height:36px;width:263px;\">26.. Izin Penyelenggaraan klinik Utama Kecantikan Estertika</td>\n			<td style=\"width:101px;\">Belum Online</td>\n		</tr>\n		<tr height=\"36\">\n			<td height=\"36\" style=\"height:36px;width:263px;\">27. Izin Penyelenggaraan Klinik Lain Sesuai Peraturan Perundang-Undang</td>\n			<td style=\"width:101px;\">Belum Online</td>\n		</tr>\n		<tr height=\"36\">\n			<td height=\"36\" style=\"height:36px;width:263px;\">28. Izin Penyelenggaraan Balai Kesejahteraan Ibu dan Anak (BKIA)</td>\n			<td style=\"width:101px;\">Belum Online</td>\n		</tr>\n		<tr height=\"20\">\n			<td height=\"20\" style=\"height:20px;width:263px;\">29. Izin Penyelenggaraan Rumah Bersalin</td>\n			<td style=\"width:101px;\">​Belum Online</td>\n		</tr>\n		<tr height=\"54\">\n			<td height=\"54\" style=\"height:54px;width:263px;\">30. Izin Penyelenggaraan Pelayanan Medik Dasar Lain Ditetapkan Oleh Mentri Kesehatan</td>\n			<td style=\"width:101px;\">Belum Online</td>\n		</tr>\n		<tr height=\"36\">\n			<td height=\"36\" style=\"height:36px;width:263px;\">b. Izin Bagi Pelayanan Medik Spesialis (Rujukan):</td>\n			<td style=\"width:101px;\">&nbsp;</td>\n		</tr>\n		<tr height=\"20\">\n			<td height=\"20\" style=\"height:20px;width:263px;\">1. Izin Peraktek Dokter Spesialis</td>\n			<td style=\"width:101px;\">Belum Online</td>\n		</tr>\n		<tr height=\"20\">\n			<td height=\"20\" style=\"height:20px;width:263px;\">2. Praktek Dokter Gigi Spesialis</td>\n			<td style=\"width:101px;\">Belum Online</td>\n		</tr>\n		<tr height=\"21\">\n			<td height=\"21\" style=\"height:21px;width:263px;\">3. Izin Penyelenggaraan Klinik Spesialis</td>\n			<td style=\"width:101px;\">Belum Online</td>\n		</tr>\n		<tr height=\"20\">\n			<td height=\"20\" style=\"height:20px;width:263px;\">4. Izin Penyelenggaraan Rumah Sakit Umum</td>\n			<td style=\"width:101px;\">Belum Online</td>\n		</tr>\n		<tr height=\"36\">\n			<td height=\"36\" style=\"height:36px;width:263px;\">5. Izin Penyelenggaraan Rumah Sakit Khusus</td>\n			<td style=\"width:101px;\">Belum Online</td>\n		</tr>\n		<tr height=\"36\">\n			<td height=\"36\" style=\"height:36px;width:263px;\">6. Izin Penyelenggaraan&nbsp; Klinik Perawatan Penderita Narkoba</td>\n			<td style=\"width:101px;\">Belum Online</td>\n		</tr>\n		<tr height=\"20\">\n			<td height=\"20\" style=\"height:20px;width:263px;\">7. Izin Penyelenggaraan Klinik Kecantikan</td>\n			<td style=\"width:101px;\">Belum Online</td>\n		</tr>\n		<tr height=\"54\">\n			<td height=\"54\" style=\"height:54px;width:263px;\">8. Izin Penyelenggaraan Pelayanan Medik Dasar Lain Yang di tetapkan Oleh Mentri Kesehatan</td>\n			<td style=\"width:101px;\">Belum Online</td>\n		</tr>\n		<tr height=\"21\">\n			<td height=\"21\" style=\"height:21px;width:263px;\">c. Izin Bagi Pelayanan Medik Penunjang :</td>\n			<td style=\"width:101px;\">&nbsp;</td>\n		</tr>\n		<tr height=\"20\">\n			<td height=\"20\" style=\"height:20px;width:263px;\">1. Izin Apotek Atau Toko Obat</td>\n			<td style=\"width:101px;\">Belum Online</td>\n		</tr>\n		<tr height=\"36\">\n			<td height=\"36\" style=\"height:36px;width:263px;\">2. Izin Penyelenggaraan Laboratorium Medis ( Laboratorium Klinik)</td>\n			<td style=\"width:101px;\">Belum Online</td>\n		</tr>\n		<tr height=\"36\">\n			<td height=\"36\" style=\"height:36px;width:263px;\">3. Izin Penyelenggaraan Laboratorium Kesehatan</td>\n			<td style=\"width:101px;\">Belum Online</td>\n		</tr>\n		<tr height=\"20\">\n			<td height=\"20\" style=\"height:20px;width:263px;\">4. Izin Penyelenggaraan Labotarorium Gigi</td>\n			<td style=\"width:101px;\">Belum Online</td>\n		</tr>\n		<tr height=\"20\">\n			<td height=\"20\" style=\"height:20px;width:263px;\">5. Izin Peraktek Fisioterapi</td>\n			<td style=\"width:101px;\">Belum Online​</td>\n		</tr>\n		<tr height=\"20\">\n			<td height=\"20\" style=\"height:20px;width:263px;\">6. Izin Kerja Nutrisionis ( Ahli Gizi)</td>\n			<td style=\"width:101px;\">Belum Online</td>\n		</tr>\n		<tr height=\"20\">\n			<td height=\"20\" style=\"height:20px;width:263px;\">7. Izin Kerja Refraksionis Optisen (RO)</td>\n			<td style=\"width:101px;\">Belum Online</td>\n		</tr>\n		<tr height=\"20\">\n			<td height=\"20\" style=\"height:20px;width:263px;\">8. Izin Penyelenggaraan Optikal</td>\n			<td style=\"width:101px;\">Belum Online</td>\n		</tr>\n		<tr height=\"54\">\n			<td height=\"54\" style=\"height:54px;width:263px;\">9. Izin Pelelenggaraan Pelayana Medik Dasar Lain Yang Ditetapkan Oleh Mentri Kesehatan</td>\n			<td style=\"width:101px;\">Belum Online</td>\n		</tr>\n		<tr height=\"36\">\n			<td height=\"36\" style=\"height:36px;width:263px;\">d. Izin Bagi Pelayanan Makanan Dan Minuman</td>\n			<td style=\"width:101px;\">&nbsp;</td>\n		</tr>\n		<tr height=\"20\">\n			<td height=\"20\" style=\"height:20px;width:263px;\">1. Izin Penyehatan Jasa Boga</td>\n			<td style=\"width:101px;\">Belum Online</td>\n		</tr>\n		<tr height=\"36\">\n			<td height=\"36\" style=\"height:36px;width:263px;\">2. Sertifikasi Perusahaan Makanan dan Minuman Industri Rumah Tangga</td>\n			<td style=\"width:101px;\">Belum Online</td>\n		</tr>\n		<tr height=\"36\">\n			<td height=\"36\" style=\"height:36px;width:263px;\">3. Sertifikasi Restoran dan Rumah Makan Laik</td>\n			<td style=\"width:101px;\">​Belum Online</td>\n		</tr>\n		<tr height=\"20\">\n			<td height=\"20\" style=\"height:20px;width:263px;\">4. Izin Penyelenggaraan Air Minum Isi Ulang</td>\n			<td style=\"width:101px;\">Belum Online</td>\n		</tr>\n		<tr height=\"36\">\n			<td height=\"36\" style=\"height:36px;width:263px;\">e. Surat Tanda Daftar Pengobatan Tradisional:</td>\n			<td style=\"width:101px;\">&nbsp;</td>\n		</tr>\n		<tr height=\"20\">\n			<td height=\"20\" style=\"height:20px;width:263px;\">1. Tanda Daftar Sinshe</td>\n			<td style=\"width:101px;\">Belum Online​</td>\n		</tr>\n		<tr height=\"20\">\n			<td height=\"20\" style=\"height:20px;width:263px;\">2. Tanda Daftar Akupunkturis</td>\n			<td style=\"width:101px;\">Belum Online​</td>\n		</tr>\n		<tr height=\"20\">\n			<td height=\"20\" style=\"height:20px;width:263px;\">3. Tanda Daftar Battra Refleksi</td>\n			<td style=\"width:101px;\">Belum Online</td>\n		</tr>\n		<tr height=\"20\">\n			<td height=\"20\" style=\"height:20px;width:263px;\">4. Tanda Daftar Battra Pijat Urut</td>\n			<td style=\"width:101px;\">Belum Online​</td>\n		</tr>\n		<tr height=\"20\">\n			<td height=\"20\" style=\"height:20px;width:263px;\">5. Tanda Daftar Battra Patah Tulang</td>\n			<td style=\"width:101px;\">Belum Online​</td>\n		</tr>\n		<tr height=\"20\">\n			<td height=\"20\" style=\"height:20px;width:263px;\">6. Tanda Daftar Battra Ramuan&nbsp;</td>\n			<td style=\"width:101px;\">Belum Online​</td>\n		</tr>\n		<tr height=\"36\">\n			<td height=\"36\" style=\"height:36px;width:263px;\">7. Tanda Daftar Battra Tusuk Jari (Akupressuris)</td>\n			<td style=\"width:101px;\">Belum online</td>\n		</tr>\n		<tr height=\"20\">\n			<td height=\"20\" style=\"height:20px;width:263px;\">8. Tanda Daftar Battra Tenaga Dalam</td>\n			<td style=\"width:101px;\">Belum Online</td>\n		</tr>\n		<tr height=\"20\">\n			<td height=\"20\" style=\"height:20px;width:263px;\">9. Tanda Daftar Battra Pendekatan Agama</td>\n			<td style=\"width:101px;\">Belum Online​</td>\n		</tr>\n		<tr height=\"20\">\n			<td height=\"20\" style=\"height:20px;width:263px;\">10. Tanda Daftar Battra Paranormal</td>\n			<td style=\"width:101px;\">Belum Online</td>\n		</tr>\n		<tr height=\"20\">\n			<td height=\"20\" style=\"height:20px;width:263px;\">11.&nbsp;Tanda Daftar Battra Sunat</td>\n			<td style=\"width:101px;\">Belum Online​</td>\n		</tr>\n		<tr height=\"20\">\n			<td height=\"20\" style=\"height:20px;width:263px;\">12.&nbsp;Tanda Daftar Battra Tukang Gigi</td>\n			<td style=\"width:101px;\">​Belum Online</td>\n		</tr>\n		<tr height=\"20\">\n			<td height=\"20\" style=\"height:20px;width:263px;\">13.&nbsp;Tanda Daftar Battra Gurah</td>\n			<td style=\"width:101px;\">Belum Online</td>\n		</tr>\n		<tr height=\"20\">\n			<td height=\"20\" style=\"height:20px;width:263px;\">14.&nbsp;Tanda Daftar Battra Dukun Bayi</td>\n			<td style=\"width:101px;\">Belum Online</td>\n		</tr>\n		<tr height=\"20\">\n			<td height=\"20\" style=\"height:20px;width:263px;\">15. Tanda Daftar Reiky Master</td>\n			<td style=\"width:101px;\">Belum Online</td>\n		</tr>\n		<tr height=\"20\">\n			<td height=\"20\" style=\"height:20px;width:263px;\">16. Tanda Daftar Qigong</td>\n			<td style=\"width:101px;\">​Belum Online</td>\n		</tr>\n		<tr height=\"20\">\n			<td height=\"20\" style=\"height:20px;width:263px;\">17. Tanda Daftar Chiropractie</td>\n			<td style=\"width:101px;\">Belum Online</td>\n		</tr>\n		<tr height=\"20\">\n			<td height=\"20\" style=\"height:20px;width:263px;\">f. Izin Institusi Penguji Alat:</td>\n			<td style=\"width:101px;\">&nbsp;</td>\n		</tr>\n		<tr height=\"90\">\n			<td height=\"90\" style=\"height:90px;width:263px;\">1. Izin Penyelenggaraan Institusi Penguji Alat Kesehatan Tipe A (Yang memiliki Faslitas dan kemampuan melakukan pengujian alat dan atau kalibrasi terhadap semua jenis alat kesehatan tertentu)</td>\n			<td style=\"width:101px;\">Belum Online​</td>\n		</tr>\n		<tr height=\"90\">\n			<td height=\"90\" style=\"height:90px;width:263px;\">2. Izin Penyelenggaraan Institusi Penguji Alat Kesehatan Tipe B (Yang memiliki Fasilitas dan kemampuan melakukan pengujian alat dan atau kalibrasi Tehadap 5 (lima) jenis alat kesehatan tertentu</td>\n			<td style=\"width:101px;\">Belum Online</td>\n		</tr>\n		<tr height=\"90\">\n			<td height=\"90\" style=\"height:90px;width:263px;\">3. Izin Penyelenggaraan Institusi Penguji Alat Kesehatan Tipe B (Yang memiliki Fasilitas dan Kemampuan melakukan pengujian alat dan atau kalibrasi terhadap 3 (tiga) jenis alat kesehatan tertentu.</td>\n			<td style=\"width:101px;\">Belum Online</td>\n		</tr>\n		<tr height=\"20\">\n			<td height=\"20\" style=\"height:20px;width:263px;\">g. izin Usaha Mikro Obat Tradisional</td>\n			<td style=\"width:101px;\">Belum Online​</td>\n		</tr>\n		<tr height=\"20\">\n			<td height=\"20\" style=\"height:20px;width:263px;\">h. Izin Toko Alat Kesehatan</td>\n			<td style=\"width:101px;\">Belum Online</td>\n		</tr>\n		<tr height=\"20\">\n			<td height=\"80\" rowspan=\"4\" style=\"height:80px;width:25px;\">3</td>\n			<td rowspan=\"4\" style=\"width:116px;\">Pekerjaan Umum dan Penataan Ruang</td>\n			<td style=\"width:263px;\">a. IMB</td>\n			<td style=\"width:101px;\"><strong>Online</strong></td>\n		</tr>\n		<tr height=\"20\">\n			<td height=\"20\" style=\"height:20px;width:263px;\">b. IUJK</td>\n			<td style=\"width:101px;\">Belum Online</td>\n		</tr>\n		<tr height=\"20\">\n			<td height=\"20\" style=\"height:20px;width:263px;\">c. Izin Reklame</td>\n			<td style=\"width:101px;\"><strong>Online</strong></td>\n		</tr>\n		<tr height=\"20\">\n			<td height=\"20\" style=\"height:20px;width:263px;\">d. Izin Galian pada Jalan Kabupaten</td>\n			<td style=\"width:101px;\">Belum Online</td>\n		</tr>\n		<tr height=\"36\">\n			<td height=\"72\" rowspan=\"2\" style=\"height:72px;width:25px;\">4</td>\n			<td rowspan=\"2\" style=\"width:116px;\">Perumahan Rakyat dan Kawasan Pemukiman</td>\n			<td style=\"width:263px;\">a. Izin Pembangunan dan Pengembangan Perumahan</td>\n			<td style=\"width:101px;\">Belum Online</td>\n		</tr>\n		<tr height=\"36\">\n			<td height=\"36\" style=\"height:36px;width:263px;\">b. Izin Pembangunan dan Pengembangan Kawasan Pemukiman</td>\n			<td style=\"width:101px;\">Belum Online</td>\n		</tr>\n		<tr height=\"36\">\n			<td height=\"36\" style=\"height:36px;width:25px;\">5</td>\n			<td style=\"width:116px;\">Sosial</td>\n			<td style=\"width:263px;\">a. Penerbitan Izin Pengumpulan Sumbangan Sosial dalam Daerah</td>\n			<td style=\"width:101px;\">Belum Online</td>\n		</tr>\n		<tr height=\"36\">\n			<td height=\"92\" rowspan=\"3\" style=\"height:92px;width:25px;\">6</td>\n			<td rowspan=\"3\" style=\"width:116px;\">Tenaga Kerja</td>\n			<td style=\"width:263px;\">a. Perizinan dan Pendaftaran Lembaga Latihan Kerja</td>\n			<td style=\"width:101px;\">Belum Online</td>\n		</tr>\n		<tr height=\"20\">\n			<td height=\"20\" style=\"height:20px;width:263px;\">b. Penerbitan Izin LPTKS</td>\n			<td style=\"width:101px;\">Belum Online</td>\n		</tr>\n		<tr height=\"36\">\n			<td height=\"36\" style=\"height:36px;width:263px;\">c. Penerbitan Perpanjangan IMTA dalam Daerah</td>\n			<td style=\"width:101px;\">Belum Online</td>\n		</tr>\n		<tr height=\"20\">\n			<td height=\"40\" rowspan=\"2\" style=\"height:40px;width:25px;\">7</td>\n			<td rowspan=\"2\" style=\"width:116px;\">Pertanahan</td>\n			<td style=\"width:263px;\">a. Izin Lokasi</td>\n			<td style=\"width:101px;\">Belum Online</td>\n		</tr>\n		<tr height=\"20\">\n			<td height=\"20\" style=\"height:20px;width:263px;\">b. Izin Membuka Tanah</td>\n			<td style=\"width:101px;\">Belum Online</td>\n		</tr>\n		<tr height=\"20\">\n			<td height=\"211\" rowspan=\"7\" style=\"height:211px;width:25px;\">8</td>\n			<td rowspan=\"7\" style=\"width:116px;\">Lingkungan Hidup</td>\n			<td style=\"width:263px;\">a. Izin Gangguan</td>\n			<td style=\"width:101px;\"><strong>Online</strong></td>\n		</tr>\n		<tr height=\"20\">\n			<td height=\"20\" style=\"height:20px;width:263px;\">b. Izin Pembuangan Limbah Cair</td>\n			<td style=\"width:101px;\">Belum Online</td>\n		</tr>\n		<tr height=\"20\">\n			<td height=\"20\" style=\"height:20px;width:263px;\">c. Izin Penyimpanan Sementara Limbah B3</td>\n			<td style=\"width:101px;\">Belum Online</td>\n		</tr>\n		<tr height=\"20\">\n			<td height=\"20\" style=\"height:20px;width:263px;\">d. Izin Lingkungan</td>\n			<td style=\"width:101px;\">Belum Online</td>\n		</tr>\n		<tr height=\"23\">\n			<td height=\"23\" style=\"height:23px;width:263px;\">e. Izin Usaha Pemanfaatan Air Bawah Tanah</td>\n			<td style=\"width:101px;\">Belum Online</td>\n		</tr>\n		<tr height=\"36\">\n			<td height=\"36\" style=\"height:36px;width:263px;\">f. Izin Usaha Hasil Hutan Kayu dan Hasil Hutan Non Kayu</td>\n			<td style=\"width:101px;\">Belum Online</td>\n		</tr>\n		<tr height=\"72\">\n			<td height=\"72\" style=\"height:72px;width:263px;\">g. Izin Pendaurulangan Sampah/ Pengolahan Sampah, Pengangkutan Sampah dan Pemrosesan Akhir Sampah yang di Selenggarakan oleh Swasta</td>\n			<td style=\"width:101px;\">Belum Online</td>\n		</tr>\n		<tr height=\"54\">\n			<td height=\"146\" rowspan=\"4\" style=\"height:146px;width:25px;\">9</td>\n			<td rowspan=\"4\" style=\"width:116px;\">Perhubungan</td>\n			<td style=\"width:263px;\">a. Izin Angkutan Orang dalam Trayek Pedesaan dan Perkotaan dan Kartu Pengawas</td>\n			<td style=\"width:101px;\">Belum Online</td>\n		</tr>\n		<tr height=\"36\">\n			<td height=\"36\" style=\"height:36px;width:263px;\">b. Izin Usaha Pengangkutan Orang dan Barang</td>\n			<td style=\"width:101px;\">Belum Online</td>\n		</tr>\n		<tr height=\"20\">\n			<td height=\"20\" style=\"height:20px;width:263px;\">c. Izin Angkutan Tidak dalam Trayek</td>\n			<td style=\"width:101px;\">Belum Online</td>\n		</tr>\n		<tr height=\"36\">\n			<td height=\"36\" style=\"height:36px;width:263px;\">d. Izin Penyelenggaraan dan Pembangunan Fasilitas Parkir</td>\n			<td style=\"width:101px;\">Belum Online</td>\n		</tr>\n		<tr height=\"20\">\n			<td height=\"256\" rowspan=\"8\" style=\"height:256px;width:25px;\">10</td>\n			<td rowspan=\"8\" style=\"width:116px;\">Komunikasi dan Informatika</td>\n			<td style=\"width:263px;\">a. Izin Warung Internet</td>\n			<td style=\"width:101px;\">Belum Online</td>\n		</tr>\n		<tr height=\"36\">\n			<td height=\"36\" style=\"height:36px;width:263px;\">b. Izin Penyelenggaraan Jasa Titipan Kantor Agen</td>\n			<td style=\"width:101px;\">Belum Online</td>\n		</tr>\n		<tr height=\"36\">\n			<td height=\"36\" style=\"height:36px;width:263px;\">c. Izin Penyelenggaraan Telekomunikasi Khusus</td>\n			<td style=\"width:101px;\">Belum Online</td>\n		</tr>\n		<tr height=\"36\">\n			<td height=\"36\" style=\"height:36px;width:263px;\">d. Pembangunan Universal Service Obligation (USO)</td>\n			<td style=\"width:101px;\">Belum Online</td>\n		</tr>\n		<tr height=\"36\">\n			<td height=\"36\" style=\"height:36px;width:263px;\">e. Izin Penyelenggara Instalatur Kabel Rumah/ Gedung</td>\n			<td style=\"width:101px;\">Belum Online</td>\n		</tr>\n		<tr height=\"36\">\n			<td height=\"36\" style=\"height:36px;width:263px;\">f. Iin Pendirian Kantor Cabang dam Loket Pelayanan Operator</td>\n			<td style=\"width:101px;\">Belum Online</td>\n		</tr>\n		<tr height=\"20\">\n			<td height=\"20\" style=\"height:20px;width:263px;\">g. Izin Galian Kabel Telekomunikasi</td>\n			<td style=\"width:101px;\">Belum Online</td>\n		</tr>\n		<tr height=\"36\">\n			<td height=\"36\" style=\"height:36px;width:263px;\">h. Izin Usaha Perdagangan Alat/ Perangkat Telekomunikasi</td>\n			<td style=\"width:101px;\">Belum Online</td>\n		</tr>\n		<tr height=\"20\">\n			<td height=\"56\" rowspan=\"2\" style=\"height:56px;width:25px;\">11</td>\n			<td rowspan=\"2\" style=\"width:116px;\">Koperasi Usaha Kecil dan Menengah</td>\n			<td style=\"width:263px;\">a. Izin Usaha Koperasi Simpan Pinjam</td>\n			<td style=\"width:101px;\">Belum Online</td>\n		</tr>\n		<tr height=\"36\">\n			<td height=\"36\" style=\"height:36px;width:263px;\">b. Izin Usaha Pembukaan Kantor Cabang Koperasi</td>\n			<td style=\"width:101px;\">Belum Online</td>\n		</tr>\n		<tr height=\"20\">\n			<td height=\"60\" rowspan=\"3\" style=\"height:60px;width:25px;\">12</td>\n			<td rowspan=\"3\" style=\"width:116px;\">Kepemudaan dan Olahraga</td>\n			<td style=\"width:263px;\">a. Izin Gedung Olagraga</td>\n			<td style=\"width:101px;\">Belum Online</td>\n		</tr>\n		<tr height=\"20\">\n			<td height=\"20\" style=\"height:20px;width:263px;\">b. Izin Gelanggang Olahraga</td>\n			<td style=\"width:101px;\">Belum Online</td>\n		</tr>\n		<tr height=\"20\">\n			<td height=\"20\" style=\"height:20px;width:263px;\">c. Lapangan Pramuka</td>\n			<td style=\"width:101px;\">Belum Online</td>\n		</tr>\n		<tr height=\"36\">\n			<td height=\"56\" rowspan=\"2\" style=\"height:56px;width:25px;\">13</td>\n			<td rowspan=\"2\" style=\"width:116px;\">Kebudayaan</td>\n			<td style=\"width:263px;\">a. Izin Pendirian Sanggar Kebudayaan dan Kesenian</td>\n			<td style=\"width:101px;\">Belum Online</td>\n		</tr>\n		<tr height=\"20\">\n			<td height=\"20\" style=\"height:20px;width:263px;\">b.Museum</td>\n			<td style=\"width:101px;\">Belum Online</td>\n		</tr>\n		<tr height=\"54\">\n			<td height=\"54\" style=\"height:54px;width:25px;\">14</td>\n			<td style=\"width:116px;\">Kearsipan</td>\n			<td style=\"width:263px;\">a. Izin Penggunaan Arsip yang Bersifat Tertutup yang disimpan diembaga Kearsian Daerah</td>\n			<td style=\"width:101px;\">Belum Online</td>\n		</tr>\n		<tr height=\"20\">\n			<td height=\"20\" style=\"height:20px;width:25px;\">15</td>\n			<td style=\"width:116px;\">Perikanan</td>\n			<td style=\"width:263px;\">a. Izin Usaha Perikanan</td>\n			<td style=\"width:101px;\">Belum Online</td>\n		</tr>\n		<tr height=\"20\">\n			<td height=\"296\" rowspan=\"14\" style=\"height:296px;width:25px;\">16</td>\n			<td rowspan=\"14\" style=\"width:116px;\">Pariwisata</td>\n			<td style=\"width:263px;\">a. Izin Usaha Jasa Perjalanan Wisata</td>\n			<td style=\"width:101px;\">Belum Online</td>\n		</tr>\n		<tr height=\"20\">\n			<td height=\"20\" style=\"height:20px;width:263px;\">b. Izin Akomodasi</td>\n			<td style=\"width:101px;\">Belum Online</td>\n		</tr>\n		<tr height=\"20\">\n			<td height=\"20\" style=\"height:20px;width:263px;\">c. Izin Usaha Jasa Makanan dan Minuman</td>\n			<td style=\"width:101px;\">Belum Online</td>\n		</tr>\n		<tr height=\"20\">\n			<td height=\"20\" style=\"height:20px;width:263px;\">d. Izin Usaha Kawasan Pariwisata</td>\n			<td style=\"width:101px;\">Belum Online</td>\n		</tr>\n		<tr height=\"20\">\n			<td height=\"20\" style=\"height:20px;width:263px;\">e. Izin Usaha Transfortasi Usaha</td>\n			<td style=\"width:101px;\">Belum Online</td>\n		</tr>\n		<tr height=\"20\">\n			<td height=\"20\" style=\"height:20px;width:263px;\">f. Izin Usaha Daya Tarik Usaha</td>\n			<td style=\"width:101px;\">Belum Online</td>\n		</tr>\n		<tr height=\"20\">\n			<td height=\"20\" style=\"height:20px;width:263px;\">g. Izin Usaha Hiburan dan Rekreasi</td>\n			<td style=\"width:101px;\">Belum Online</td>\n		</tr>\n		<tr height=\"20\">\n			<td height=\"20\" style=\"height:20px;width:263px;\">h. Izin Usaha Pramuwisata</td>\n			<td style=\"width:101px;\">Belum Online</td>\n		</tr>\n		<tr height=\"36\">\n			<td height=\"36\" style=\"height:36px;width:263px;\">i. Izin Usaha Jasa Pertemuan Perjalanan, Insentif, Konvensi dan Pameran</td>\n			<td style=\"width:101px;\">Belum Online</td>\n		</tr>\n		<tr height=\"20\">\n			<td height=\"20\" style=\"height:20px;width:263px;\">j. Izin Usaha Jasa Konsultan Pariwisata</td>\n			<td style=\"width:101px;\">Belum Online</td>\n		</tr>\n		<tr height=\"20\">\n			<td height=\"20\" style=\"height:20px;width:263px;\">k. Izin Usaha Jasa Informasi Pariwisata</td>\n			<td style=\"width:101px;\">Belum Online</td>\n		</tr>\n		<tr height=\"20\">\n			<td height=\"20\" style=\"height:20px;width:263px;\">l. Izin Usaha Wisata Tirta</td>\n			<td style=\"width:101px;\">Belum Online</td>\n		</tr>\n		<tr height=\"20\">\n			<td height=\"20\" style=\"height:20px;width:263px;\">m. Izin Usaha SPA</td>\n			<td style=\"width:101px;\">Belum Online</td>\n		</tr>\n		<tr height=\"20\">\n			<td height=\"20\" style=\"height:20px;width:263px;\">n Izin Pertunjukan Hiburan</td>\n			<td style=\"width:101px;\">Belum Online</td>\n		</tr>\n		<tr height=\"20\">\n			<td height=\"128\" rowspan=\"3\" style=\"height:128px;width:25px;\">17</td>\n			<td rowspan=\"3\" style=\"width:116px;\">Pertanian</td>\n			<td style=\"width:263px;\">a. Izin Usaha Pertanian</td>\n			<td style=\"width:101px;\">Belum Online</td>\n		</tr>\n		<tr height=\"72\">\n			<td height=\"72\" style=\"height:72px;width:263px;\">b. Izin Usaha Produksi Benih/ Bibit Ternak dan Pakan, Fasiitas Pemeliharaan Hewan, Rumah Sakit Hewan/ Pasar Hewan, Rumah Potong Hewan</td>\n			<td style=\"width:101px;\">Belum Online</td>\n		</tr>\n		<tr height=\"36\">\n			<td height=\"36\" style=\"height:36px;width:263px;\">c. Izin Usaha Pengecer (Toko, Retail, Sub Distributor) Obat Hewan</td>\n			<td style=\"width:101px;\">Belum Online</td>\n		</tr>\n		<tr height=\"20\">\n			<td height=\"192\" rowspan=\"8\" style=\"height:192px;width:25px;\">18</td>\n			<td rowspan=\"8\" style=\"width:116px;\">Pedagangan</td>\n			<td style=\"width:263px;\">a. Tanda Daftar Perusahaan&nbsp;</td>\n			<td style=\"width:101px;\"><strong>Online</strong></td>\n		</tr>\n		<tr height=\"36\">\n			<td height=\"36\" style=\"height:36px;width:263px;\">b. Izin Tempat Penjualan Minuman Beralkohol</td>\n			<td style=\"width:101px;\">Belum Online</td>\n		</tr>\n		<tr height=\"36\">\n			<td height=\"36\" style=\"height:36px;width:263px;\">c. Izin Udaha Perdagangan Minuman Beralkohol</td>\n			<td style=\"width:101px;\">Belum Online</td>\n		</tr>\n		<tr height=\"20\">\n			<td height=\"20\" style=\"height:20px;width:263px;\">d. Surat Izin Usaha Perdagangan (SIUP)</td>\n			<td style=\"width:101px;\"><strong>Online</strong></td>\n		</tr>\n		<tr height=\"20\">\n			<td height=\"20\" style=\"height:20px;width:263px;\">e. Tanda Daftar Gudang</td>\n			<td style=\"width:101px;\">Belum Online</td>\n		</tr>\n		<tr height=\"20\">\n			<td height=\"20\" style=\"height:20px;width:263px;\">f. Izin Pengelolaan Pasar Rakyat</td>\n			<td style=\"width:101px;\">Belum Online</td>\n		</tr>\n		<tr height=\"20\">\n			<td height=\"20\" style=\"height:20px;width:263px;\">g. Izin Pusat Perbelanjaan</td>\n			<td style=\"width:101px;\">Belum Online</td>\n		</tr>\n		<tr height=\"20\">\n			<td height=\"20\" style=\"height:20px;width:263px;\">h. Izin Usaha Toko Swalayan</td>\n			<td style=\"width:101px;\">Belum Online</td>\n		</tr>\n		<tr height=\"36\">\n			<td height=\"72\" rowspan=\"2\" style=\"height:72px;width:25px;\">19</td>\n			<td rowspan=\"2\" style=\"width:116px;\">Energi dan Sumber Daya Mineral</td>\n			<td style=\"width:263px;\">a. Izin Pengusahaan Panas Bumi Untuk Pemanfaatan Langsung</td>\n			<td style=\"width:101px;\">Belum Online</td>\n		</tr>\n		<tr height=\"36\">\n			<td height=\"36\" style=\"height:36px;width:263px;\">b. Izin Pengusahaan Panas Bumi Untuk Pemanfaatan Tidak Langsung</td>\n			<td style=\"width:101px;\">Belum Online</td>\n		</tr>\n		<tr height=\"20\">\n			<td height=\"60\" rowspan=\"3\" style=\"height:60px;width:25px;\">20</td>\n			<td rowspan=\"3\" style=\"width:116px;\">Perindustrian</td>\n			<td style=\"width:263px;\">a. Izin Usaha Industri&nbsp;</td>\n			<td style=\"width:101px;\">Belum Online</td>\n		</tr>\n		<tr height=\"20\">\n			<td height=\"20\" style=\"height:20px;width:263px;\">b. izin Perluasan</td>\n			<td style=\"width:101px;\">Belum Online</td>\n		</tr>\n		<tr height=\"20\">\n			<td height=\"20\" style=\"height:20px;width:263px;\">c. Tanda Daftar Industri</td>\n			<td style=\"width:101px;\">Belum Online</td>\n		</tr>\n		<tr height=\"36\">\n			<td height=\"36\" style=\"height:36px;width:25px;\">21</td>\n			<td style=\"width:116px;\">Penanaman Modal</td>\n			<td style=\"width:263px;\">Perizinan dan Non Perizinan di Bidang Penanaman Modal</td>\n			<td style=\"width:101px;\">Belum Online</td>\n		</tr>\n	</tbody>\n</table>\n'),(14,'2014-02-22 15:20:36','2017-08-23 07:12:53',1,2,'<div id=\"lipsum\">\n<p style=\"box-sizing: border-box; margin: 0px 0px 10px; font-family: \'Open Sans\', sans-serif; font-size: 15px; line-height: 24px; text-align: center;\"><strong style=\"box-sizing: border-box;\"><span style=\"box-sizing: border-box; font-size: 18pt;\">VISI</span></strong></p>\n\n<p style=\"box-sizing: border-box; margin: 0px 0px 10px; font-family: \'Open Sans\', sans-serif; font-size: 15px; line-height: 24px; text-align: center;\">Untuk mendukung keselaraan dan Kesinambungan Program pembangunan dengan visi Kabupaten Karo dalam rangka memulihkan dan meningkatkan kepercayaan invenstor baik dari sisi pelayanan, kebijakan,keamanan dan kepastian hukum, diperlukan kebijakan - kebijakan yang dapat dijadikan pegangan dan pedoman bagi para invenstor di bidang penanaman modal dan perizinan, maka disusun visi dinas penanaman modal dan perizinan terpadu satu pintu &nbsp;Yaitu :&nbsp;<br />\n&quot; TERCIPTANYA IKLIM INVENTASI YANG KONDUKTIF UNTUK MENDORONG PERTUMBUHAN EKONOMI YANG MAJU, MANDIRI DAN BERDAYA SAING&quot;</p>\n\n<p style=\"box-sizing: border-box; margin: 0px 0px 10px; font-family: \'Open Sans\', sans-serif; font-size: 15px; line-height: 24px; text-align: center;\"><strong style=\"box-sizing: border-box;\">&nbsp;</strong></p>\n\n<p style=\"box-sizing: border-box; margin: 0px 0px 10px; font-family: \'Open Sans\', sans-serif; font-size: 15px; line-height: 24px; text-align: center;\"><strong style=\"box-sizing: border-box;\"><span style=\"box-sizing: border-box; font-size: 18pt;\">MISI</span></strong></p>\n\n<p style=\"box-sizing: border-box; margin: 0px 0px 10px; font-family: \'Open Sans\', sans-serif; font-size: 15px; line-height: 24px; text-align: center;\">&nbsp;</p>\n\n<ol style=\"box-sizing: border-box; margin-bottom: 10px; font-family: &quot;Open Sans&quot;, sans-serif; line-height: 24px; text-align: justify;\">\n	<li style=\"box-sizing: border-box;\"><span style=\"font-size: 16px;\">Mengembangkan Sistem Informasi Pelayanan Perijinan Melalui Teknologi (IT)</span></li>\n	<li style=\"box-sizing: border-box;\"><span style=\"font-size: 16px;\">merumuskan kebijakan yang mendorong pertumbuhan investasi</span></li>\n	<li style=\"box-sizing: border-box;\"><span style=\"font-size: 16px;\">meningkatkan layanan prima melalui dinas penanaman modal dan pelayanan terpadu satu pintu</span></li>\n	<li style=\"box-sizing: border-box;\"><span style=\"font-size: 16px;\">meningkatkan kualitas sumberdaya manusia (SDM) kearah apatur yang propesional,jujur dan akuntabel</span></li>\n	<li style=\"box-sizing: border-box;\"><span style=\"font-size: 16px;\">meningkatkan informasi investasi yang akurat</span></li>\n	<li style=\"box-sizing: border-box;\"><span style=\"font-size: 16px;\">Mendorong terwujudnya iklim investasi yang lebih konduktif dan peningkatan peluang investasi</span></li>\n</ol>\n</div>\n'),(15,'2014-02-22 15:21:17','2017-06-29 12:58:10',1,3,'<div id=\"lipsum\">\n<p><a class=\"file\" href=\"{{ url:site }}files/download/7e079208a19474d\">Bagan Organisasi dan Tatakerja.xlsx</a><span class=\"alignment-none\">&nbsp;</span></p>\n</div>\n'),(16,'2014-02-22 15:27:45','2017-06-19 05:41:17',1,4,'<span class=\"alignment-none\"><img alt=\"\" height=\"317\" src=\"data:image/jpeg;base64,/9j/4AAQSkZJRgABAQEBLAEsAAD/4QBsRXhpZgAASUkqAAgAAAADABIBAwABAAAAAQAAADEBAgAHAAAAMgAAAGmHBAABAAAAOgAAAAAAAABHb29nbGUAAAMAAJAHAAQAAAAwMjIwAqAEAAEAAABsAgAAA6AEAAEAAACfAQAAAAAAAP/bAEMACgcICQgGCgkICQwLCgwPGhEPDg4PHxYYExolIScmJCEkIykuOzIpLDgsIyQzRjQ4PT9CQ0IoMUhNSEBNO0FCP//bAEMBCwwMDw0PHhERHj8qJCo/Pz8/Pz8/Pz8/Pz8/Pz8/Pz8/Pz8/Pz8/Pz8/Pz8/Pz8/Pz8/Pz8/Pz8/Pz8/Pz8/P//AABEIAZ8CbAMBIgACEQEDEQH/xAAbAAABBQEBAAAAAAAAAAAAAAADAAECBAUGB//EAEUQAAIBAwIEBAQDBwIFBAAGAwECAwAEERIhBTFBURMiYXEGMoGRFEKhI1KxwdHh8BViM3KCkvEHJENTFjREk6LCJVRz/8QAGgEAAwEBAQEAAAAAAAAAAAAAAAECAwQFBv/EACsRAAICAgICAwABBAMAAwAAAAABAhEDIRIxE0EEIlEUMmFxgSNCUpGx0f/aAAwDAQACEQMRAD8A62J8VdikyKyI5McqsxTdzXuThZ4EZmizZGMZqtPAH64zUVmzyNSMuNjWaTi9Ftpoz7jh7MBhxkelUirROUIradtwQdqg4RyMrW8cjXZzTxRb0V7STQnYVcW4HU7UMRLjl7VB09MVLqTLXKKLXjK3XaiAhhtWQSy7DJo9tORsRSlj1aHHLumW5cgZqq05U+barKzrIu1V7lkVWIAJpR7poJvVpiWcMcVYQZGax1kIbPKrUN2QMGtJ436MoZV7L7gKhbtVF5WLAiraTCRd6msMRGcCs0+PZq1z6KImfPWp6mYEHatAQR42FAlhIJ3zT5pi8bRU8R1OBkijxzEKWwTU0thnU7Z9KU8ixoAoobT0kCi4q2MlxrferK8qzUAD5FXUfC70px/Bwl+hi2KYy45UBnyahmp4luRZM+9QZ81XZwOu9R14wS2KagQ5lgg04NBWUEYzyp9XanQ1JBc1NATUYgH9DVlIwpzWcnRSVgwpOKOqLjfnTg9qiT0rNtsvomQo61Fpemagff8AWobA8qEhNkzLQnZm5ZpOQNwKSSjG2xq6ollN1lYkhTtzqIimLAaSKtsVLFmYqfQ03ig7GXSR+taKTMXCN7AGKbbK5qccUgO4/WrKTw4Ad8+tWS6aAVw3tUSm/wALjCP6Uikh5USNJF54FHHlbkSfaiFQ67nGahzNVFAUbOx2xUjGDvzqYhVee9TBAPpUN/g6BNE3PRtTFSvMVbD5XTj7Ux7aankx0VNOelIptjfeisdJ5UxYGrsVAhFnbfFFCjAB5VEvjYU4JbmcUOwSQtCA50iiBxioY9abBxSGED1IGq+SAcmpB8DelxAJk5wN6kFJO9CEm9TBz1pNATIA5GnU4qGMdaYGlQw/ikDbem1t1oOrFOZRgUuIg5bAyKSy96CHB60xIo4jLYkBqJbrVdTg7GpFu5pcQDq461ISDvVUNSL770uIJlnWDyNMXoQwakdNFDEznvQ2YnnUw0Z/KakXjHTNPr0IrkE9Kj4bHpVjWnQVJJMtgjFPkwKbRN2NIQt1FXmYA42zQ3JJ3O9HNsYBbfVzODQbiIiTQByFWAxV8npTPMpcnTviqTdgUHh552oBiGatTFmfJqPLlXQm6JZjGMhtjtUTrB5GiY0jIqSENXXZxUQWQ4BzT+OxOCNqNoUjYCksCt0x7GptFcZFZrg52Y1OO633zRWs1/NyplsUBOpmI9KfKFE8clkvxK451GS4XScmjtw6N48xMQ3Qk1mz28sLYcfWlDhLoMjyQWwizCpCTI8pxVTBpwSK1cUYLI/Za1MN1PShPKzbGohzSZg3Mb96FGgcrBnvUs9qcDsaRA9qogLFIy8jVhLkg96pcqQJFQ4JmkZuJrJc7jpTtcAczWYshApM7NWfiRr53Rbkut9qA0pcEmgb53pxVqCRk8jYVG27UVJSOZzVYU4NDjYKbRb8YUg+aq04JqeKL8jJSPlyelNu/rinSNpGwKvRQJGpzzpOSiEYObsoqDnHWjxDPzGnZU1k0gVO1Ju0NKmW4fLsN6tjdazo3KnblVyN8jY7VzzR1QlonnfFRkGRSLfWoNJ9KlIpsGTjalrqDtQi+K1UbMXOiwXyKgW32quZTTGTIqlAh5A5foaGxUcxmgmQ1EuTVqJm8gbUuc6cVYtbgQsTjO1Ucmi25H4iPIyNQzmlKKoIzdm6sqsoYjpTl4+1NIqaQRtntQgmDzrhSTO+2FO4yDTKgJ3NSUKBvvSDBW2FH+BiHlOxomsEbE0PIY1InA2apYEJYmmXTvj0ofg+CMsSB60dJlj5t9TVW6uJJjoiXY8zVR5N16E6WyeU5gg1F5Qh5frRLaERxjILH1okkMLAsUBNPkkwptFZZ1O3KiBwaH+HV9s6F7Ac6II0QYG/vTfES5exMMjaokZNFDKByp1Kc9QFK6GQCselLBBxVlDGw+alhFOwBqOQwAVm5VBtSmrbMO21RIBU4FNSAos5AoTOc1ba3Lc9jUGtwOZrRSiJpgY5TUwzk8ialFCAd6uoo04VQKUpJdAkVFdlPKmZ2LZqw8Tfaq75BxikmmMiWboaXiN1obtUGcitOJLZbWUipeKTVRH71IyVLgNMsgmpAMetV45sGrSsGFQ00NMIieWpBAm5OaiDgbmmLA1nsoaWRdyBg0DxiDRHA60EqK0ikJjl81Bm9KR2obtVpCsTMKEXGaix3psE74rRIVlJQCN6chc1VEtFSUEbkV1OLRyKaYYAE86NGgLDJ+1VsqNwwpeIRyqWmy1JI0DpztQSoByrYoH4lgN96b8SDzQ1Cg0N5IstxuQOdNdr4kLYAziq6TRn8xHvRNfl3balxadj5KSoDaNHH5WQau9WxDC51hVJ9qGI0apqmkjeiTt2EFSoKsEY5Iv2pT20MqEGEA91502k9DUlLA86z33ZrSaqigeGnVgSbeoqDcPmX5SrVrFmPQGm1kc1q1lmZPBjMU2sytjQc1EwShtJQ59K3NSnntSIU1Xml+Efxo/pkJZyMM5ApG0lA5A1rgZ5YNTUgc1peaRX8eBhG3lHJCfpTGJxzQj6V0A0HmKTIpo87/Bfxo/pixWkjjKjHvTmyn1fL+tbIABqTOMYwKnzy9Ffx4UY8dhMx3AGOuan+AmDhQoPrnatUMB1qYlXAGal5pjWCBlizuItwinPY1CZZ0GXQqvfpWyHTvUsoylcjBqPNK9op4o1pnPaHfGx35bU5hkUbqQa3UaNdlxgdqJqVhggH6Vfnf4R4F+nPKzDY0WObFbDwRSrgqM9CKrSWaZyF+1Cyxl2heGS6ZUE6nmamsqk4YZ9aN+GAHybVAwIDstO4srjND+GH5LSeElcGMH2pAmPqQKMsuRzqG2ikkzPe1kA+Q4pJaFj5iQPatQPnmaKhQjcAim8skifDGzNXh6EdSaFJw51O3KttNB5DFSIB5VHnkmU8MH6MeHhLOFJmUA8xjcVGfhc8QDIRIOpXpWw0eNxQyCDzNJZp32J4YV0U7U3DkmUEIBgbYFF3BI5UXbO5pmA9KXK2Wo0qB5IpA1Iqe1NjFMBKBRkAOxoQxRE2O9SxoCLVklL3D5BOxB2q7DCkacgRUn0SwmNuRH2oFtLqjK/unGKhylJDSUWGklUDAUk+lQWTUd0pmI1URNPUUqSQxngSRcPn0x0qYhi0hSucd6E8+huRxSN0hXbnSqQWE8FAMKgGfWoLawh86TmlHcqTg0TxoycZo+yDQI28aPlCR6U+jIJB3oyhG5GnZFC8qOTHRQZnzURKw5irLKAetQMaHfOK0UkKgYlJ+apasikCg5naiB4wNhmj/QA1NGjcChGQA8qh4m9FWBYeTNAfGagZKgX9acY0AmVTQnjBG1Oz1AyVqkyWRCkGpaTUDJS8Sr2TomDuQaOkgAG9VC4NOripcbHZoCYEb1AvvtVZXHWpeIKjhRVhixzTFsUMsSKGxOaaiBNmFCZxTHJ61Bo2PI1aSE2w8Txkbipl0B2FUxC/Q4pGN/3qfFX2CbRkhD3FLT6imFTHsK7tnm6GxTgN2qWo0+tu9TbHSI6X7GkQw51LUaWTQFIiBREKjGd/SkMdRmmI9KT2C0XEljxvgURZU7g/Ws/FID1FZuCNVlZpiVOhqYZW/NWXuORpw7jkxqXj/ClmftGmGAO/wDGiFtvLWWJX71ITP0apeNlrMjQDA8xiiBQw2rOFww5ipLdsOlS8bKWWJo+GdsGmwBzNURevncUxuGJyNqnxyH5Yl8DuaRPY1T/ABBA55p/xJxRwY/JEuYzzpBdudVVnzjJwaIJRzLVLi0NSTDFBjOqo6B+9UTPGBsc0IzAnbahRYOUSwBj81S1dMg1WEy+tMZVzsKfFhzRayBU0lA6VS1qx50+oUnAOZoCUHpUg643rM1DvTiQDkanxj5miXTFBaSPoRVQyDvTBl6U1joXMuGSLGMZqAC9Biq/iDpTiQ9CKfGg5IshFG9TLKFwKqeIxHMUiSRzpcf0fJeg5n09aQuyeVVfBLb6qXgP+9T4xFbLyT6+dTLgjeqKxSL+YUUCQcyKhwXopNhSPWkZFXmaCxfG2KCySMeYqlH9Cy6s4pmYNVIJItSDMOtHBehWWCQtTVwedVCWJ3IqS6gfmH3ocQsuZBGCcikiqrZUAGq2vH5hS8XA5ip4jtF0ye1OJCKoGYA51UwuMc80vGHJGjrVvnoUiKTld6rC4X1qa3Kc2o4ND5Ilp9KcbdKibiM8qj4y5506YWiwJNAyDUjfYHIfWqwZX/NSaJMcjU8Y+x2/RI37FjkAjtQpLhn5HbtTFIxvpqLBByGK0UY+kTsYOTUxJgVWMqqxFRMwNXxsjkkWjJQzJiqrS77UpZDpBqlAOZYM3rUGm9aomU1AynvWixEOZdaaoGb1qkZaQdjyq1jJ5lrxc0jLUGVhHkbd6rGbHPehRT6Bui541OJe1Z5mB5VJZ/Wq4CUzSWX1oiyVmCcd6mJ8dah4ylM0/G9aiZRVAXA70jcDvU+MrmXTLSEwqgZ170xnp+MOZoNNtzoZm351QM9R8f1prGg5jCpCoipCtmcY4p6Q9qW46UgFT4pDlTgGiwEKVOBtTUgoanzSpAE0DSHBpxSKkcxTikFD0gKQpxSHQ6rk7GjLAp5vQhThiOVS7LTS7QcW6fvGpfhVzs5quCakGI5VDUv0tSj+FkWq9yacWyg8s/Wq/iv3qQmfvU1L9KUofgXw1X8lMyIeQwah47dTTGQnnRTG5RIlCOtMV9akTnmTTVRk0htxSyalSwKBURBPepAnvTgCnwPWgdCAyKYgjpUhjvSI7GkVRHFPppbjrT5agQtPvSAboM1IF+xosWo8zipbotRsGscp3CmjmAhQBlm6mjBio23PtUlkc1k5M1UEgCwSDkoH1qYgl9KsByNzUGnxU8pMvikQFu/cZ96kIG6n9aQuqf8AEg8yd6X3CojG3bHzZoJjkHNTRxN5dOo1BWJPz4+tCb9g0gBV+oNNgjoaubkc81ApISSrDHY1XIOJXVQT/aihFycYqJhuCdiKiYJgcax9Kdp+xU/wMQqKNSjeoPoABx+lMIZc5MmaRtydy5NLS9lbBsY+i0wVSM4oxszjPP61EwgbEnHvVcl6ZNMDpB9Kl4Q6GpGNRsGyfepLGuOe/vT5BxIBcen0pEkdRRPDTq1QeJQNmNJNBTG17bgZo0BBbLEmqpj9aN4oVNKCiS1oE/0LLImcCqskg6UGUyE9APeqsjSVpDGTKZKXfJB3oaqxOM59qEWfOWBxUTOqb50+9dCi/Rztr2XEXS2WppZAy46VnS8RjU4Mmcdt6rPxNM7ZIprG3tg8iL7tjahGQAcqz34lvsmR70CTiTH5VAHrvWygzNyRqa8mrEcqqOeTXONfznk+PYVA3k55yt96bxtgpUdQ11nbpWfPcwq5zKvsN6w2uJGBzIx+tCL0LEkDk2bH42AkgMfcjFOLiM8nH3rELVEtiq4IRui7j/fob8RRRsSaxdVLVRwQzUk4m35dqrm/nJ+ciqRYUxanxQFs3UrbGRvvRoeJzwgKxDqO/P71m6qiWxzOKGl7CjdXisbDzZU1E8Shz8xrCMi+v2oRnAOBmp4xKSZ6AFqQWrsSRSKFYBe3eoy2+jdDqA5965fIrot4mlZWVN6coKJGofbIB6ZpaGLadJ1dsU+RPHQMLT6amylPmBHvTZouyWkiOmmx3qWaWaBUhYFIClmnz6UDEcnnSApwfSnpDGAqQFMDT0hjinxTcqQNICQFPimBpZpDoelTjfrUhp6mlY+JDanxRNAK5HKokY7feiw4sjiliiCMlcjBHod6iVIODsaVg4sbSaQU0ZItQzqwetH/AA8JA8+k1LmkWsbZUKMvzAiljer0OkEq0gcD0pGOHxSunp0qPIV4ilinAwati3i/ePtmp+FERpC7HqOdDyIaxMpZ33qasP3aKbXHJx9RUPBK5LYwKfJMXGSCIQelFULjrQfF0jdQc8jTNK2MqBiops1tItgDHlyTUS2nZgRmqqXDKD5T9DUnd5QOgqeLvY+QclW60NjGp55qvhgQATTMHbnvVqP9yXIO3h6dhvVcuQadcAebO1E0Ruu4yO9PoT2RR9RwDRzhFBZgSelVzEo3UkGmUyAjkaGr6BNrsvx5O3hkH1FHVSenLtVIXsqDSyk47URb/WpDITgbbVi4yNFJFhjjYMc9qiY9W6kk9RVNLiUHzQ7dPNT/AIiVjjGn1o4NByQdl2yp980sbc6qHxBlmYfSnWV8HDZxV8WKywXK/mqu7AuTnBNVZ5ZPEJwc+lB8SSRsYJrSOP2RKZZYMCd80xdk31ChiSUFcI21MxlcklD9quv0m/wsapGA3U+xqLmRBlsfeqoZ1bIU1IkuMOpGOop8aFyskzHGS4HpQWmx1qEk8MSlWkUt/wA3Ksu44tbRthQZD/t5fetYQsylOjTM3rQmnxuTtWI/GWJ8sCj/AKqqz38kxIc4X91dhW6xGTmbNzxFUUiM6n6dqyJbh5D+0csfWqxlzy2qLMc1rGKRLbYUyZ61Bn6ihk9qiWPSqFQQvmoFqY+u1MBgZp2h0Pml150x5VEntSHRIt2qJNRJxTZoHQ5NNmoM4XmaCZgdgaTkhqLZYLU2pcZ1CqjPq+Y5phJgEkGpcmWofpY8dOZyAKl4i+ue1UxsDg5BNRDNyzvU2yuCLZmJOAMVEnrjJ70JZPKd96RfbNQyaHLktjp3piN6CxY5J70PxG7mqotI9aYMuCrk46UaKRSAW5jvXExfEN7GxMjpKp30suMexFXR8TQ6Mm3fX1AYYrlq0NTraOokYMviBQNPU0P8bF+HEsrosZGVcsB9q5eX4rlWErDbIpPJnbVj6Vz8ty87B5pCzch2A7AdKFD9Byfo79uO8ORghukbI9xRY57KWIyxzxFBzIkGB715u8wEZwpJzTwXYRwRkMdie1V49aFcn2emvbgqGjYMp5b0HTXLcM421rMPFLPFp06NWw3zketbS8e4bIR4jvCxP5l2+4qU30yWovov4pwKZCsiB43V1PJlORUgnrVWLiLFILUgp9KWmlY+IwU4p8GnC+tPppWPiMEJp9JFLFPjFKx8UID1FLB7ipAA9/tSIxyINKx8SIFOMdzSJI5c6Z5E/MQp7UBpDlsHbGKck4zUAwYeXBpwwXdyQKBJko5ip2POrBYOoJIJzzrPlvYxtGmfU0BruRhtpUegp+Ny3QvNGOuzX8QIzMcEdqZplbfy4rDMrE7saQmYH5j96rwE/wAg2vHdRldPvmoNcuxBJUY5b1itLqIJJPvUC+9UsCJfyGb4uzsGYAU63GDnXzPLHKuf1+tPrPej+OgXyGdIs5OWAyDzzQbi5whR2Vd+VYIc/vEUJ35k86S+OrB/JdG0L6KAbylvQDNBbikGciAk+pFY2ok96RbflWy+PH2ZeeZrjjGNhAAP+amfi7HlCB/1Vj57U+o43qvBD8F5p/pq/wCryAbRJ9zS/wBYlH/xJ+tZRNRLZp+GH4Hln+mo3FbkkldCjsFzUP8AVbr99f8AtFZwY9TTSMM7U1ih+A8k/wBNI8VuiMawPZRUP9SujsZyB7Cs7Vim17UeKC6QvJL9NH/U7sbeOfsKb/Urs/8A6hx7bVQJyKYNT8cPwXOX6XxxG5G34h/vSbiFz/8A7D596oZ3picGjhH8DlL9Ln4+5z/+Yk/7qh+NuP8A75P+41Vzk0vc0+EfwVss/jbkcp5R/wBRqDXlwec8n/caCTj2oZYA+lHGP4O2HM8n/wBj/wDcaYzuv/yN/wBxqs8uNhtQ2fbeigosPOzc2bHvQnn0Ddjntmgklhk5AoLEdKKRVBXuHYYGw7UEt60wOaYt2qikh9VIttUCdqWQRvTHRLVvU85FC2xz2pxt82cdqQUSGfpSLaTtSOT7UJjk5G1K7AmXJqOrBxUCTTZoGEJ226VHWBzFJVZvlH9qi5VOWD/uNJtIai2S1avQGoPIkedyTQ3lYjynfvVdth3NRybNFEeSQsd9hQycUxz1pHcUFjlgRv1qBbfnvTsQBUXKkEigCYbIFLO2aCHxUg+aQwgOc6utTAA6jHvQdLnfkO52qMjrGD5tTHkOlRKSCrJy3CqhwOvLvUFYMoZnRCRyJqoWZ2J2yagwJPmzn3qeT9GqgjeLqGIzg/pVeWcJKici3XtQRMCpRxpIOcdhWdeXWboY/Ltz51yLOuNoUcLcqNxWIG+6jnSfTLpKMBvnlzqks7Mi4xpI5GkLhgwV0BVeVdUXasjiy6oRwMHJzjnSIw4IGTVdJ4lJbDBievSprKXwccqoVBTI2c5+9Tju2RsEDHXtQgVzgkasUE5yaVJipGxa3hRtVpO0MnYHANbVr8QzoNN5BrI/NGcH+lccrEHbNW47iRU2bIHek4ktfh31pxO1u8CKYa/3G8rfarmrvzrzhZ45Th1CnuDtWjY8UvbRVT8Ssq52WQ5qeIraO2DCkXxk5xWDDx6BhicNC3odQq3FdxXH/AlR/QNv9qajZDyM0DMD0JqLTMTttVTzdjSIbtVcEZvJIticjng0vxIH5c/WquG7UsN2p8EHOQd52b0HpQw3ehnX0FRIkP5aaiiXJsI0oXlzqDzO64ZiR2qJRz+WkUkx8uaqkLY3TNNncCkUlJ+WoiOXqvKr0TsnUDkGiBSea1Dw2zy/WkmNkCc0s7YNEETD8pNP4Z/d/WnaFTA8udSGcGieExIyp+9IxSHYLge9HJD4sAzAepobNzJozQzEnyfrUDby9U/WqTRLTA5pE0U20v7n6iom3lHNP/5Cq5IOLB6sUtXc0/gy/uj/ALhS8CX90fcUWgpkS1NzpzDJ1H6imMb9v1otBTETUCc71MRseePvUTG45LRYUxiaYnFOY5P3SKQjbqCaLHTEAelSHc06o3Y/an0N+6aVjogWxyqJapmLbY49CKE+lAeZNO0KhwaRNV9YyDkj0qQILbsAPek2PiTLkk4FCdsZAO9Edl04Rh7Cqsm4A5e9SpWUkSDfWkBzaT6CoMrqdqZz++4B9TQ3ZVEnk1egoZ5cqfXGB5XBpKEYZ8xz6UdDBHlUSd6IWjU6WyP1p1EJPzH7U+QASadQWOAKsaoEXIOr3oD3I1YUbUKTYx1wu5GT/CnBJI250ySArkdKRlAHMCpbYEnOhSeZ7VVLMeYNTM2GOTkdMVNHjLBXJLNyUDl70XxHFMCAx5CjLEqjMm5/dooIx+zj379qDIrD5tvc1DyWaUKWZiuBgDsKAFLNliTRCBkdTUZJAvlHOpTKQOUaarmneRs4NR17cqpDGJxUCcjaosTk+tDJJNMpEi1NqqJIqUYVwSScDbApNpDSsQcMcDYZwD3qakJ8pGruRUWVSRgDy9BUdeWKkYAFYObZdDl2J3bIobjJycVIkdN6iSc74AqbAYKB71LHpSHLnUgFxzobCyxFHrtTsNYODqXmKzb60Zizxq507uGPT0FdHHCgOrGCRpOAc0KWz/amVGDE/Msg2+h6V4sZtHZVO0ZNiglgA14YdxgVC6DW/wDzmtkcP1xeIA6XBwGBI0/YVkcTjdCFdnaJCNPVT6g11Q+R9OJjx+5CIlxg9O+xNWUJVSx3UfpVK0cE4ZWJGdjyNSguNUrkkBOftWuP5PCNCnjd6Ly6EcMGOoncAbVMu2WwBvy/vVC3kcSuzDKndT0ovjg9/tXViyrIZSg0WXbGMHelG5DYJoAZS3Pf2ogePTgnf2roM6DOWQjUNjyIpMrzbhxjaol1aL5j7VBJACMZ98UKwLjkag35u+amkzLIskblJF5OpwRVIM5BAVmx/t50REmYgpA/1FNRZDSOm4f8RjyxcQ2J2WZeR9x0reEuQCDkHcHPOuCS0u2OBEApG+pq2OFm6skCvc6o8/8AC05A9j0qlBmUkv06YSe/3p/E9P1rLHEG/dFP+PJ/LRwM7NPXS1ms0Xwx8u/sKkt93Uf9tLiFmgGNIsapC8U82A/6KcXKH/5VH/SaKHotEnvTE96B46n5ZkJ7YxSLy9FU+xooQcGkMelCWSXb9n+tOzv2x9zQAYafSn8vYVV1yfvfxpjLIOpooZdAX0qQx6Vn+LL/ALqXjyDq1LiNMv7U31qkJpO5pxO/elQWi8OXOnx/uqkJ371ITP60qKtFwD/cPtUse1VBM/en8d6VMpNFogelMVHYVX8dqfxj3ophaLAQdhS8NewoAmPen8b3pUx2g3hr+6KQjX90UEy59KcS+9FMdoNoT91aRjjP5FoXjDrmkZh3/SlTC0Se3idSNOn1XY1Wfhdu/wAzTf8A7lF8X1pxL61X2/RfUptwW1Y5Jlz/AP8AShvwO2YbSzr7MP6VoeJ60ixPUU7kGjIbgFuRjx5/qRQX+H4yTouXA9VB/nW5kVEhT0p8pfoqRgngDDldEj/k/vQZeByoo8Nw7eu1dJoU9P1pjFGeh+5p82FHIvw29QY0Aj0oRt7tR5oiCK7L8PGeh/7jUGtIjzDf9xp+QVHGkTqcGNh/0VFVYnDsy/zrrnsVPySFf1qpccKllGDeOg/2Dn96fkQUc94ab6mcn061FkjU4JJPYg1qycAcna9cn1X+9QHA3T/9Rn/po5BRQSNCxESa8HG4xv2pSiOH5tJYdBWg3CnHyuB7LVWThc5+XGfVTS5NjVFAOCxIU579qYPoI8M49cZq6vDbpM/IagbG51ZdF+lFlaoD4szjGo4HTlmmYtjf75o72s4GRGM1VkguBzjJqUgWxnmIAAUjPUHNQV0GSy5PvUTFKPmUioOpAGCftVUVok7BjsuKEd+RqYx+Yj7VCVwozhSKV0Nb0DkJXpQydiScDuacyEoDjfv70zlRGQPNnmTUOZoo/okZTuo+p5U4wvy5NDyqjnTjUw6qKzbsuiTNioCQZ5UMn1pvWlQUFLAnanBJoQqakd96liaCAE0iN6bVikWz2qLYjoFXUQ6SYHUUsaWzk6Tz7GsGDiLgMEUEgbZ6H3q3ZcRbw1S5I2Hznnnsa8LaOwPeR3YYlZSV+ZNOzIapR3zrlJ4ypceZlA83/MvL6iiwzt+JAWc6M7M2fei8RtJJELtgkHcruP0rWJokq2gf4eC6WWa2dEeMl2VmIHt3FZ4tnjuSspzK24UbkipqHVS8eRIPm0jcVTkvZbi/8SZjqAADY5Y5VabQpQ/C3bOJF0HUCp2AXl6VNm8PAcAs2/0p7cE3BxH5SMoVHKhTaxK2skqhxoI5VUJuNtGEo2yy00CWwcLqcnAWixz22tdakArn9aowsJCyHnjGT0oDlliaNjuhzk10R+ZlTM/DF6OpjtYWUMoDKeRFGW3jH5B9qw7TiRtLXSgyXYYJ3C1ftOL+VkugNUaZLLvqNeli+bjlV6ZxzwzXRprGq8lqYA/d/Wo28q3ECyofK3Tt6UUKx+XeuyMlJWjndp7EAP3R96fT6U4ic9D9ql4ZHOnZIwHfFLA70tIFPgdxRY6FgfvVLA/epAgcjj6VIMo5Ak+wpAJY9XykGn0HOx/SkJCOS0xJY8h9aQD4I706kg7MR7U6yEdBS8Rz+bHtQAdTKeROKKplHzfxqnqc83P3pYz3NKgRoBiOZFIyL+8tZ+gY3JFPn6/SlRRbaVhyYD2qJlkxjXgmgBsDr96cMvVT96KAMHk6yD70vGkzsQfpUFkQDZD96cuh+VcfSkMIJ36qv2qQmzzjXNCBU83/AEqaqCfKwJpUNBRIp5xj71ISRdY/1oaxsOxpN5fyVI0F8SIdGpi8R6sPpQSfQU1FDsNmI8pCPpTYT/7f/wCNCyPSmz2ooVh9K/8A2j7U+jtIv3qvmnzQOw+g9GU/Wn8Nu4P1oApfWgA2hqfQ3Y0HPrS1HuaAC4YcwaWff7UPW37xp/Eb940gCA1LNA1nuakGPegYYE0+aCGNSDetIYXNLNDyafNIZImoMaROetRI9TQIixobHHX9Kky5/MftQ2jJ5Nj6VSExg6nkRSP0obQOfzj7UwimXk6fUUxEn1DkAfvVdnkzvCSPTNGMc3URH6kUNreQ/lQf9ZoQURwDzBX3obxDHz7UQwSdIo899X9qA9tcnkqgf81MYFo42ODMB7ihSW8en/8AMRfWiSWV0wwuF9sVTn4dfEYVsjsRmmUkUrqaCKTSSr74ygyKy7gq7/s3G55HpWs/B79iCYUYZ6MAarPw++t1ZBaO0ZGCGjDY9uf3qJWzePFdFLC6NIkGOu1QaNmbyNkdqJJbyxkB4ZVA7qR/KlEYVYllI6YzWdGhBbdkILZwOmKaVyDo0kA9e9Gk0SByJSmBhRjYn71WLPpaMmN9PJtx9qRQx25/wp1GeWKEC3IL/OkzlCAAc0mHFhzG3UUtOKC87bAKQPepgM2MIeW+9TTZPF+yTNUNVOYscxp9zT6E/eH2/tT4DSoo6fCkIZtKsfKwXnWtbgH/AIkQY4yOuPWqHgO1uUV86X5gc61bG2/Fr84UoMaQ4LH3FfPSejqbrYcW5eISsfMxxt1q/Zq65WTkR5SR17/wqndRytCNL4A/NnH+dKPB4jQLqfLhfMCM59qnm0hPI3sk9shkbQESQ8yrY27HesE8KQzt4c66teCA2cZHetyVCFbw9JcrkJjBP3rHeVWtvGIKTQNvtuMVpGbYRm29hbbht4ZhHAV1+GdujAEc6r3ckiXSQyMhkQ4Yjqa0OFSSTMCJHjkQEgg4znoKtcbjt5Y4WurtPEgXHzAu2f3gKuNSsG1Zz6t4d0Y/nUE4xzFEd0klDAA5XzbUDiK6JY5MFS6hvfpQon/9yCpyD3NFew42rLUJRGMBBC53OOYp0fFwVbcSDn2ox03EThjhuYbnTJBoYE5K41AkcqFKjNmvwa7WydluHJhYcxyB9q6Dx4nYKroxI1AA8x3rjgSyuxXAzy/nTKXhQvE51ZwrLsd67vj/ADHjXFnJkw83Z2Jx6j60w0jt9qpcEmM9nocksnftV8pjpivYx5VkipI4pwcHREaRT+WljHSmP0rQgfI6UsjvTZ96W/amMkDSzUaQpBRPJxTg1HNIGgQVXx0B9zUjIx9PahA0gRSGEJJ5mmGKjtSyKAJgipAihg1IGkMIGpBqHqpwRmkOgoYVINQQ29SDYpDDBj3p9WepoQan1UhhA2OtIsT1oeqmLUAT1HvTaj3qOulqoAlqY8zS3qOqlqoGEDUs5qAapaqQWPSzTZ9KWqkA+aWabOaWaAJVIGoZpwaBhAakD6UMGpA0mMmDT5qANPmkMlmmNNTE0wEagfWpGomgVjUt6RNKmKxsmmye1PTE0hjGompGomgBjTU5pqYC2piKRpqAHPuaq3FnFNu8an3FWc0qRSZjz8Ht2ziNRnsKzZ+CIudC49jXUEA0F0BoKU2chJwoqdg33oD8PYf/AGfauveFT0oDwL2p0ivJI5NrVx+eQe60xicfnOMdq6Z7de5FAa2H71Lgh+VnOlJM7Nypx4o/OfvW41qPT7VD8GOy/alxK8hlRlTMohBDOfMOQFX+HxK1w8pQpIh3I61TtGjljfCBnQ6iGOBj3ocN/jiEj+Ho0nLAcgeQ5V8w4s7qZa4zeoHjhGBJnUxUcverPD7lfwzAvlsg47e4rFvLeaUtNKrYDHMoUe+CK1fh6CYETSEFWGB11fWpkkog4pKw63rTQnxAqIo589W3as6/idLVZJY3GvJLRnry/Wtvi8ATh4kVAgLgKWOP+2sN5hLALZh5GBOWJ598dKuPV9Ilb6I2QEkqo0ixDqSc4HoO9PxGzwfGhYyoD5gUxp+g2oVs8lvINanVqIB6/wCetbllLauwS4zHOVxqGwam5OO0U7TtGB4gnZYZWMiKuA2PMm+Tp71GWwktZmONcIbaRRseR+nOtfivCdUgktghXGGUeU571U4cSsjRPkkADfoc5q+a7RSlrQOOQRIhyDnI1KMGneXCLjBMh8p6eoNAnHg2zRg7o++R3o1qyTQKnYdTypNeyGvZYBAQALjWOVAiLPC+Nstkb4zijFG1RtjJQ7kGmSJY7oFX0hjkrUxdEFy1vHsFZwwBddOAM5PSuhs7+C7jXDBZT+Qnn7VyAcSl9IBAGAAedEikZEimQgSKwAPKu74/yZYtejDJiUztcLncUvL0FAgnSeCOVSPOOWevWpk17sZKStHnOLTJHHaonHamzSzViQthS6cqbfNPSsdCzTg01LNMBwRTgioaqbXSFQUYpChBqfUaB0F2p80IHvUwc0gonSFRzT6qQEqcVHNOD2pDsmKfNQBqWaB2PSps0qQWKlTGlmgLHpxUQalQFjinzUQafNILJUs0wNLNAWPmlk02aWaQEtVOCahTigYQGnBoYNSFIAgNPmhg09BRPNNmo5pE9aQDmmps02aBD0qbNKgB80xpU2aBCOKiRTk1EmgBEUxFImmJpgMRTYpyaYmgdipUqegdjHeokZqVMaQWCK0Nko5FRIpjsqvHQGjq4woTLTCym0dQMX+Zq2ynO4oZXflQOzm7cF4SIdXiY5EY+nqKiY7WZtUcSsWHmQD+HLetOG0lEuiMjRz1E/KemBWnZ8MMmHkSMgfn0/yHOvluduls9jmjL4fbzzyFvCxAfKWI+b0x1rftbGDh8GuUrFAu5XPM+p/lVkyw20Ksi5Yjlnf+1YvEpDcq4kds74PSOm+N/bbJf2YuJ8SS/AjRNMI3Vup/oK5w2zakZgGB2UD/AD0od1+Ls20iUFWO2BuRULO8ljkUTNsDnJrXs2UVWg0ijURqycgaTyJxy9DV6KIuEAyqtsrMOVRjeOaWYhFIbQcbbf5irJ8MoVY6s43z261DCMKNAvJDEDKWlRQeYzn61zas6XTSvhc5ypOR9avvPLCSyBm0Hc5yPtVaV4JHWSURKzJkMDz/AM7VMY0Z8StcW7XEMkscisiHdBzqKKIpFkjwmRsvt/Gqsr6JgV06Scjerdo3iW8iSfKAcHPKtHYSTSCWs37VlYE6h3+tWAUZ1OpgprMtz4WGRgQ4GN+XoavaybhyQsYYBlz1/wANRJbM5R2TjX/3DoRgEkhu9GtbeOSNoHkKLndvDzj6Z3qs7hZxIM6Wx5sdPb6VqcNinNzDMRqQMeRAII5ZFNNpE0W7aC3tUSZrhn8A409N842qxNxS2iWJmchZGxkqdh3/AIVqcXiPF+FyGGKJbhRqL/L78udchFP4IEU8MiPkruhZT07V3Q+XOMU4dGEsCk7ezphggEEEEZBHWkB6VHh0HhWqRO48QknRq3HpiqvEb6SzmZT4YA2Azk+57dsV6a+QuNs4vE3Lii9UWJHtVXhl8LtHMvl82FbGF9s96uuvYg+xq8eZT6FPHKD2CLdqY70+kinC+ldBlYw3pYpwKfFArGApwtICpUDscJmlpx1pt+9LPtSCyQHrTiogjNPSCyQNODUM4NINSGEB7U+agDSzQMIHxS1A9KHmnBpASJ7Zps1EtUdVAUEzUtRoWaWqgdBc0s0MNThqQUEBPSlqoeqnzQFBM0s0PNPmgKCA04NCBNPmkFBgacGggmpBqTQ6C5qQbvQgaWaRQTI70s1DNNmgCeabNR1UtVAh6cGo6qWaAJZpiaYmmJFAhZpiaRIqJagByaY0s5ps8hnfpTARps0E3MALDxVyuxHapLLG3yupPYGgdMJmnzUc0s0gHzSzUTTE5oAkTUCaROOe1RPrTQDE1AmpE1AntTAiSKjtTnnTZoGi1b2QjbXIQEHJQP496e4uSvkhwABvj+VRnuGKasY9G/nWfKGkdS+N+WHwv/mvkXlS+uP/AOT1UwU8pdW1koD/ALiDQ4hIQpJ8URjY4xz2olxFIwCqAHA5ZOT9etAhDQoBcxjfbUTjenGarRpGV9DzWUTMXkVQM8jyH3qu/DLMYWVGQdWD5A9a04id1Uq6EYGkg7/52oaKxwViyD2B2o5sNlSHhQt3BFxlHBwrDn23pxCzNho2H+4CrPiJpRSrFT+6DjPWigeIGZdB0jBDLvj6U+b9mnOjJnso5dTLJICOT53oR4UJl0zzeIFzpIGk1thEGrOj/lwR+tQEOFYhsIT+YbiqUw8i9nG39oltdNEWYqOXlpoZ3tdJiAZeeCP0rp5wjqzXNuXC7Io823f2rOm4ZbS25nhkaFVP5j3H9c1qpp9lakjFLaowMrsclRVlHKTRNoVQRnIyar3VoYJEIlSRW5MDRlt3ikCySAAqCG5jB7VTSYmkbVtELi2eQYkSPfMhx/n8K3OFNA/DxLECgI8/m2z1PpVHg0It7VgnhsxGwdsED61t2tgiuq2wVY2OXXOQe1ck5U6OeUWtE7K4Szb8RKWjhOy77nr3rGuuJmSWeW5uAj/Nq0tuOQzz5dxVz4vmFs9vbifyACRwFBJbp7VzbXzyLJcOAArZGU/lWvj1RPFF++vHktYyzKyqwGpTpEnY5GCevWs4xhpWcRu5zltmYHNaPgtP8PxyO6JP4pZkK4Bzyz61j3dwyJEYVYJpZR0Gx5fSrxt9Dit0Xo0twAJ4JUTPsRnr2rpbeKK2tlit1URgZGkbH1rj7S7e4jMbaBkHIdhjA6+9dhaoRaIuHVkAXDnJ5V6PxZ8ZUzD5GN0IvvvS1igtcReJLH4qFoQTIM50451ESxNZ/ilYmHONQBr14yR5riyzqFPqqqZgPCOmQiXdSIzj69qLuCRnlVJpkuLXYTPOlk9KGCetPmmIIDvTFh1qJNMDvSGT2p9+9RDDqafUKAFT0sjrSwKQWODipA96Ecj2pZNA0GJFQLDpTAnG9RJoHZMvUc1GlQOyYNPmh5p80AEBp80PNSBpAT2pZqNLNIVks0s1HNLIoGEDU+qhginzQMIGqQNBBqQNIAwNLNDDU+qkBPPSmJqOaRNAx80s9aiTTZoGSzSzUM0s0AT1U2qo5xTZoAlmmJpjTE0BRCaKOaMpKgdexrJuOCKSWtp2Qk5IfzZ+tbFMaC1Nx6OcubG/TeTxJ0A20Nqx9DvVFwFlIkSWN88sg/x3rsKjLGkq6ZUV17MM0qNFl/TnoLq6iQeDPI2ncqzBtvY71o2/GY2RPGU6jzK/0p5eD2rFjGDFnHlX5R/nvUZOHSOrkqjSKP2bCRsn70rG+Eiw0/4gkWt+inPylBkem9U54OLgFXcyxkYPhsAT/CsmewuYyBPDIsfNiDlahBNLbiP8PdOnMFc4BNS2WoV0EnhmXZopUYcwcnPrSWa5gTVE+NhssmM/QnnVmfilnLahLoyTzpsVeIAE+jKwwKGr2EpxpuLZ8bsmHAHP3qf9l7raDw8RvtWDofA3DYz/ACq4vE4SB4qvG3UFSazDYiYf+3v7dwRsrAx/xpC9uuDAxzWCyA762dhn2K7feq5OPZDxxlpf/hvLIjjUjAg0vtWHDxeVoRJJEjHr4bcv41Zi4qHjDeBOPZc1XNGLxTRoCJmQKGJK7jPSiCINlHkB/fXTz7Z7e9OThQca1A3VQKdpVVAGDKx8owd/uK+J5M7lIkIv2YRC4HLSWxQ1QYKTwmRTzDNsPrRINEahASR01E6vrVgP5CrHUD0J/rQ5fg2r2jOktxDIHiU6cY5+U+lQaBpC4ecKV6AEY9cdMVonIBKoPJzYrjaogRsok0bjOTgEkHsRWscj9lRm12ZwDKykEOueZVcrj1xvyociRxSeMjibJ67EDrjqa0ohGmVVyuog6WOR/n61G5tYpJI45Y2maUHzL+T2Ycq1UrNYvkUFIVBJokQKcbds++wovhAg5Uj3UYb/ADemkjZJkRVMijm56DtTTW7eMdBkCOOW4wffO1PVj0OkeZy4wkjgbZ2IHp0ppbu3V3jkCuw5hV3yf/NSuCkUcZOUwflZQCPXtQ2iL3KXMTqiEedcHS2+M/elyRHJXozr4tFNDNb8PilhlU6iseTnse1VWs7m8ZJre0CIVGRjSCeproRY3E0jWzQiKFhkSptv0GOtaMfAQwWWeVzjGeX8KqMm39RcqMa2tgqGNTuQV0hdQz23+Yf1rrODWEVnavNsBp2A5D2z61nTpZW9zCyRNcOmylSFC/StOG9g4jEYy3hxxkZBbTnHSnH7PbG8lo5fitxFcT8RvJ4Y2QYSPALbrt5lrItVwXaRfMvlCnGBntW/d3VnwuGaKOU3LkaRlMLFg9xzB5Guft1uLtJJIYUSSNuSNgBvT+lW4yTdmaT7Ze8G3LNGZCryDPc5Hp2rPfxIW8S8iimTmGMWrPTHrV5bK9UKJG1RsMuD8x+xqsbguv4VXH7E6HAOrUvLrzFEWxGta31h+CZo+G2guIhnJiVdXfSO9XX4sLbhi30Ntbz4i1CLDbMBzbGM+tYAtYre38KCeCdyg1yNGQcddjv9u1Wraz8aXS0h0Im6Ko0t036+/eurFK8iSIlUbYx/9SuMqreDYcMiwPy25H/9qPL8d8eg4X+LhjghkuSCZ/CyHI2wqmk/DLQbC3j2/wBtVv8AT4lYjSSoOykkgew5CvTh8ezN/Ji/RWP/AKifFrjK8QA/5bdP6VtGZrgmZyS0h1knnk71RFpEowFA9hVoHAA7V1YsSx7ObPmWSkkEz3p8nPOh6qfVW5yk9WKRbtUM04NAEsmlqpe9LbpSETDVIHrQc0i1A0H1VAtQ9RxTE5oGkE14NLXmhFqcGgqgmqlmh57U4NIKJ5pwaiKVKwCZp80MGnzSCiYNLNRBpZoGSzSzUc0s0hks0+ahmn3FAEw3rUgaHnelmgKC5NODQwacGgdBAafNDzT5oAnzqJps0s0AImmzSJpDekA+9LNKljPKgLGO9KnxvtSOOlILI01SIqJoAVKkabNAD03tSyRSJoAcMRVK94fHdtqErxP3UDFWzSpMpTa6Ofl4DOqHTIsm+Rg6T9v70ySTWYjW7gWSFTskkYz9GrfnlS3gaWRgFUVk23GfHuXEiaYjyXA3rGUoxdWdEZykraC/j7VAFh4agkPNSFX1ByRvUW49H4ZD2khb8yhgQKuGytpowweSKNhklBqwO+k7VqcM4PwmHFxNxV7lcacCEJ9w4xUzy8RxUJLo46YxX10Xge4jlY4XRGrfTbf+NXIOEX4j0xSK4U4PiF4yD2wVrqb2D4at7g3Fqbi3YD8kvh49tO4z9qZPiQaAIrmAoBgeNKzN9TWXkvbNHyWomYyojFymkx7aVbmPWkFKR6omMII5sMjPrWOvEGeWeSKRkQkJHnJX35b1o2EjSviYqkwOkuAcHb7V8txa7L4gUE9tI5ulOHcBGQ5Efcn0oyxlGV4pjOvVWOxHcVcAMUr5bVnzakwB9RTobcS6WMYc7gYx/wCKdj2NFGviK0ioXx83SpELsxj0q2QCi+UH1NS8CMMMkjsF2I+1CaQCUQlmydwux296i2K2RYAMpfyoObas496SFlRlEutM75TAHtis69uLSArLJlGBPkJz96qxXd1esHskkViCQvt/Ct4wbNK9my0SypmNRKSdvDO31zVdnkhVQFjK6SJFdgpHrtn/AM1WtOF8Rv5Yy+UjOznqPrt61tQcIs7ZM3d1+IJJwSM5HQE1VfrBy1syLVI7sFbZmlQ4bEvf36mttLOWCKON30B84GPlHM4pC6Nsmi2txAo7Lkn61lzG4ubxboCbygqMuCB61HKP+SXJdI3DdwRKVt4yZcZy/eqb3U08gMpV0HyjOMfSqkSSMQ+piRzUnAH2q5GzuoVQuoHfcHT61LnLogpS29xFds8RXSwO+eXpmpWFmbqznmuPIbeVfYk5BFXpplkiZZnCuBklWxy9KLAq/wCnpbIxJml17jkOQ/nWkJFpaIT8H4e1qtxNrTbGNRwT61zcqTPGBb+HHpyE8wBONvqeVd/Hw5L7Fs0Czb7B+XKuJ49w5+HXkC3MKRCFpB4kR1n0GN/oelds22hvszommaGQzSS29xANxjTknoex54969D+HPhzgN9wsBmWeZissskeoMZCNwDgeXfkNq8/HEYrbisEMvD9RKov7RmkZx00gY1e57VvW3xBcpdMTaThFwYwlvpZR13L0oa2zaMFx2b3xhwzhXDeEyC0thBNIcLITgjp9t/41z0LoFgFrcRziQYYBgWGOmOdWviK4i+JYoJLm8aG1XR4svhFsdOQ68+VYXCfhuK8vba0t715Y3LanMQDREE41LnkQM/Wtk1GSkZzgq4mtIMHbrVc0aSwPDoVhSZp4QSEkK4zg4I9gdqrFq9vBPnFM8rLDhJoYmkPWonekDXUc7JA0gajmkT3oEEBqWaFnsaWaAoLqxS1d6CWNMTQVQUv0FRDd96HnekDigaQUGlmoA04NBRLNLNRzSzSGTBqYNBBqQakwoLmlmoaqWaQUEBpw1CBNPmgVBM0tVQzT+1ICWaeoCnoGTBpVEetS/WmKxxT5qIqQ3pDTHpwe9MF2z0pY7UWOyWaWaYUsY9qAHzvS1d6bpTGkBLNODUM0/TlQwJ5BpZpguTjOPejJBqxkn6VDaQJX0CzSIoVjf2N3fT2sTlmi/MT83fFai2yjGxrPyx9F+ORQCt0UmnEbHkprQKLGB5gPpmq76llAMiuhOOeCPqaTzFrC32VzE6g6lwB1PSowhZsMrhlPIg5zWB8Q8VS5t3hsZXKpkyYAyR6dwK0fgxLh+GNo/aQM+3k1HPVT6Vl/I3Rb+PS7NiazKYwCQR82NjQGgccgTVL4j49ecKkgtbGDwi27q8Wn2xmrvwxxUcV1pfyLHcFzoCrsAPb+dRH5O6CXx2lYktpm+WNj9KTxGLzSEBANTNnYCtq+kWDKkSRpjeQpgH2NYHxDOsvBrmW1mYNCFDBW2YE4IIon8mhx+PZx1zeGS6lMrmZ9RCjV8gz2qrJKsmmRIkOk/Pj+Rqs7OHJjDhTsfVutD1SO519BjlsPpXnyk27O9QOptLzjl3ZNacNvlYzgo9rIoDN7H29RWnw/4b46Lci9iWPkQDKjY9h/eub+HZCvFbFmkVVSUEk9ADXY8R49xqPjNwtmlu9nqXwyrKwxjlnbfPOp8kuiVF9L0W7e04dYI0PF5bQTDDZfBJydvLv961Lb8DLAr2jPPEeTwRal9tq5U3XF7yZLxuGcOvLhFxJGLT9qo7c8keozWzY8R4Dc2/i3Pw00MxOHCRggnvuQfuKtV7YpRdaMKDg9vHGiSOZiuylv01Cp31tN4JW3VUZyNXlxnFGc+HJjw0IOx0jcUfyNGqTMmQdteN/6V4nJ3sz29lS3W4hs0WQg7HfGGP8Ay1hC5e5vGR5SBGfnxg/bntyrobuRZGEKEkkZLYOw6VUnK6wsjgSD/hs+PP7GtIMpMSyyLEpSdNSjyu5HmHv3oMpurwFIgJiVBVguCjZ/WjQ8NN4xkvRKkYI0xsMNnHTHOujs+HRwQhpU0DG8W2P+o9faqim3UR2Ytn8PpLIJp0SdtwWbKoD99z/WpPxHhdmNFqEudO507IpHYD+Jqv8AFnF3RRZhxHBKpBAyCw5EZx5elcdBd24zELcxZBGYs/Tbr71tGCavsIpyVnYT8emlXWsiqDsqIRj23qtHxFbiJl1sPNhgVx4Z+nKuci8SxiWWZyYycGNcEnsOun+x61bNzcTFBA4fBD/swFYp1BPf6UOKexvGdJBJH4QMYCt+9JJkHPb+9WEDjWxVpcnOxrmBcSCSaPCxqo1AyMSyHH6LW7waabwFt2OhmOtSGDZJ6b8x2rDJClaM5RaLaSSA6VyrZyFxg57VZSRDESFGQRnK/oaA0DIheSchvzlV0/p0oF0zxmIh2y2yMB82/WskrEiId7i/aCKIZVt5NXJTjn3+nauntrfMiEIVihXQmR8xHM/fasfhtlGyrAkYVpAGZgfkXntXQ3csrRosB0P8kAYnSpA2yegruxr2avoscMkj/Ez/AIe+DyBRmKNNRByds9K5visHEuKXTXEMC61k2jZCuoZ/jsKXCXbgV/foLtHlRhK5JBUZFXv9cficRVZoHVvm0ZG1au5aY00VF+FopeJW9/eq3jQxKg8wOSPzH1/zFby2ljBb/tYYhGowWcb7+vOs955lgcw4LqMouNiRyqNzfiGCO74kCtw6D/2674bHIDv+vtVxrotSvotp4Nm3jWdrHaRrlNbHAOf9ufrmsF57Hg3FLydblkkYqhnGX2KAgawMb4JxR7a0vPiOVdEslsiedWXBAA5gL+c/oPeo3HCuHcWlzb3E1zdXBYsZjpRmAwWKjYYGf4VV0wWmB4y7a7Ql3YNaowzywSxG3tisgsa1uPzxz8Wm8JdKx4jA/wCUY/lWO2xr2/jL6I8rPK5tizSzmo5xSBrsOVkwafFQBqWaVgKpAbU2acGk2AxqJBogpiKLHZCnqWKWMU7CxhtT5qP0pZoHZI0xNNmlmgLF7VIGojlUZpY4BmZ1TbIBIBNDaGrfQbNPuDvQlmjZyoLZHIlCqn/qOB+tCe8jijzMrRNkDScN+oz+tZ84/pp45/hbBpwaeL4n4NHbrHJwaGOU4VpJ7h8N3K7ZH8qGjrIgkj3Rt1Oc7VMMinegnjlDsnmnzUc05yD2qzMlnO42py1QpA7e1AiYPepA88daFn1qQO9AgmacGhqw64NCuLqO3069yegPId6mTSVsaTfRbB2qQO4xVaC5hmkaONwXXmP5+tWByONjSUk+h012OBmk/wCzjaSQ6EUZJNZ80fFFibE4cg7eGFTI9c/1rLS48acOrxzy50tpYkggc/P5TWM8vE6ceHl7NgcUtzIUXUWxspXFGtbkXDEeEwYb5A1L98VQHB7y5tprqGxIhQ4Zy/hhe+VGxHsftV8WcPA71fxbwxtLHkaJAQ303P8AKudZpxlcpaLliVaLYG2CN+9S0qBsmD3zQBxrh7sitIEBboVYkdds1pPJwh7aVrfiTO2fK40jT6Fcb0P5cDLxSK6RgHyqRt13rP4txhbMi0RkF04IOny6MjY+9X+M2T21tCYuOwuLkaUO0eG76TuR9c+lc3fcDV7mOXiM1xKcAE2sZYNjqGbHT6VzT+TKXqjqxYXFcpGdwWZrSW8LRStK0RK4Gd+/LpzpWPGbi0v1dlkKxnBUgnUCe1dv8PWFvDm84VbSLchWXXeaim/MbYGSO1FHDb5ryaW4vLWN5tzpBkxvnADbCud5Ezbindk/HjFlDdSRNEsi61Drg/XtQzxBY2ChfEMnLSQNvTrmpcS4VbXNpDbcR4kzLK7LF4ahRk9NOMVV4Z8NcOteILbG+uprkIZFyPD8ucbkc/vTeZvSY4xjFfZWc3LwXh0FyWt/xl7n/wCOMMAOhDEgZ+hre4Rd8Z4Nco/ArHTw4r/wpF3Y9SdRB59sV1llwq1tE0xDGdzjJz7k1MiytQS7RqDzDEVMpuxp3s5jifGeL3uW4hwu3aRsiLz6GA77E7+tBsnhsoo7uOKPhiISJSpB8V8Y2bvz6ZrE4r4V38RIlnxprgOfK+kgx7/LgnFdPPYfh+AzW/GobVbOIGQudUuOmrYas79MVFt6HLcqZm8R+NI0kW2gudIxgsEyRnrmgrd/D3D41SGVbud0EqrJ8oz3xnB+9Kw+HvhrikLzQ35upxnxD4bRt2+QnON+fpXP2fw5ex8ceO9EkMK5ZZjEWWQDl5sYHTnRVdhxi9jyJZxzyxGMnW2oqJSVXG+2+46Zqhcwwx3pmuJpgJCSCMZHcdaHNaXC3bswCOGPldgR9DU2t9MI8cSF4/mCNqbf0qVf6X/sVpaxXEyw2TmSU7hGbSSBz7fat614td8JiW3js7bDAhvFi0uB1w+KyLWziguUuhIwUjK52H3rfaUTxZd2kONI1rnI61a0JbZRTikn4XxDEwn1ErnZee2GHWgycWjkcyXFrK0jbswkDZ9ySKsS8OinAWNJISO22fvzoR4esZKu5cjqYxUuv8Gq5etnQglyzLoUgfKRsR9d+dRliZImaQ5VhurBcD26mpKjQhVlKbAnCrgj1x0HpWNfNIJYbm2DiJ2w7KeWdgcV5UFydHGkmK/nkgTMUiSo7AFGzkZ7duVX7G1SeSK6fXKEGlYtPMnbPelwy1lDqs1upjxqYa+RztnHOuks7fwsyMul2+Vc/KK2jFzfFDa3SHtoI7NGkOfEIySx1afQVn3nEnIYopKpyDHT9at307Ip0aTjbzEAFum9c3frNhpEa21A6jkM2nv9aeSSvxx6Ibt16OS47HPc8ZmlV1cHzAI+dIA3p5rdIrSK6Rw9xs3mbUT9a6C9+G7V/wD3CrIuSCwLHzjmfahWnB7HDwuHMb+eIJkntkH+VaLIqVejojNcaMqWCS6sGnEsaui5dVXAYDcHcc6pTPEUSSNFQMmWLHVv3Hr/AFro04WsDySxySMshwxU7nPM4PKucms3j4g8QgxHE2ytkZHcmrhNSZUWgdtczx3SOWzkaRr3BXt7Vt2Mxiii1h4sMGQBMagP4imhRIZCFtUSYjMRx+bHTbajPcgW+i9ZTnOoPgnnsauSTJk7OshuXm05MbK482TgD7GoQW1tFM1zJqbw08quTjUeQHb+1YdhxI2lv4SxRiL9wb/Uc604OKWsgRpVaPDhiwA06cY3HPtXKscovRmkdXwi38K2RpiPFlA1vitbjuu24HOtu0aR6QOR1NnmPr3qpaqsksKqcocEEbgirnxDIp4E5aIBydIZeeQef6V2x+sdDl0eEcVnW2unt4HBTmzK3Mc+eeeKHZ8VNsGAllVeagHcHpvW1d8Htp7ziUszGFYtDt4Ues4IJONxzxVjhv4DgsccsDTMZl1q8lsmpfOE2JO25FCkq2bRScTa4Rxdb+BUMMgkdTk6TgbdTQOF2AlupoYIZZ5YmZR4uVQnPU/u9cA101hfTSS3nDpbKcIISrTSyMVkyp2XpmuctZeKSTxJ4DQAgBpXYARA7ZP3pc16IT4s27S2WGZfBSW4v5RpaRiAEU7eXGyKu/8Aety4kteA8O8WTxA7nSrJFr/6RjfGep+tcjxb4gseHQtw/gsgvLg5WS6ddtzuBWPrubiVp726nMjYBxMyjAGOSmunDhlORMskYLZfup5Ly5nuJYwsnzuAOnfON6rQIbrJizpClmZlKhQOeaBc3P8A7f8AC25lMBIMouI3cytv117KOg+poc0sQtxBCQsOVaXXDKDI4/Ns2wHQZ9etetCUoRqjjnjxydph10Ojusi6UXW2pWGB9R+lOihoJJhNGI4wC7FsYzy5j9KrXU8brHbwSAQIwbMqzqzOdi5IOcdhnYUaaVJJUgt5dNrEx0M8lwHZiPM7YG/LYdBgVXlmT/Hh+hVjLwtLG8ciKwUlHB3OSB+hqIot1c62SC28WO0gysaPKX8TJP7Rs8mOfoMCgZxW0JNq2cuSMYyqJLNODihk0g1aGYYHbFIkDmfSoagBk7CqPEZ88NSZCR5lPP1rKcuKNIQ5NI0gaRNV5pgtr4qnbY7e9ERtSKw6jNNSTdCcWlZM1E0iajmrRI+acVGkDVATFB/D6F0xFQOisuoDPbqPoanmpaqmSTKjJxeilcZUEy5jQcldDcJnuCT5P0oBKrAAWMQffS0+tCP+RNxWoT2oAt41k1x5icjBaI6T+lYPF+HXHP8A+ipFBiElI5hAxz4kaAox7kvk0dAyor2qhQFw7WzPNn3HIfwoht4iSxUlyPnY6m/Wq0kcyy6mLOuQfER2Dr/0jb7dOlT4mjRZlPRctJ5Xk0uVZMZDEgN9VBNXNuu9ZaQLIhZVku4UBzcWcaR6O+rJH/8AWtKxVrmRYIPBuckL+znLzLnuoGPfOPejyxRlPA3tCPpUXcKpZyFUcyeQrel+FuIKuqIxy/7c6T+u361yPxGk8EEa6camIPm2P8jVSzKMW0YxxOUqZoRukiBlbUp6ipk9q5p+I3KCOK3jYlV3VSck10/wbwniXHrSaVVAWN95HbA9u+axh8tSdNGkvjtKxLXMcbE0PGy7iRY5FAjZd87dP513U/CZ7SZ4pPDYx/OY3DaffqKuH4Rt7q6trxeIWszpH5Y0bffrkcxUZ8sZKrLwwcHtHnvCHxcGbxJFOykqpON+vpXZW/gygnVlQcZXcZot58EqIW0cagsbcsMRBGwx6astz+lZQj/0GdLcXEV/GQNcsTjTHqbmQd64v5EsX+DaeHns6a3+HZ+KWcy2kqYdCmonOkkY5VxnEfgzjHABKkoR43ACOnmBweoG6g+tbtzwO9W7S/4dfyrMB5WVsHB7MOn3qzFx34tgQ2940bY5XRiGsjtqH8cVzv5ccu2zXEoQjVnn8E16J2jZnfDecA+UjH6jFWpuFmS/PhcQAbSHP4hSAPQkcq6mTh895iSe8V98gqgJ9skZpjwqZ7sGJJ0tmjwcTYAP/KOnvXM88b+pfOPox4vhi6e3JmteHSA7+Kk37T0K4bf7GqVxwZTOni23EYs7eI0ec47jGa6W1+EY7p0CX14Bq+VD1G+7bha2Lf4XurSVZLTjd3brz80pdSfqa0UuW7G2ntMzvh74dS6hgmvRO3hNqw6Dw5PY86b4jsOJG9kEPDZ7mBl8hgcbdhvyHpXXycSs7FFW8ucuEBL6cBuntkn1qhd/E1rGQqLhuztpNJtEpaK3wzZLHYnx7K4tHcedZnyG/wA9qvjhthagtvGmT80mFGfesafjd9chltwI1PULj9aoym6cYNwQSckjcn70pNfgLXsHxH4v4cZLaWzt5CVLESHAAw2M4696qcV+LpDxSS64dGhAh8BWzqJ31Z9O3rULnhizZD21vKCMZA8Nx9azZeECJVMPj2zKyncCRRjnuu+/rSUxriK5+JeMXiPHJdNGGYDSfKBkggYH2rS4N8QrGZRxCyWfR4jmYN5U0rso7gtnf1rBv7FrctLZSSXkeCW1YLrvy23Pv0qnHPGXdFjZy6mMLKMkHnj70+1opqz0MXnwrxiVjdwRxTRQJNK/yhdXQEcyDjpVu44Vwq7t1s4+KyKrg+Ggm54O+x2IyK82klLKpuBglAq4+ZB1GPtQxkmLSxK+YjK4B5ZHvtmnZJ3UfAeL/DVy95wh2nZ0I8hCn0BU7MKD8QfE/G57E293YQW0EqmNpDGVkc+gz/KqY+MOKRiXKoyNok14z4Iz5h65qlxT4mm4pOlrPHEI/FJVmXkM+XfocVak3opfpQvp4D4AGEZR5iFxnGO39Kz50ilLT2qE/vDVkGp8YRlmCyBJGCZwH33PP1+tZiXk0a/slITODt/OqktlRjrRaSaV9WYmKEjVlSAF5AnHaul4NBb31uVN0LWVAANUmfE7kCsCC7jkgXx4Vz0OcED3qEKmXisEULLEGcEvjp99/vUpvoJKzqL7hnEAoiF5C4VlZTkocZ5dqlBdfFHDYhapFaXCruHltkkI9NXX61qsodxGjAtjkDgn6HnQWjCsQG+4xXO/kyj/AFRMebiqaDwMhQyMyy7+UZySO3rVK6gWZisWtJCMaQmB/barcPCxbQGNbhFRRhW6j2zUhZSyMGhnMqADyluR/ergVJ9j4qxuB2k0Mqxzk88nSxIOPf8AhW3dzeDBNKc4RSdqwjFxKKYNDEXixkENup9u1WYruYTDXgBAAzDJz3rpx5lBbB9Dy3MbQpIxAUc9XP61l3XEIY45XWHEQxpIPM9hWgeH+NGLiwRNAYhoJlAI9mx/Gs+7guI1LR2ZhkUeXI1KfTOCFrLxOO+0ZcaKLXtxLYqs+sSONKlVOrOeXv7VG0uFjZVkb9qM4ydR9aYx3l3FlroMxbddWyHue5qrGbe3JSe6JYbNgEBj23rSNGqaLjXAW5dlfJPPGB6b1JlhnuQzxr4pGRP125ZrPit34k2LaKV11kl9PkG1aDcL4jBOlvCT4OnUCdwh7H0503xXXYFHiV8tg6P4TJIWzrXAEo9/8NUrzi1vPGJwimVRgjSMHf8ASti64Re3h8K8mj8Et5yhBcY5YzViPhCLbLFcNHcKnyu0YLEdjVxlGKtjTjWznrCdJr2JIiIsnB1AkH7Vq3KyQXirLEk6yMcMmARtzb9aDNwp4roziSJlUgRxKuGA/l/GrQuHjVk1tq8uARsvTNTPJbuI5UbfwnxW6h4vbWryMttrIwwycY9cEfSuy4+rPwc6JlKxsQ65+fny9cV5wHuJLcLIodycHz4074z61CyvJ8mSaRTbkhdJPI+nUH3rSOT6iu0dxwiK2sLZLme8RTPiRdeFwMDYd+VSHEPhqWRhd2Pjk5wxg1jnvz36A1xlzxZpIFt1nwuDgMdAxywW5n2oM6yNEhQrFKTumoMOXMEfrV+akqRKTu2eiK/AZIriXhUkYvFiJVCzbE8vK21czxS5sTYR2ct2jyysXuAxIJwPLuOY57CqvB3SymnaVZbqBrcrLGhBKnGQck7D61x3ErK6ZHuWmg/BR7RHWobT2C8zScnkfdFcbZqT2VnbOIrfJeTmCMhAOf1q4U0qBk/WocIsGsbdP9V8gGyuSCRkjAPfnWrf8OaBBJE3ixnkVFel8HNCP1b2cmdP0ZB2qJIHWjMhJqBTfc4r2fJGjjaYPO9IDtmiiInlU1i+9DyonZn3s7W72wXGHkw3t/hpQXDNczxuMYbb+FU/iNjFc2uDghWP1zVCyupGvlZmPm3YZwByrjlnrIdsMHLFZ0maQNMR25UgDXoWcFAr+XwbCaQEgqMjHvWU1yz8ItVwCfFIyTywNqt8fJThL+rAVgK7/hVAOApzz+auD5GSp1/Y9H42PlC/7m7e3TDgURzpZmCDHUL/AOKtcHn/ABFgNwTH5awbq7WThUNvzkjfUfQGtf4TUvbXGx0gjasYZv8AkRWXDWJ/5NQg5psbVC7n8DiUUATyNkgl1846H0ppLyNXRQqkSAFTr/jgd66/5WNds4/BMIaamjbxYdXk1qxVwhyAf/FI10Qmpq0ZSi4umOCc1IZJwNzUGkdAAkXiA7HQAXHqudj7Hn3FKaG9RoWhN3dxy4OURYlP+0nYowPf9aieVRdGuPDzV2FZHUAsjAHYZHOoGte2+FeNGTxOHwWqF1/aRXExZj3DL8pI75+1UzCPH8CWJ7e5yVaJw2NQ6KSBn2O/vWa+RG6ZUsDStMq4p9OSNqtJblmChSzHkAN6K1rJFA80iFET5i3l/jzpyzxSszUXZmtbxmcNnRORsynDEevcehqVxBILeRjcMhVDp8JVh6csqAd6qTSNcXqvFPpGMJpHTqaPbXckLNA6TTIBs7YOf13rzsnzIuXR2RjJJbK8HGPiLjNm3DYDfXKxBS8UGCCowCC3Mg9iTk0G7vBPcSw2VrHbIhwsbNurA4xnHzfatyyu3t4ppuHSyWMz7yDGQ2O6cs1x89pNDeGJVZ5X84ySAM+vWuOc1PSZ1RqYbidleQTNcGQMj6QTnf0J9fWvTPgrg3FIOFRNPItvC7GciCRhJIx5FyPy4/KOfWvP4OFccktoljgcRzebVnClfetWCx4/d2KcLuJp44odh+3cJp/n7VEcqgthKv07T4k4lw/gVjKbe4thxN8hIyupzq+Ykbnlvk1xnw1xy04dGk1zGTcglFnQHUFwANIBHXnnajp8EB4tU93I9weblMjljmTnpXV8G4FDZW6Iup2QfO4Ax3xt/E1MsybuImo0c/xWy4jxziENw1uwUN5JLiUJpB66EOenetCD4Che2ZJeIyylyCw0rgsN9zjJ+tdK8CGTQ0+QBnCjepoYbRchVX/c/Osk8nvSK5N6ZnmwmiZYpIdTDZWVtvSh2Li6nnjgly9u2iRXGCp/nyNHvuPWdqrl5WdwM6UHOuM/DcQ4rxluKfC0LRQzlWkctncb5A6b8/epj8eD/uZ8EjuzYxEiSZjlR8w8uPrVaXiXCbOJmuGDFTpIb9oT67bVkDg/xFHak3MTXKHVrCBTJg77FiT6YHSqVsbOEtDDCkcoPmRl0tn1B3qnj8e1ES4mvL8USzRleHWmlBylmbAA9FrCnmupLos9+4QclA2+narh3wVA5d+VCNvrHkH0NYyyNg2ylJbxTSmS4aSXKlSpfIPr71bRo1XyRqmBgEAb+551BrWVfljbI/dobPIrgNGB70eRvsTb9h3nYfNHn150hcAnlUIJC0mnG/3FFljCknTkdgMYqk7GtiEoY40/RTQ52SNQXyPpSyQdIwo6jNQ1aWPP+VVQFWVo5DtED2ZudDIBIOMFTkZAYD/uz+hq54ccm5jGD1BxT/h4iuBkHvmgdmLc8Mt5nLgBXII1KcH3wds/WhLwqJtfj3DQjXqRwuDjG4J5fXNbT2zcxgg8tsUEoy5wCPWjY1JnJ3CT2tuTcCSGF2Ma/vMO59OVHtiish0tJOzl3kCkhMbY27569q6EhgM6VNV2sw8Lx2duVdm1fshgk/StFMvkjCu2CXCmCQeGAMalz03GKrtGZWYYD5B5HqPWuts/hmaTXPdSpNJMuPDm2KHlnI5GqV18Li3dA1rceGuc+G+rUD19KpyafQKSOaMRSPw0VpNR+XHLHMe9bNnwid4YpVQRaSMH83saOY1gSRUDIc50acZPfJp455mdS+lkIwocf0qeV9G0UmXbS6kgAjMhKqcHCZ/hWkt3AyKzuiEjkN6y1MchB0qCOag7H+dCkTznQCyncFQKWiqN5I1kfD5BXoy9aeNIYpiYC6uQSSM7/erCyE6VkV2A8wbmP06/Sm1wGQrKBrU4w555rzrOaqIxXd1HnxJEJGc6eYp0mm/GLJNGvhgZDg+Ue/Y07wQF2KpoZvldN9f9TQBZyR85GlbUMMdh7GkkhW0aE3EYYoGZCFK8hjANHguI2QOxJ2yGB2+9YkkMb3DCSDU5bXqDHAblzqwokeDwWh0RAbYbBX0+9UnKPTBNGlLEJgFhtoJS3V8Lj+ZrC4v8PSyzBhHbalxlcYIHpn+NOlxcxXLiRUa2yAh1ebJo7zeMzRMA0beVjy0nqPetfNLqSDQC6uvw/EYvxUqQI6KFjXY6goGwGw5ct+dHvbqFLUlpNOkZGT5qocSsXiTXMI5JpAVglcBUU9x649KyP9J4jJboj3SFAwUusmSegz2O/I0pQjKXKxOK/Sd7x63lhkiljVnXYHXuanwziayFV8Epk8o254z+WsDifAry2AmIEyYyzR74PLcUDh8ojnDszDHIrsfYV0pRcbibJRcdHXcQgRlM9s4ILZI1c2qtalCivNkLgKS+5B9KOviRRqNS+A4BZWzjPblyqF/YqtuJ7ItcBR5o0+ZB0JAO49elc1p6MiUoa6jjBmIJJBYDGccqyxY3kd8fxDKFaTV53wrDvTW880uhbeRTKx3x+Ve/oelFmuUZX/FSkqmEkwQzAHpv15jarjyjpFJNBZLUNIEAhaHScnBOD/zZ/vQ41uW0IzBVB14XBx06Hlj+NQhu1s4Gt4ZGmRH1Ij7A5/zn1opu8TLGYQkrcwV39qq5DL0bXClQ5MbHGorp/Tvmq0tjYeJ4jQLqBzhzn/xU5kk0kPOiA7YVcn9KEGht8a5de587E7VCv0LY0tk9zcCS5unRQcx6csR69BWvDxee2hVIpcqDgGQ71kG6yqsrvqJ+VjgYqcNzHFHJOzKmBtlckHO/T+VaXMlp0aRnjdWZrfW2NR8Mk/515VUEsLyYljeJgw1lmGEz3/SqF1xB3umW2bxiybHWc6jthVHI981GG5ltJIpr3UwaLCOwYBCOanIwf40Sllktsz8dbNRCyGNVQ+KzkHUuVC99v0pyYphKbe7KSqcGInGT6ZoMFxC8CALoKnLeKMsFO+tQTvUJ47a4vJJJxKG20McpGx588Z/Ss/JJexJb2YfH4bz8XJNcQlQmlC3QHHId/esy3xnUTuOg5mu6SPh8gFreK7w/OuthlP8AbkHO24o0/DLO0tiEhtU17K8iB+fUn67H2rox/LV1I2jlSXGivbRmS3gaQEF0BOkbClIrxy6I7aWUfvjSB+prr7LiPAoLKCAcHjZERUV2kBLnHfHP+tcxxr4gSLjI/DWEVtaMQEjfGWI557Zr0v5lxqMv/o5X8Z8vRz/xSswt4AYykOokkkZzXNbqRkDboK6Tit8nELprmWIiAZESIDoz6H09awpRGCuFCEZ2br9axeTmztwR4R4gS7alAGceldL8Lt+HWSSQoAdhnOffGKwkgItPGaNymdOrTsTW3w+8kMcSCOMLEoUsdIOScg5/TFZytqisn2VINOGl+I1kMSpFFgYK5B6+2MnrU7nh0jXPjvGyNnOdxjO/L6Yq7x3jv+oW8GiGwj/DSBJNzmQn77UV/ia64jwoQXkcBeMroaPIbTywT6f1zTV0ZqLpAuH8Me1hkTdWD/tFJ5nocdP71YFq7EhVJ9qt8A4pbOtxb3SlMsG8Yg/temksR+UcgK7C7tLG1tW1SRRsBkam3P0r0vi5UobZ5nylOM9KzH4DwCxubWSS+MniglfDLYBGOeRvRBwuyUzWcd0LiHxNTqxWRh/tc4yQfWpx8XjsG8RLS5mQ7Noj07f9RFY/FOIBuMJxTgcMyXLJ4dzDNGCJF6E4bmKeTLj57dkY8fyMkOuJ3HDbcRQRoruQmy6zuB79qpfF7cIxaR8ZLgSuF8SNmTUegbSckVzdpxvj0kqfjLiG1iC6mK246Hcbk42rR4h8VfB13F+Hnknu1dsKyQbhj1DbYrklljLo7MHx8sNTd/7OgHCrCXheBot0ceSeAhSB/wA3UVmW/wAPxLYPFxe7i4nGzfsmZSCi+hz/ADrhrq8t4mklt7drmOMhYvGfLnJ/cG3uasyf6zxzhn4aO3MFtKcDxZNAwTzHcn9K5pZHy2jqWNKFXSMjizcGi4nNaWskwgR28yvqBONz6j+lZdzeyCOM8PJJA8wI2IG29bEHwXxS7uZl0RJGjlHfbOfX/wA11fCfhC1tLdVvBDcOv5tOMVlq77LlKGkl0ef203FeIIYY7TxAFGplyCD3/tXaWnw9+Js11xzQyEbJzCn3GMmtm9vOH8EVBDBCGYSctiNCM/1yRj60ReORLdulwxCC3jcaVwNbBiwyfYVEmn7oze9ojwzgb2sY8ebUQeuf4ZrajjVAMAkgbmsgccWWUR2sB3IzI6tpAOd9wO1WFkNwP/cyeIn/ANenCn0NRzxx3ZOkWZb+1h1tJOgCjLEebSPXFYV98Rw3EBHDzKZVYYJjyDvjl/eoPwC0eWRn1OJGzoZtl7AD0qTWAtbNxGC5RWcaxnJ51jL5P4Jz/DLv/iW4gZJ59NqrxCPLZydyTsOR+tUJeNRpGPDhkngwE0CTAG35uW3rXK3nF/xLyifUskhB8QD5duRHWoR3dnHGYzCjAndl557jtvXT47X2Nljb7O+4ZxSzuI0ARIJW5KSDsOuaykuoIeMXUkM0sU/iOPEgcIyjl5envvWAtwjKWt7mOJAAWiaPcffrVu903tmJVt3KAagyncqef0261MMShLkiYrgz0KD4pveGwxyXssHELRlBWRMpKgGzalx83v8Aete34r8PfEqCN/CeXBYRzrokXHUHp32NeKTKrRxaHdljjxtk6D3x0q1ZftiyhldTjSPpvn9a6lkkinji0eq3vwjMgLcLuteAcQ3Iz9nG/wB6wAssV54Dx+HcNuirIHD456StZVnxOZ4lh4hxK9WBFynhlpDnkANwBtnnWBxPitnc3EUfCrKeJ1ZlaaefJkx00AaV/Wpko5N0KOI7lr94pjDdI0Mx/LNGVJ9j1oMzNK4U4GTjcbVz/DuMcRmsns5ZG/DxrhYpBqUZ/dzn9KtWvEEims4DAZ3mm/8AiOCFzucem1c04JPQpwaRuf6fqIKud+bDn60QxK8u2QD1Paj8M4vw/idzdWdkxKrjQW8rP3x35frSfwwMxoZE1FS8XnAYcwSM49qyyRdfUzlED+Ficnmcc/LVWS2Jb9iQN9w1X1WOVSYn1dyDnH0o2kum5R8deRFTC30xJWY0sUqSAeA7xn/5FwcfTnVdJ7dndBJhk+bIx/GtSbi/D7O6NrcXgS4A3XQcL2GrlVlY7bitszxmKaJCVYhx0/zmK6ljzJW1oTdOmUILKSXDfKh5Eg7+w5n6Vdi4dagkSs8mk7gNpI9x0+9BNjNAFNrPLGgGNJbWuPVWzU1ubtW/awRyrnbQdBA9Acj7EUKcV2h0/YZbK3jH/CjlycjxF3x2z1+lGJypVIdGOi/2/nmqv+o2sayNM0tngDInUgEdweR/7qJLdRxQmbS0ig+QwjVr/wCXG2R9a2UotDpCLGNtJViOWrmP4fwFO8skZDHGkA533+3MfYUEXEs0bSRp4QIyJZACQe3/AI39KdIUMgM2p5D+ZmP6DGx9sUf4FQpTFMpV7UMHGQ0hwoz2O+fpmgNwayDkhZIjzJjUYU+mM/rWggfzgSEZOykc/oNvuaYHylRjGN9PIf8AbgD9aOP6CsxZuBvNGyWlxFMVOQTgEe5FUW4XxBGKmzdsfmSRSD9xXSNHG2BoUkHmrZxt3OAPtSbXnyzSY7DJx96PHH0aqUl7MdZooW1GTCAnYZAHuasall0Ex+I2nOrRgioDxNGl5tUijzkqKGQCFHjMhjXUPDXAO3WvKAIYJJF1IxUxtkDUcfXpRQwJXUCSdgyntQT4ilVkcNtzK8z96QXC6AcKpz8gHMdB6UgbJrMkrtC+CYxqJZCBSaKENpKeYnPlaiqGlYNq1RsMqdO7UMhGhInZTp3Oe3SgnQmhYglcLkBTpHX+NDiEuvGwAXbOdz1NTj0tIAkzjIGBzyPXtUgzgOZHVgeituoHelZNDJFbXc68PuUBRiNmzlHxsynoaxpLJrY3FrMXdo3IZY0AGR25Z9zW0yBl8S3k1OjK6ZPaqnxBfwR8QiuiQpuIFkYHfQQcHC9TyrSLbjRfaA2UjwWq/spIo2GBqbLkE9aGOA8HuZzKYAspbUQkmnB77dKvG6LwiYv5NiC4K6R1OcfpQ5LsOxMcEZU4wyqMvttnHT3rJOSba0ZNv0FueGRPCI9LhSuPK+PXfbeqMfDprRvFVI2Cn54XI6duh/rU4mtbyMQxPJqTbT4hBXoR6j3rP41e3NlaC2dQZZNvC1c1HXbvTjyb4oIN3RncRvp/HlaKJooh88mzDUeQB6etYiLCusMzsSchsaVO/wDKg3RYOVVwR6MSB1/TlRLRllQRspZF3bSnQD/N69GMeMTrSpB7eaJpWLjK4wNK75/vXTWUcEKllAVX377Y+4rHh4NeyIZm8FIyBjzg6uvSjfiJLOI/iHLBSAucHHoazlU3SZL2ak9qA+LVsLzY579zWDf208F+QreLrGdIbJ0+3Stey4pDJIYbYagcu0mrYf26Ur+8DTl0tVGjmzDcnpvUxcouhf0ss2nC7e5sWZ7hEdV2ygZjn5cY3rDvBFbXOlpUkljDESZ8pPIbHnWlw+edbxGcIxuPKuRgoRgnntt696Xxfbjwra24ZaOxlDSSSs5kbI22Y7D6VonbSBdnPG9WNoVkUOITs8TaWJznn/Oi/wCoXc5cLqkQZZ9Q3ZOWT0+tZ93aR2TRxyO3jYPjIR8p6CmglliaR4GZMJhtxuueX8K04JmnFGpBLc3FymlPDlBwoVsAL026fU1JYrgXDm/MqBSGHiHY88YO9Z342TxAZnZ0VNOksQCPWj3HEZrpohO7i3Z8+Qk6PQE9qni7J4Ms21zJLN+HiUSs2CWcf5+tdHIpntJIZ52RdgNBZlRR3XG1c/w2ImPwoZLYIeTyDBXqT649fpWg6RBjDJodJMgPAuvzDpqB3zscMOVYZIpvRnONs0BdRWk4gCo+FVvGxjUD1yOn9OtWGk4bcSRRmOOVlcBPFiA1HPmxnoaybOyzm3CNiHIQtGFJYeuc42OwyKGl3YW1+UM7M+nOPLpHXGT1zt0rJ496M3DejG4kkzXk4EDRIZCQoUqM+2cVCK1cxuHt0kL/ACs4OV9t67W14iktxBma3VTgvDIuAu/zAdSdtq7GT/TWYRvEAP3PDGP/ABXXDMq+2jWOR0eUwWl7NbLBqk8JTsqA7d/41r2MFvaSyXLqrzKNMf4hcoPYY59d69Dt76yjQrA5iXJyFQLy2zXF/wDqBxHhd5BEiyzvdwn5cYXSeer+VaLJGbpMak5Ogd3wb/WLVLzxvxUgAVvCTSI9+RAH8qsWPwfcTgBmeOMDTpbVgjn6dRQfhC/tLHhzmfU13cOi48UbqCMZ7HnW5ffE8EVtbSJH4Ya4j1ftl8y58w+1Jz9WNWYvx5wr/T7CwujIpuAxjbc5brkD05Vi2/A+MTEz21vfNBN5hJFMAG/XlVT4t4qvEeL+LHdGeIE6QP8A4/8AbW5wr4luOH8ASzW3LAxOy3C5wpIwP1otxQ9pFDh9utrerOZ5Gmhz84aQIcHIOo45GtKPitxdSiO1vIA43KyRhQw/5hVHhs1vxCdlvLeOQhcZzjfv2rSveEhrZf8ATEitnwQwMWc/3/Ss5ZafFsmUt7LNrwzjXEWJi4nb+AG0vpB1DuNOKx2u7dLqFbiETKkxRg3kYDPPGwXar/DrPisHAbkLbyCSQ5kLOyu/QeWqNpwvjN1eNPLE4dxgzyqMr7UeSNbYuS9s9DtbHglrKxtrWCSRRlgX8RsUVePWS3KrECjlSF0ptntz57dq8943Hf8ACrGJpmaWMvi4lQ7hc9M9eVX7eSS9t4JoYo535AeIQBtzAz2zTU21aEurZuQcYjiSUwWvhmZ3f9oTrLnfcY/lVOfid6wKzW98ts5VjJHEAoGfy43I70IDjOyxw2UKdcDJxSex4rNqWTiSpGVwEjj2B9N6h3WyeUb7K91Z3d3KEaVVRQ+0A0hQ4x8zZPUkitC3sYoZnk2LkgBubAAY5mstvH4LeRfiJfGWUaVmb8xH5H/ka6C3ljuYleI4VhkA8x6Vx5ecV/Yzk2yJWMcyc9D2o0TgY3P12FCndoQhwBlwGPYVz3xZxhrGaG3jIGrzk53zWMIyyOkRGLk6OvTDgde1OzOm4z5fSsfg16lzwqKUn/b6jFN8Q+Pc8JaKyky2QXQfM6+lUo/biy0ldM43jPBODDjMjjihgSRi7wLHrIzzAI9e/Ksa/wCH29re+Lw6VprYOAmTiTOMnbH60YI0FyZAisRkMjdaMg4edDCNoZAeZiD49sEfrXrQXFblZ1J17Kthwm84ss4iUGWJRgStpaQ55Lnriu1+FPhq8sJHueJTHxQNCRK4ZdPcn+VcveSRTm3S3jcCEH9rJszfQcq7r4WkvTYFbxW0rjw2fmRWPyZS41FmeRtqjRFnDpZBEqqfmCrzrG4j8LWNy5eBWt5Tvqj/AKcq6caWXcHHeoODnlXmqUoO0Y049HDN8KXcvhxz3+mNTnEakH71Yf4Zt/BAWSXWPzuQfuOVddpIbcc+1RkjQAlsg1p/Jy/oOc/04YfD13HM6pciNG5sFLE+w6fc0H4jF8EtzDZwCOJNLusSoT65G4ruBCCcA5PYVCS1Yxl2T9nnSSRtntVr5WW7ewWSV32eYcAluLKSe6gDrL4ZVCVyFY+o5Vp/B11d2PFm/GNJHbFWExdttXQjuc11r8NgEMkdui27OMF40XP8K5u++DL3QTaXEDFT5zIwj0evOurH8iOT0arIp2jX4r8SWA45bWLLlQcy3GNJwVyNJXftV+xvIbqKN7O4ErOGKK5BcBdj2J6d64XiXAZtXD47OaG9lERWQQHDA6jnn82O4puC291YcbtjdI0a4yJAMgqef+CtZQX+xtRo6jiHBBPdyX3jv+LffTOBpbHLGwxj61V4PwS9suJRyto0A+ZhJgH3Fbc9+kEtpbIBcNcyFFH7oAzuD7d6sosR+ZWU8thgD+VRLJNKmwUmvZZYopyWz6qNqHJNATqIKsOeDQ2ifA0sCD8urqairlCTJH5gMcsgVjciXYRHMoOraM7HUAQarng3DpsMiokgOzRMUOfpViOdVI/YgAnbfb9f5VOaaKRMvCAR1zg1Skq7Arpw+7tVCQ3hcctNwupv/wBxcNUIHvLeRxd22lNWVa3PiA7cjyarX4jRjUrgHrnNOskb7LKysDnB/vVrKKkylFxayklWORjHI/5JAQVb/qwB+tXPFVwjlyzc/OQcfU7fahzKky6JVjkHciqDcMtRIJI0aCQbBoXKH/xTXyA2awaTWXKHTjyuNyR6ZDH7YqDMhPmcIeWGwp+xfNZpjvUZTDeZYHK+LGD0xg6cE1ZbiF0TvZkEbfsbgKp+mmtVmixplQT6JlVlCE50g7kD+lE1ZjbZXCb52JP96ge0iRlgMnGw/vUkVGXIIyBtjnivNFZNG1MAsesjY77/AFPtUCqAD5jg/K5JyKd5o/FjEcRZ2Xdgvy+5pxnUN2c55A4LehpAmQiZgdO7sv5QMgmo6jJIrTIIyTsrDr7VKNGfRIFaIsMvGMAv3zU1XzyeY6Ax0tktj27UOh3EN4iylg0kQUKASpwc/wBKBI4hOqWRYlByCDz/AK0p41kjBdQ0DsMNj5MdaTq6qQqpIT1I2HuKEJEoZCR4iOqk+VgVwQe4+4oN/wALh4rEi5UXduxaJ16HPL13/WmMcyMvhSYVxsCM8uuf85UY5gXWod3YAMNR50JuLtDtrZl2zXiM0LSs8pfTKJdxH6ct8+lXLi0Cqk0SqHAxoY4B9M/1q3JonCLJHpCrjxc779/ShpK0Lqk6uUzs65Yb+vak99EOPtGc9jDHKbldaM+74kOknvXM/FLstxbs6apI9vFXYN1H1zXesI1QS51REZPbHuKweN8GXiFqzWghRy+QSQCds4J6e9XimozuTFB1JNnHvNYy25S3tG8aT5pHbPmxyUDqTWzYR2r2zM5QSFcuXz0Pr7VZ4dw9LG2zdeHI4cEkbaCPX0q9ecPivlIFvEZPn1g4B+3rW0ssbo6ZUYl3dEwOkNwHU75HlBPtWXNcyyQ+ANCBjkHXpX3NNeQGFp4JINU+y4Vj+z32HqTuMVmCOVmCiNiTnbHbnXVCCotJG7w6aGxgLLMC741FW/ht/Gtt1nksy4jzCwwjKdwD6d+dcdZjXcRmRWeIEAovzHsK6y3mgjRIVN0I49kSQas8+3Mbnes8qp2iMiAXkYijtZSpCxgPp06dgcEZ65z0oPFOLTXTCOFZlCBVUg5HPYH239aXFHRgkMTIrhcqyvlQR396q2kkslu5/BHLDzSoPnHXOTsaUVS5DXVluCL8cbsRXZE3igNLModZNuQzvn/NqpccDLFFHJNrKMQAUCkevp9KtcUjeaZWgliVUxjVLgjttUIbeK6s0iuplWSNyxJO7DqB3PWkntSYl3ZkNBLDbxrLA4Mm6MRtU4buNGCXKEqpHI/LjqAK6MaLi0MFvMyMVKrrwNR9R/SsS74bLaprmAMRPmZfNgenetI5FLTKUk+x3v5I2ZIVVI1XQdL5Bx1PrRbW7aGAhH2kBMixELjY4FU7OWJJA6wiZiCB4oyMe3t1pvAgkkURYiOcYLZJ+21U0umOka097HcBJQ8kMioXQFjuQOYznfOod+VWppFvuDrHdsEncgF1RWL7Aatt/c8+QrHEsc85EwZYiu6xIANWNifrjJrQMNvcWjR2SSq6J40YYatfQgAHnnqOdZOKVENFa1mksZBCYg88cmrTImGjx+pGN67Lht7DcwxpBIp8QErGrNsD78uRrhrozHiPiXkWZGQEqWzq25Zrb4XdmD4dcwLl11LIrHdF5gau2anJBOmROOrOt+HZF4lw27heZECylh5SWI/p/Osu/wDg9Xu2ljuATKTkSDUB7VR+BLhhfzowIXw99+W9dXeXSwXdmrnAYtuem2KxyZJwnxiKTadWYZ4CbCwmlDRmRFL6lXsP0ND+EobXiHD5HmQeIrYz/tPStb4kkR+DS24l0NNgHB3K53rH+EU/B3NxayHKPGCrZ6fSp5Snicm9ir62Y3GbKxfiBjsLBiEOnKv8xz0FbfFVFp8JYeNbeZtAIjQeY8+nXatidrewltoYI40Wdiuw3Pr61mfFHBb2+jgFvGgRT0PmGSN+eKcMrnKK9Cu2rOT4XcJHdSs7ZTTvgcsCut4DxGCZwIicZLFSuAfpWHwH4bnuLpxISttoyZhuDvjHvkculdda8Cg4dA13LKzTJHkgDY4HTHoK0+Q4/wCysjRC84nJbWLyJHpd32SZh07dKvWTyyWMU1xp8Ur5ih2Ncys8c3D7SWQahJK5bUoIAz/SuxSC3AUJgDAIIxyrjyQaRnJUVbuVblPBnJkGnAZjyrj4WbgXHFRGItbgkJk7Kx5r9eY9frXb+BCTghj2OedZPHODR3vD5EgjxIc5BXIPbGeXvWuCTxy30wjJp76NOB1mhSRflYZHrRQuK5T4V4lMmq1v8JIJPDbXsysOp9Dy98HrXWjcZr0HoU4cWCubaG6tnguEDxyDDKa5tGuOEXxtbh2kDDMch/8AmXv/AMw6966mqnEbNL61MTsUYHVHIvONuhH+cqiUVJUSnRVaWK5dFMjMVBKKqghjz1Zzy2rgfi+88b4hbTuIAq5xW3Z3T2PFJ4+LIPCt8BtAzozydf8AaTzFcv8AEIP+v3aIM+G5wQuPLzzissGPjlqukdGKNSs6/wCEJWXgkkjtlVLMc+g6V0ln+3s4pSpBdA1caoa2+BWJUlrjyg688zz+wro/hu7MvBbfU248u3SubMrcpr9Mprt/3Ll7wu0vhi5hXI3DqcN96or8KWDY/azYHPBH9K3QwZMY6detCMixMoeRQznCrjdj6VlHJNaTJTZXteB8NtlEaQI789UgDMa0dOgZ6CuZ+IbphxHh6JqV01bYKlizou301V0F/dxWfDrq8HmEEbOBnnjpVSTaTfs0oOG83Ig1ISdDk9vWqN1LPrKRpDHNnm5OGBHpzPocUCXh1zNHotr1EdAFkiitxHnHfqa2j8e1bY4xbNkIDCH0sC3yM4xH9T03qiZLp4dLtbhjyeJS31BJre4Pwyznsla4tC0ybYmLMPpqqvELIXEkcsEcS6sLo2UfTkPpXZH48IJfppj4x3KNmFIJvA8LxJHjAwdTZqMTTQIRGxUEY6ZHt/fNb6cKh8ZwrppUasDLMfoDWjHwK2YB2eQ5HyjCD9N/1rVYpG/lh/1Rz3DU/E3gSWedEk5oX8JfYaRg9eoq/wAQ+FOGyW8cC8NWRGYs7rJpdfq3PrtWpbW1jEFkjigLa9IIOo59zvmrzTxpHqkcIMcmO9bRSS2cz70jGu+CQf6YbaO1/ELpGFdwMkcjjln1GDXGX3BLmylzPbs8T4ULOcn6Mdj9d/Wu7vePcPgjIMviNn5UBasTinxfbM8NkbaQtdtoQEdf5VE5Y3p7BRtUcPc2Egu4mtY3d7cM6rKdPhk7b9cdjuPWq03xBxDh9xbRXUFw/hjT+2GvV65HzfxFds92Zozoto1FkfDRigJB9DufessakcNGVBzqG3KvPy5IwlT2ZuXEDBxmzkdUA/DzP+R9h/nvV8Sq2BIAOxAzVG9DXSMJgJdQwNXMexHKsWW9veEywxmPxEkbdGIOVH+e9VGccn9JfK+jqCVkTBkDFeQzgiqjGSJgrlgG+XJ51WsuNWd4uZAbdkGSSCVOO3b61j8cm/F3USWl3IkgPiBiThRjBb2xRJbpoffZ1VveCMFZF29RtRJUifeJsk8lH996zbeeMxpEbgTSKvmbGM4OCce+1GO6Y/LnkDgVk5eiAhwNs5PXblTYwO555pkJjGhlJ25Zz/n2pGRSMBAB6Dl/n0qaChyoP5jq7VEkj5cAVHWSPmIFIyMeZpoCASPQQWd9jswG2OdOIl1rOisAyfmbAUd6IGmEgC5UfmHce9MURhpZUGRgM2+faoHQgDJhwWbHzKvlz/WorbllAjYhRv5jsN9gf6VJ9ZcIBjO+tTsfTFKUMijRE0ud9yMj3zSFQORpEGI4iwG4WPlkVP8AamNZHLR99ZBIosYxAFXSpB1HU2cntUP2keQsZVc6dLHn60MTVAnuVilaTLtFpOpVBx7+9TZpUkjSIYRSfE8Q5OPSpyDxCVZWZ0CtgcvWoMml40VVIOdercn1x/OjQIqXE0jW03+nqXbfO+33NRsrqRI1S5cuy/OFO3tVtI4prETmKWElPID83vvWdb20VrPO5klk1ZdTkDJ7Y/nTpNUNM1keJS8jAEHmcZz/AFqAN08MjAIjqx0jJwQP41C2ZXwyRSKcAlFOobjoaOWfLeIxRDghPX/zU0iXoHKuovpmUDGdIHI0G5h8WGQ27LqK7K2AQeuKIjyPKRKqhxzcDAIHWq3FLhNAPiZ8oIZQMqccx/Om6ui2rMObxBBPJNI7PEupCQNW3qOYp7RXkWNYJZBGRlkU5O+AT7Z+ooBkXUPCmEYIJXUM8huMe5B7VXgnCyMqJokJ2LOVGcZ9PeulRtUiqNU8EiuP2zW8k6k5YSTLuwx5sbAbd6pXko4fEYHtZpVUb9VfI75yPpVkyTyPJIkKzomVVgxC+ufX+YFc9f3F40qxSiRXJAVWGNjyG/KtIQbf2ZcbboHZpPb5uWdIIhlVTOTvvj1HrWqOLFkCu5RiMF+RAx/Gs+Pg5ZfCvboI8n/BEbBw5PLJztvWatvJbq6XSlDy0McEVq4Rm7ZdJlkTR3E07hQrjzRgDfNVbe4YakDMM+vKr44PLc2UctpHLPK2xEa5Ckbnf2qtc8NubW3aaaFkwxUsDke/pVrj0Uq6I30sk0plkfJc6hgfQfwrR/FXaiKV5JWikAGGYEsc74zWVLIWtgreYLg4pSXDO8KRsQY8gDOw3zzocbQcbRu2yXNzE0MVyVeLMkTYxy79uu3c1m3PEXkhXW+Sxy6Y2OO/v2okfFmjdjI8mWXfQQMt3/vWUzlyXbc5ydu+9TGG9kxj+mhJfSXHhtMjeMP/AJFbS2nGygcgOntUFcqEYFwqknSdgvcfamhkTXC5jDsEwVOe+36fSoSoTIWd8FjnYVVLoZckufxVxDFYwi3lY+cLJ5Sc7HflWxb8Pv4raa5RZTOisw8PA09Pl65GTkYqrZXvh2Kxwx6pVwXfwt3X8wb0HfGauR8WvPGeE2vi5UjUJGDgHsenocVjJy6SM3fozJ7wyfgjeKXEXmOQQT6b98Vs8Ea1nt+IRs3gW0oxpLasMcfL3INWYOHR8RQQ63lK+UhpGZ0DAEgMfWldQMkWg8P8EDOED45A5OQcggY96zbjJUhNpos8FtrLhKSSG6CO5yDcOoOM7bZqXG70u8WjLlM+crjGRzB61zSW6x3WJ4HkMnnBQhtgc4Ukeb2q+vEYbiEQu7BRlQHi0n3HPSRk9Kh46nzeyeO7DXF3m1UqVdiwy7jOx371r8Bgku5/DlPhLpypKsFfG5wcfWj/AA5Fw2OyS5uFT8UDu8h6g9By/rW5BxW1ZZBHEvlJ6BRjn/GiUlVJCdgU4dcfj45ZZIPAiOofsyXyR0JwBWFxe14pxS/k/DpOYclEx5VI6n611yOb6zIV1U5w2nDY9MUUh2JByAOVTGXDpEpNGL8OcFuOFW8iTsjB/lUMSEq5xKyluOGTQQHEjrpBZyMfWtU5CjOcChMwPMGpb5O2OrPNOI2E3DuK2FiS1woXVJoXln/xXe2EgntgyKAiMYzhtxp2rHHA7mbiw4lfTmNUOoKr5K45elUV4pJwz4c4lIkmG16FbG5cnf8Ama1l9qKqzrpANPlzk9xvQgpYFdPt2qn8N3JvuCQyM2SnkJPPatQoFYeXbpWdENUcJ8XcMuULcTtY8PbMPGUHIkTuR6cj6e1bnAuJpxCyibxC7ugZPVRsfqp2P0PWty5iVoy64BI3GOfp615/PbSfDnGAIyYuGXjeJDIRtay4xv2G+D6H0rfFO1xZovsuLO3NRJoFncfiICWTw3TCsmrUQcb0Y1ZztNPZh8ftBMFniOi5jGYmIyD3Vu6kcx9a4/8A1NZ7wQcQtUKh8NHnBB5Y1dq7zisbvasY1Lso2UdTXAXnD7u8ujcvaqcfMrNpMi/u+/rS+lPkzbHTVMsfEt5dQRQWctv+FIB8gGxTpitngUy2/wAPPKdWIcsc7jfkKxJby2vLW3truF7x8BYLh5CrxqDvG3tW3xMC3+HliiVI11KrL09a55r6KDXsc0qUTf4Hcm64VHJ8zjZt+RolzGsy6JFHodWCPY881n/DreHw5HVidZJGBjblWnKfEzgbDtXJPU3Rg+9GRcyNHe2wlgVwrLi5J0BAOWr1zv29qvcThmuOHy2zBpRMR5yxBClgT9MZ2pNA2oZjyCQW2zkdqrG2WExT63ijjfxHi1AAkct+gHatOalXpjTtms5WVztjONj7UL4X+JJBc3ge2DxW05izzbHQg/yoFvxC2vC0lrMsqq2NS9DQOEWcVj+KMUjMJ5jIdfMHqK64NxX9zZaR1t98RNFKhtYkljnBEZ1tkEDJ8oGxGfrVKe5u5YopJILSNJVy2DodfQhjWVfQXjWeuxaUO7hSse2Rg88VRv8Aht0OMLFDbu1oig+KHJJY89q35SkuiuSfZ0/D+J23DpGlJVkbOcMdjt1PIelWZ/ihhGjxoqiQ4UkZz2rNvIbGG1kS5nigQjzEsF65rnjxqa4KRcO4Fc3fhECNmHlHY5GQdqcHOq6EtdHSTXd/NK5DpHq3yBk57kDH8arvDcy3YMmpoAmS5ON6xvF4/PNpvLq14WmrGnTlhn/u/lVW7i4f5lveK3PEnX5owSqMewJOMfSlUV/Uy1GUujoIIrVLi6lW8gckAaQ4Phj13qi78Il43YyNdeNdxMzwxxHIO2D6VW4C/wAPs5tJ+HGFZjpMmAcZ6ZJ5VZ4t8LXXDLtOK8BX8WkcZjSH5igJySP3vb+NCp7iLjVpmnFxGG6s5PBtgImYjLbEt32qi+JFI2U1z3AL66uJ54p5GIQZEbYTQc7+XFb67DzrnfmK875KbyHPNU6BPHhSc6wOeBVSe3t5ziSCOTqMjcGtSNRISQoIzjOrn6VzHxDxQ2V2lvG7BSQfKdsg7g1niU7qIopvoo8TvluBbBc62yHXfI30/XlWVPeSCWVLfHhMFRtI3dQeXqM1Z4q8Ul5bTWRKvo1GJF2Geu3frWXPFcJdriGX9qf2YK5J36Y2r0Ma0dEUqOo4LeGXxZ7hAJWXSpXygjOT/wAu9bcMpY5JUH1bfHSsY8HCcHj8CHFxzydSyK3XOMg/wqjFc3XDo8XDSqx3WNh5fr29xWbhCe12ZOPLaOtSRs4wDk8sf4DUiMtpYFSe/SuJk4neNd65J0gRh5nyzgf9Irf4FxZrm3KzsEmGNKnk4745VnLG4qwcXFGuU05Oobc96E9wNRCrnG21VL2WcbRqMspzqJ+nKsWLi0rqdfD4wwOOuD6inGMpDVs6+O4Bl8MnWq7nHT0o8D+TL5DEZGQAPtQI5Y4WMD65MLqzgHFQtnkZQ+gFQzKM9vYVFaCkkXRHGYtWnGPyr19hQG0yW+qJyeo64qWvxogEk0qTzI+Yf0osaAM3h5KatgDsR6/WpJUnYIxSPAxKn9oAdt8dM5/zlQo7ZohjzSbbsxzntV8MNKxlXVUGABjBHfn3oAn0DEkIVEORkgknO1Ky+VsGECmTLZBxheg70vDEhJTZQMaiPTYHr0po7pXYO6gAEkN+7z3IqxDIjRIyeXVghW8uo/0oYtFRIpPlETINQyV3GM0aIoCWi1Bw5U6l5AcufSjuviDQjkb5wG5n2pGN1jMbatwBrIOFPYUFaK0viMv/ABGUjfCYGSKFDbLGHZZZGMgIZnO469OlH0k50bvjOcbjsKiC8i+UFTqIK8s0rYuJTv3jgSRZZREXwy7bkZ5du21cZeXMqSFU0yZxsyhGiYdj/ma7i48QJOscIeFQXJb8nl/zfvXCraTXl+VQ6pFAIEYGSxO2zcx6104YqrZUVsq63urhA0wVJQJCnNR367E45elW+EM0txLJLEXjVjhpE1KN+uP8yaNZulldPeTzo0EnlKgc2Hpz5ZxROKTTJKJIFV4431SRgluewXGw08zsedbP/wAou/Ro6YreUMWWOQbh082M9cYwBz2pSRI0F0l3G8gIDEpGCXyNtxyxj29qp8OluZEEllGotA+lo5sBmPPAPftV+KGQeM9u0QiJyxYZK5OTtyxz3zWceUTOitGjNYxxw2/hMwyojbZe3c467VkcVsJbq+WGe6tFdtUmsZEkm3Y89uucHFdMsNyLlcS4YD5mK6V57HH8KhecLF9Z/hp7hsthldVXC45YJBI+hp+VQlsFKmZXDrRTYxxpEsbr5QyzNpf/AHntkdM0O+ncRqthbPJHH5pGhQApjmBnOf470ha3/CLhEaZLlWZSjeLo1Acwc+/6Gt6K7d5FKRIWYgjRjbPXercv+y2W37PP+KKbe6Jl88j7v5cAE74yNjWXJjJA5Z2r0rinDkvrQRyhFs4pP2kMTgNGx6g7ge2Kx+M/DlkYY7nh+LdYxiVJXJLH07/1NbQyx1ZcJqjjkjdixRC2kZb0o1neyWcyTRBWZTnDrkZxttWg8BEEsduMIcamA5479aypYniyHAG+K1TUjROw0dxLLKWZ2MnMNyx7UUFmwyu/i6um5znn96awsJLmYJGjs7EBQAc9+lXLmOW3uGjmjxOigDYDpz/8VMmrE3sdHRopPFWVZmO8hY7g+nrU0vLhY408bHhZ0DHQ8wTzxvVWWdZBrI0k41EtkN60S3ibiA8O1CiYnYHYt6CopeyaN23vJi6Omo6NgS3NT+V27dR2ogkS4upllDRhELZD5IZVzgdce9CMIigIOFuSMHoSRtg9Kpjxl8Jvw2iOJCCdPPfJOefXrWSiuzJUzQmb8Fbi3ictpALZXSBnttvzx32qlaLALkBowVzjSQW3PX+HX7008zu5GlVdhuq+bGPUdOtTtrySOKSV4y2WOl0GCQdtzvjP3op0OtHT8Gs7qeVo1wkUe7a2xv2ro7PhFpIoaGQtknL5wSwrmeAXUccVxGzyftfKMjUF2+5rqFWPg1nc3bOWGnUS53DYxgelc827M32H4KkUcUq25yFlIcetWL2+hsgHuCV1/KvLVXOfBPEnujcrI2HYBt9s1X4rDeXXxSyTMoiBxEGYHbG1RJNOh+9nUxcQt55NCSgDIGG2znlijOp8UDTt61xlpb3lvxS3bxAczYIZvy77jpnau0klBPXA9aSTXYMo8Uli1wWU2yXJKuQcEL/5ri//AFBhisbK0s7NFWEuXdQcknkD69at/Fd9NF8RWvh7hYcqnYkkb1U+MGgu79I5FnkaBNGlSFUN3ya6Maakgjp2afwFc/8A+LeEOsmGyqheQ9a67LNjJA7Vg8GlhteER6I2t40HmVlwe+TtvQv/AMRW6wtNMoVN8AZ2XOxaoluToHsxviDjaTcYSS2hMc1lKE1sGy3cFf171jm/NxK817M91bPq2K6ShIyAMt8tUb29ubye9vFUmOST5gdtGexqqJpXmeVSI2Y5ErebbqDjpnvW8cao046Ot4fxOQXSz/hm8JVyzlN2UbZBHUAjbqK6tXV0V1YFWUMpHUHka84t7ySzdRENz5m8xI23OBXQfDfENSEFXW1klMcJP5JOeg9gdyPYilwfHXozlC0dMWya5mX530jO5wDXSetY00DpcOdBCM2xxXDnldEwo4/ittKkkd+EVQ+BOqjcEHGrFdFBfWvE+Cy2d8yLeQx6rWXkJlxt7n0q+qWZldHSZmi5xRpsR6N3rmuKQNcTW9lwrhRg05YyKxYgk78zgD2rpklmS9V0aKX6dPwaH8Pw6GPckjJyNO56YNXmZkwTyPXFVLIT/ho1nVQyLpyDzxtVsgsu+RXnzvk7OV9liJwyHRv/ACoN/Ab20kg8ZoS641qAfpUVDqudWdsjFT1nV58YA70RdOy1Jezz26t7/gHENSNpY8nQ5SQdj/Sum4Hx+LiA8KYLFc//AF52b1X+la09vb3sDW88ZdD+XHL1BrjuMfDs3Dn8SLxHhzkMRhk9/wCtejDKsiqXZqpxlpnbycQvLUQRW6o6zyYBK5KDbNY9/wASvG4wYpbyZLeNgHONKnrXNvxDiVzEsP4u4JAwBGTuPXHX1o9vwviktubfdUffMzb+2O1avikk2WnGILjvE7CcosbSS+Hkasc/XJovA+N3FneQGyYoQCxGrr6VNfhhEwbmeR2xkqo0iqHEuBT2jG54V4hVd2ibdl9QetVHJjf1TGpwlo9Ie64T8a8OJ8Qw8RhUgIDjzd8cjVSXgP8ApUcZeMSxHYyKNifXtXnnCuLRrcZcGCckedTjcfwr0b4e+MYjdPY8WyCRgTadnHr/AFq5QTe0OXKP+BJawKfIiR5/2/zq5acVu7CYFwJYvUb1sz8HsZLYy2sBdTvqjm0/boawTZXIlZUGsD5fNnaiuJNpm2LLhvHrdrq1/Y3HzHTgaW9RWHxKwu+HMFnUlG5SKfKf6H0pouHXhnDWyeFNnpJpP19K6zhcF4eG+FxhUckkebBGPWoyYY5VfTMpRTOOeRCUYBVbQAQNtxt/SuG4rbWV1xqeRJyY4zpdnmVNUm50quOW2APSvRPiq0tLOylnsJ0jaFGIixqJxucf0NefSXC8U4BK3DIDHPlzMIlx4jE53zzOOm9YYoShJ2Xjg4vZnMS3E7VreQ25U6Xk1/Jjrv6Vs3HFE4fw+1IUPNNkqxGQATuf1rjsyqHjYMrHcgjrV+Vrq7t7e3aGQNbps2k8u59K2li5NWW4W9nYcL4sLtmJT9ooywXlgnlnrWZxuwsJpw7XRWVwQ2WzsPTY/WqnCIm4dcymfUkiR/8ADc5znGDtn0xQL3iK21283ghI3yHjbGqQ+nas44qn9SUvSJWdhKoj8DwMEefDc/bUMVaUz2KS/h3AXnGu5xj8uM9e9Zsxi4lFEOHyFbpRtGwOSOm/LPvRuGxXV9bX1tbs0brHiVHAAUk4bc8vatZQvbHX6aDcSMVtasQZlkUl5C2Dn0Xtnag/6g85LoiDoxMR3P61hyvJ4QtZpvCEcoBcNle2cD+IqxJe2tq2m4jnd38+pZmAOfXr70LEl6Hwo9Jnju1lVm8JYNQ1IQATvnbaoyAHxNKARk+ZhICvP749ateMTauE077FZPOQO++/0qjaCxeF0MIBLYC4yw/psT9643xfRnSZAzrMZYI3XxNIVVZtjvzB67Zq7+Mjj1oz48IEDQe2xJqvfQrIY5lMia8qiKuQoB5/yHtWfNb3cnltyEmVCThiB7nbH0opN0iXG3o0EufxUBcN5j5sMMfQ59u1Skdn0r46rPvoXGcYFZsTpb28cas58QapFkfJz3BHOr0R8dIpYWYMRhGIx16NQopPZSikVbSW3jVvElE8uojUDjWO2/OrH4sZkd0Ut0Gdsf0qaiF+IIDFEZtJKnO6+u21VJ7YySBl1+NH82YgMjnkZPPapdNipWXLK68SULExwRnScgKw+vKtAq01ujXYkGkkhSwOTn749ax//cXDn8MyRox1Z9ua1bidkiCa00nc4XOo1LVUOSRf8aKFF8KEY04y2TlRTNKrhZSQx2wCP5VnvNK94uI3ZSf2alR0+uT9qUjsJ2EjKr4UkgYI9PShomkX2uUCKBlEIzpGCR/bas254dDeXkF67nAVww2UsSML/GiSQ+JBLLLuysPDY5DAdefMUSOZBGZfKojU6EzvtzzVJtbRTbiwVzw78RbQRgqjwjMZjjB0qAdIb+m9YkPCL6K5lgmmY2xQyKxYBWf1wdie1dFbyJHLlZNTsARuMD1BxTSxCSQK4KtpGVwu5Ht03qoza0QmzKgtnlH7QSQKBzhAAPLJbA/kaILdbq6WKcSao8eIxOAU7EDmdq1fwkB8F4AwcAa1VtGo+o5dKnezi3ViwGvHPOAQTgj0o8l6KUt/3KEfBlt7hp4PJEfmGrUGz39qjeRftFyzJHnGFPPt02rRslktgZlHmzgIF5qemeuKtz2UdxIrOWXTuVzj+FZtu9g5r2clxGzCxRzRxZeOQYckEkcjnPOqicHluJTMzDwdYkOnAZ156PTf+Ndm1tBMpVrdkCqNORuBQRYRwxkQLqO5znkPWrjkcAU16OOueH3sV2slvDDDASAqBgSnqVx6cyas2xkWORXeMqW0tI6ZVc8iR2rqJeFx3MyePERoQFdDaRknf3PvVQcEEV00kWTCy4MRIx1wPuc1p5U0Pkujz2/kluG8K0XETMdaxnPmzgHvuPvRrXg0Ext1vTcNHHqXEa4DPn5Q3Tl713cfBI7WMkxmRgdmZdTdsbdt96mnDmt8LboAAuQGJ0g7YA61Xn1SNOSoxLfhlvwYXErxkGcCPzapAAegx5lPqOvpVSCz4bLM1ulpC8TrpXS7a0B+Xckn12Fa6eJeMbdnlitwu6kfOfUnmBuenSiR8Pt0kjlhhCzKCPFB3GDp+nT6UlkXTexXejDk+HZJ+LNdTXVs2o7xIhQ7bEDbC7CsviHA/wAPxBBYLJDHLp0q7Es305jcda9AMMmGiUa4mkK+cZKgcj/npQUgcKwZ3V1ZlRkOSATnGO22KazNA+SZyvELy8ht7gC28Ka3x44dlJK4x7nfG9czJNcEkuJRET8smS2+c12PH7G1/aTXnEmZ4hrJkTOMH5Of965iSaW+TTFbEzRjDaAxUA8ufvmujFxoIf4JRgGTWsTOgzlXGCyjn7nNGk029zE8F4I41wEA3Zc41ZBH1qtJcJ48YjdleHyjIwAO499yau3FrEsUEqSGQkFmUZUg9htvtvUy72NnT8Bs3khAmX/3ETiWIAbHYgc+neuh4hPaHhUsPEZlEbL4cpLeYMRnp13rn+FPJaRQrDFJDI0akqytpB37+/Ki3NnNxFpFkkLaDqVtPI9d87jblXI/6tmTol8N2tta8Vzw+QSxRRFGlKnc9qr/ABNJK3xGjwtIjLH4uoHY6a2OFcOktkkYPoVgMKq6sHfcnr7VzvFbXiTcXRZ5LZCqExlc+YZycdQc1S+0rBf1AbPiwFwZtLlvDwCdyp5nb1zW/YceMotopAreJgas4NcPb+LPeeFcFlRX1vjOCvUA/pU7K+mHEIoS2lsjdV1bbch19qqeL8NJI6xLi4uOLm4ksg9tEdOuRPMo9M896Jdz2iXcjiBGklfPiPv7+lRupBNE0UkjOuoa0XZs9u+KpXlvFbRPG2pIpWLgkZVG5Fs9B3pxpsx0yV7cSXhWGRyU3wkTY0DpmhtZW9vwuRVMMUUjBW1glSMZ3J54P1qlYxCDiSpctI8yeZx+WQDqD27010Zr1ZbQxya0YlGTcIu5HTGKtLi6H0YNzcx2HEWPDmQwsMBwpIOR5tm59uVN+P8Ax/ElAhgs7dwodY8hQAMEgdSdzTS2k0qIq2zyNjLYU1ctYriFGhubXCxbprXCgnqT/WuluKR0XH0bcnCYbG4bwpvx4iizIy6Quw/U4x1okDwC4WB4REkwAIRSo3Od/Ud+lZ0EjWUKXNvaTFnOyjOlcdvrR7a3Z2ty+u3kfy6WO4Oeu+2a5ZJ9mLXs2v8AUZbYfh5meVwuoSRru6nkf861VjuWjdnihny2c+K4Hr0qjPxJIrqKylcrca/KXzhWxuD/ALW5Hsa00ZZE1qMDkUc8u/1FZzhrkRNNKwIu70hhHDEuDsWyaDKnEZ8AXxiXskSg/errbKCpcnYA42O1MY2Y+ZyB6bVztuL0jK2noz44bq0lklS7nlZhjTKdQ5527VpW3Fn8A+MuW1BQ2N9+4qrOsgQnUABuDjlVRs610gauhG+TVr/kX2NIvktnRWd1Jc2YntIhJIGdDDICRkciSOh6YNegcOtLM28csNp4ZkQNpcZKnsc9RXkgu7hZWlt5pIEwyaY3KgjkQP6VQuLnikVikNnd3VxCj5VVlJ0Dtz5c67fjqMLVFrHFuz3EyJF5S6IQcYyBWfxVYr20ktzIrSMSEBP5xvp/tXkfD/iiK0sDFfpM88LsIzGAxx0ySenL2xXSz/F8cqxGHwvFk0GQtKPnUbOMcjyFU42mpG8oJLQI3FnaXEVsUWJpflCjGfSjiNGYaGKmocRjlueKC9/4MOSfCwCmSNyD0ptfcEheuNq8uUWnrZxtB0jy+JTuPrUZYFkJIByOe2BQzIAu40k771Wjluku1uWnKw4x4QXVkdCBn+9EYsqMXLoyuO/D0V4pnhzHN0fo3of61z1pdXHDrpYLxdhtiQ4K+xP8K72Tj/D20pgmSQZCFCN8dxVC9tOH8WjKZV5FUNpYYKZ5YPWuvHllD6y2jpSnBbWg3A+PTWQU27eLByeJv82rrX4/w2YCS2tp3crhlHlAPY15mLCbhsyRkyFCdKz6gQn/ADDt/npVt7q8e1MULLaIPM07jIftp9P/ABXRzTX1Eors6xvitmuXijKQMmdWiMuQPXH3rJl4/wARkuJUvU1xDJjeOZmDb9V26b1zL3UVzCirftrUHMjEbHOwI7ex5GnjuJmuSxeGIBtMj/vDlqz0rNqT7ZdXqKNfxWuhFbcQlRTMdTLjSArYAwOY9cmsdobbgUd/b3SLMrrmFdZ0uNsMDzBBz6itVLCKTiycQTU0CSHSSQ3iNsNt89jtmhPw654ndSXHhjMf7NI7lgMsT8+k7bZ5HpThoUVVtnIXM4nM1x/w5pDkjmDkbn3P9a6C1a/4RYeIDJLHIVy4/Kufv/KtC7+A+McPmNxd8OiliEgAjVwUVSdyCDnbOwrYkh/BJFYzRxoBnTI51fQ75wdtjRmycfrRE5ekY9rbmaJpzoXMaKQvIKOWCdzt0rLupOHSBzaMrJGmCXA1n90rnnvkY9q6hpjA8ZSSBrYZMhOG0t25d8/2rMvfhW34jaNcWqqsszgqQ+dJx3PqeWM+tYY5pS+xmpJP7HLypHJH+JUlSR52jGdO3MqBtTQveTu6oUZmj8J3JwzJyo3EeB3XDvCLSRQwvzkG3Prud/pQTwy+i4hBBKzoZVwJdyuCNvcV3KUWrTN01+mfcR2iqxXx0lGQY2VcA9OtdTwKJv8ASYtHGZLcb5TSCAc9MjlXJ3cVxa3rLcIyuDncfMO/rXQ2dlci3DSh3L+YGPJABHLbrRkapWwnVK2dhbgfhGjlxG7HzEAZ+lFlCCRWkUZxyL8/r0qq873EYCqcIMgk7nPerwiL2+nR4ar8pB+bA5n1rzDKhPE8sYbU0cR2UJzI9+nTpVsx20duoYKJObkMSWx+8eZrMEgYqqFTHkAYGCT6+tElWRI4UTDKcyMT+X2pptPQkmizdNDIQkEQ8QLjQdgR/IUxuIlYxrJ5VXJOflzzqq5KucMyljq+bOcbcqlCyQAvJnSMkkAeY9c96l77JeySxxfiQ0SxhHGCwJDNjlk9qkogtwEZWdjnCOPNz755ZoimN7ZbhAQqtzAxj6VQn8XxvxEUbskmBl3Gn7c6dWCLN0zeGIreMlTz0vgKN84P3qcUcUsin9mwKjDhNx745U1u0VypjV3Z3YnOce5/tTXpRB5JMx5I3GCx5U0rBJk3hPhlAoi8IFhKAJGIPP1FULSFpWfxnkgAAwzKBn9a04pIxFqgBAAyTjflt61CONZd5owVTBxz3pJ1YdMNahUtl8N1cg5ZgOY9Nu9PJGZPDaLKKpyGJOGx371TluLeKB2MszKFKlMBR7bUWznSe1WVdQGQoTO3rjt2qlSVjdtkZPCS8DeCxWUHBDY0t3/zvV0XEZkCKmAThttyf6UC4CRJpjGFDhc9QQO9BjhkgkTwJnwxIRid87ZHtvSpSF2XWIilkRHWV1PlUPjHpzqtcT6LtdYOiPp/P9aH+zkcnLeVc6uvP+9Gk1atJcuqYwT1Hb6VLCq7DwFcK6nUi5/5vqKsJMiRnTHq1nb9pnGKpXCh1EgXSi55DG4Bwe9PhlZXaJQQihcnJzgkZ/tVR0OlQfDy3KGWVMJvsTgen2o7tMJCismFOVwMdPSqMl3I0kUMaAmVCFbPUcxTyXIQYdnGG0Zz0/rmk1oXEuqxJJICorYAO+T13ojSRtKSHBkVeS+bB/lWZFK8kjKjYMTbNnnn9aa9jmeA/h3aJ2XzaD5tvU+4/WprYuFFmW7RpsAgtgrtnJ/tvQbV5wkmqQhwfMhzyB6f1qrbRyvJNC8ap4wVdWrn9uXLNQkH4VLkmUxykBF25HO5JHTFNJMErLYlt+IOcAhs+Z9Rz32okjr4BgSMjB21DL/T3qhFIsUhDx4VPL4hOrS3XIoF5cxQo6qubsvoAHIjpRxsrjbNuORZYYnbIK8t9O3LfaiKn4h2Ij8N9sZOc+v8apWrFogwk1BBiQHO2O1Hjklhj1ufK4Okc8dvttR0DbvsY2Ml1AVuGt5RG+5kQMCP/Bqk/BbZW8ThzRx3Qxq0nAI67Ac8Vo2SiRAZDlyOYyMnHb2qdlFD+JmMr6gR5hvjI5bdKuMm+gV3o4u8+E7yeSRmyXXPh6eZGNix9962uCcCksYo5prhHuI1KK4GdSnoR79a3fCZ5nt4iHlJzhs4Gap3M0UFwqIxZgp6c/8AzVSnJqmXuqLEjTO0cf4gE/MxO/fkfy++NxQWENvIfCt3IkkJMgyy5/lRVuYinlXUzEBjjHlwSP50mY4wHJXTqUHkMY3rFyaehNFKeSZGEMgzG5/LsDvyoHEuBw8VZZppXgkQ5Dq+T02weeO9W4GZ4X06A6jzLgkem/Xl6cqUnDWkkhlLFCEIwp5ltv71cJu96YJaOT4jwW4sOLReEzfhjnEmGOTtkdhmsFeFzyXwkwqKJSpAPy43yPSvSJluYVYpg2+kh1bfJ5D775qpZ8Mma4/aRp4WwIzsSATy9zit45q7NFpdlJ4TdNb3MM0UkLgF/EA2HcEDc571oTLjh+6loyvysOfT35HrVpbNo5ZYpYUijQH9muCrUcwxGQyJqMUgwq4AIxtj2yc/WsrbWjFR2jMtltJ1/DuG0xbqdITpjSp5/wDmhyIXkJtHkiRCdUMZ0gAjY8s1ekgjlVY5G1oDmPY+U77+lIDQwIZfFaPJGOZB3xSjJd2VXopT27iITR6JJY1BxrI1sBvk/WqssTTs9xeRgRwphAknlT1YHlv1rTW1uHhMsWks7DUGYkAdaBxe0uprRgsEEkBYbs2+M9vvWkbcqRLqJSHE5YofBaV4FU6FAUuCQM52ovEEvrngkXESr6WYK4D5CAHdnBOV5duvOq/DYJG1Ry4hleRhlOQUb5/Sty2lB4XItk7TO/lfxF0hwASc71UpKKtlJ+jnbi2N9AVkEcq41apGxjqc/wAKhaXZafUSB0lD82Vdi4HXT/A1rBU8dikJLNGr5YhuwI36VG3tLdr9r6CIr5cuwPygdh6kD71EZregS/Shxa+j4bHrjXxAwGFxzHensJ472FpfGEiNtj8wHtVq74FYzz+G8jEMpKqcjAznHXaktjaWkawW1rksNWQ5yV75PM0SlDjS7DxpmHxeZ4ZjCSzKgzt+gNCs5lkCoYyrYz3zvy9K1L6KK5CYRVjVS2W/N9v50CO2t4CrsNbMRk9QMHA/SqjJcehqPoa08jx50uHJbD7Y+ldRw66SyLzppieUYPhx6TgDriuUiYaDKAWUHUFOM4JwB7Cr8Fy4LBsKoPJR9Dih/wCSlS2Hk4RwjiDTXM1q6zE+ZEb9aePgHB4hpNuCrfLrckinMZV4jE2kTEq2OfpVqO3JRopCpkXYodwTnnmlzmtWNW2EBEOICuFxpXDYBx/nOoTcSitLctI0ccY/fGcnvUoVQyIj5RlOVA3ByNv5/auS+Nw0clo7IugAqwO++evpRFKcqKcbC3XELk3CNAgeLfMqYdUUnnjpTcSuLlpcyzx6IlUNEqZI/wBxzz59OXrWOZ41vBHZhkhliLaSxCFQM7jn3FPeSrCEeOJD4qqdW+oAAAEH6436Vvw30aQVIu+OyoUeMlHJb9nICi9c+g9Kv28Nzpea1KQx51kxHYt1+4rNsJHh8Z7hdcCDUMnBUn26b4qcz3MlsZ7dRGzDQ4zjLHl6cuvpWck+kaSlrRtW1+zqYrjw8fLhlXf6fyqk6JdwrBFJcJckZRWTZf8ApPLfoOm+1Zfw/F+I8cyAyBCS+WP3Fac1re3HE4xBKsaCP9nrPm9/1H60oxUJ0cvTMb8E34l7W5a1tbiB9QjC41dchudQt+H8RvYpLoeDNG7YxJL5jjIBHtWrfWUl/C098iQHViXSMvlWA+bf94H6VYi4dbWRCQvcsrx5UmQAZ67AfLjG3PatpZFH/Jd8fYDhUn7eBEZpXgQg2rb4B3LZ6/StueFbu4MMcsjvjMTRkEp1DHP8uQFG/wBPthOklvH4crKBqAA6ZH8qlDbLqneZmkIkIWVMJluhwc7cutYuab0LlStnV/EN6Ly0t7dydcUayPIG5ErXKPcRylkMyiTAjlbWckY2JHTPb37UW7mn0RsymQIpXdsaUU9PX+tYXFrpCGE5KNbPkBBp1gjAwRuCCc77VE28k22ZdpMscPgEJntppVYQq3iyPJpUDOwC4yav2M8MyqilYooTpfwH8+Rz1BtyueVc7BxW3MltbqouYPF1IsiYAY43YciT196dEhHE5BbSvAkeY3SONcOnUHPPlQ4fpk4fp0F0kM0whugixOyKs2nUVbpqHJh696r33D4YJTFPdpLKn5rcEooGcq2B5iR9qoxSPPflreQLKi7to8uxxp08vXNTmmea9Dw+MieNqwJNlyDnGfYnpUpNaFVaNO4t7Ga2is5oBcxlgYo2kY+EvUhsZB6nHWhz8Pk1gARqqjC/tVUkDkSAOeKH+GW9u1a3nnB0MoJOgg9cgZBB6ir0NncQoQ9z4mo6gQMbdvvms+SWmxXXs//Z\" width=\"474\" /> </span>\n<div style=\"text-align: center;\">\n<p style=\"text-align: center;\"><span style=\"font-size: large; font-family: arial,helvetica,sans-serif;\"><strong>I. GAMBARAN UM</strong></span><span style=\"font-size: large; font-family: arial,helvetica,sans-serif;\"><strong>UM</strong></span></p>\n\n<p style=\"text-align: justify;\"><span style=\"font-family: arial,helvetica,sans-serif;\">Kabupaten Agam merupakan salah satu kabupaten di Propinsi Sumatera Barat dengan ibukota Kabupaten Lubuk Basung. Secara Astronomis Kabupaten Agam terletak Antara 00&#39;<sup> </sup>01&#39;34&#39;&#39;&nbsp; -&nbsp; 00<sup>&#39;</sup> 28&#39;43&#39;&#39; Lintang Selatan dan 99&#39; 46&#39;39&#39;&#39;&nbsp; -&nbsp; 100&#39; 32&#39;50&#39;&#39; Bujur Timur. Luas wilayah Kabupaten Agam adalah 2.232,3 kilometer persegi. Kecamatan dengan luas wilayah terbesar adalah Kecamatan Palembayan dengan luas wilayah 15,67 persen dari luas wilayah Kabupaten Agam. Sedangkan kecamatan dengan luas wilayah terkecil adalah Kecamatan Banuhampu dengan luas wilayah 1,27 persen.</span></p>\n\n<p style=\"text-align: justify;\"><span style=\"font-family: arial,helvetica,sans-serif;\">Kondisi geografis Kabupaten Agam terbentang mulai dari ketinggian 0 hingga lebih dari 1000 meter di atas permukaan laut. Kecamatan Tanjung Mutiara adalah kecamatan dengan ketinggian ibu kecamatan terendah yaitu 2 m dpl. Sedangkan kecamatan dengan ketinggian ibu kecamatan tertinggi adalah Kecamatan Matur yaitu 1.031 m dpl. Suhu rata-rata di Kabupaten Agam adalah 20&#39;-33&#39; C dengan curah hujan 2.879 mm pada tahun 2010.</span></p>\n\n<p style=\"text-align: justify;\"><span style=\"font-family: arial,helvetica,sans-serif;\">Luas Kabupaten Agam adalah 223.230 hektar. Sebagian besar wilayah Kabupaten Agam merupakan kawasan hutan yaitu seluas&nbsp; 98.421,77 hektar. &nbsp;Sawah tadah hujan merupakan luas penggunaan lahan terbesar kedua di Kabupaten Agam dengan luas lahan 26.115,63 hektar. Luas lahan perkebunan juga cukup luas yang terdiri dari 25.868,10 hektar kebun campuran, 15.256,62 hektar perkebunan rakyat dan 21.462,86 hektar perkebunan besar Data Geografi dan Iklim dikumpulkan dari berbagai sumber. Data keadaan geografis dikumpulkan dari Bappeda Kabupaten Agam dan Badan Pertanahan Nasional. Data Iklim dikumpulkan dari Badan Meteorologi dan Klimatologi dan Geofisika.</span></p>\n\n<p style=\"text-align: justify;\"><span style=\"font-family: arial,helvetica,sans-serif;\">Kabupaten Agam sebelah utara berbatasan dengan Kabupaten Pasaman dan Pasaman Barat, sebelah selatan dengan Kabupaten Padang Pariaman, sebelah timur dengan Kabupaten 50 Kota, sebelah barat dengan Samudera Indonesia, dan&nbsp; bagian tengah dengan Kota Bukittinggi.&nbsp; Wilayahnya yang seluas&nbsp; 2.232,3 km&sup2;, terbagi menjadi 16 kecamatan dan&nbsp; 82 nagari. Berdasarkan data statistik tahun 2011, jumlah penduduknya mencapai 455.484 jiwa dengan kepadatan rata-rata 199,52 jiwa per km2.</span></p>\n\n<p style=\"text-align: center;\"><span style=\"font-size: large; font-family: arial,helvetica,sans-serif;\"><strong>II. POTENSI DAERAH</strong></span></p>\n\n<p style=\"text-align: justify;\"><span style=\"font-size: medium; font-family: arial,helvetica,sans-serif;\"><strong>A. Potensi Pariwisata</strong></span></p>\n\n<p style=\"text-align: justify;\"><span style=\"font-family: arial,helvetica,sans-serif;\">Kabupaten Agam memiliki beragam potensi di sektor pariwisata. Alam yang menawan, keunikan seni dan budaya, situs sejarah dan purbakala, wisata minat khusus, serta kehidupan sosial budaya merupakan faktor-faktor pendukung bagi pengembangan investasi di bidang pariwisata.</span><br />\n&nbsp;</p>\n\n<p style=\"text-align: justify;\"><span style=\"font-size: small; font-family: arial,helvetica,sans-serif;\"><strong>1. Alam yang menawan</strong></span></p>\n\n<p style=\"text-align: justify;\"><span style=\"font-family: arial,helvetica,sans-serif;\">Alam Agam indah menawan. Wilayah bagian timur yang dikenal dengan Dataran Tinggi Agam merupakan daerah pegunungan dengan hamparan panorama alam yang menakjubkan membentang di antara Gunung Merapi dan Singgalang, dengan hutan hujan tropis, areal pertanian, lembah, air terjun, gua, sungai, dan Danau Maninjau. Sementara di bagian barat ada pantai yang indah, luas, landai, dan berpasir putih dengan sinar matahari tropisnya yang hangat.</span></p>\n\n<p style=\"text-align: justify;\"><span style=\"font-family: arial,helvetica,sans-serif;\">Puncak Lawang, Ambun Tanai, Lokasi Ekowisata Gunung Merapi, Ngalau Kamang, Tarusan Kamang yang ajaib, Nagari&nbsp; Batang Palupuh dengan Hutan Lindung dan Bunga Raflessia Arnorldii-nya menyajikan&nbsp; pesona keindahan yang begitu menakjubkan.</span></p>\n\n<p style=\"text-align: justify;\">&nbsp;</p>\n\n<p style=\"text-align: justify;\"><span style=\"font-size: small; font-family: arial,helvetica,sans-serif;\"><strong>2. Situs Sejarah dan Cagar Budaya</strong></span></p>\n\n<p style=\"text-align: justify;\"><span style=\"font-family: arial,helvetica,sans-serif;\">Kepariwisataan Kabupaten Agam juga didukung oleh keberadaan tempat-tempat bersejarah dan cagar budaya. Di Kawasan Maninjau, ada Museum Rumah Kelahiran Buya Hamka, Rumah dan Perkampungan Tradisional, dan Mesjid-Mesjid peninggalan ulama-ulama masa lalu.&nbsp; Ada Nagari Koto Gadang yang masih menjaga tradisi. Nagari yang dilatarbelakangi pemandangan indah Ngarai Sianok ini juga terkenal dengan sulaman dan kerajinan perak. dengan situs sejarah dan budayanya. Di Kecamatan&nbsp; Palupuah, yang juga masih tradisional, ditemukan banyak situs sejarah dan budaya, di antaranya ada bekas tempat pemandian Ratu Wilhelmina, ada benteng, tugu dan tempat-tempat bersejarah peninggalan zaman perjuangan melawan penjajahan Belanda dan Jepang.</span></p>\n\n<p style=\"text-align: justify;\">&nbsp;</p>\n\n<p style=\"text-align: justify;\"><span style=\"font-size: small; font-family: arial,helvetica,sans-serif;\"><strong>3. Wisata Minat Khusus</strong></span></p>\n\n<p style=\"text-align: justify;\"><span style=\"font-family: arial,helvetica,sans-serif;\">Selain memiliki objek wisata alam, wisata sejarah, dan wisata budaya, Kabupaten Agam juga memiliki potensi dan fasilitas untuk wisata minat khusus, seperti olah raga dirgantara palayang, sepeda gunung, trecking, jetski, dan ekowisata.&nbsp; Di Kawasan Maninjau, ada beberapa event wisata yang digelar, Eksibisi dan Kompetisi Paralayang <em>Fun Fly in Maninjau, Tour de Singkarak, Tour de Antokan, Adventure de Matur </em>dan <em>Off Road.</em> Selain dari aktivitas wisata tahunan tersebut, ada aktivitas wisata lainnya yang sering dilaksanakan di sini, seperti <em>outbound, </em>arung jeram, <em>trecking, </em>dan ekowisata, dan terbang tandem dengan pilot lokal yang bersertifikasi setiap hari Sabtu.</span></p>\n\n<p style=\"text-align: justify;\"><span style=\"font-family: arial,helvetica,sans-serif;\">&nbsp;<strong>&nbsp;</strong><strong> </strong></span></p>\n\n<p><span style=\"font-size: small; font-family: arial,helvetica,sans-serif;\"><strong>4. Kehidupan Sosial Budaya</strong></span></p>\n\n<p style=\"text-align: justify;\"><span style=\"font-family: arial,helvetica,sans-serif;\">Kehidupan sosial budaya merupakan daya tarik lain yang dimiliki suatu daerah. Setiap daerah memiliki ciri khasnya sendiri. Tata cara tradisional, mulai dari cara berpakaian, cara, cara mengolah hasil pertanian, cara mengolah makanan tradisional merupakan hal-hal menarik bagi pengunjung suatu daerah, dan juga faktor bertani penting yang harus diperhatikan oleh para calon investor. Dengan demikian, kehidupan sosial budaya memiliki peranan bagi pengembangan kegiatan investasi.&nbsp; Beberapa kegiatan sosial budaya yang sering mengundang perhatian di Kabupaten Agam, di antaranya; membuat sulaman di Nagari Koto Gadang di Puncak Lawang, pengolahan tebu, dan mencari pensi di Maninjau.</span></p>\n\n<p style=\"text-align: justify;\">&nbsp;</p>\n\n<p style=\"text-align: justify;\"><span style=\"font-size: medium; font-family: arial,helvetica,sans-serif;\"><strong>B. Potensi Pertanian </strong></span></p>\n\n<p style=\"text-align: justify;\"><span style=\"font-family: arial,helvetica,sans-serif;\">Kabupaten Agam bagian timur merupakan daerah pegunungan yang terkenal sebagai lahan pertanian subur. Wilayah ini merupakan lumbung pangan, hortikultura, dan palawija. Beras produksi Kabupaten Agam diakui memiliki kualitas yang bagus, terutama beras Ampek Angkek, beras Kamang, dan beras danau. Kabupaten Agam juga memiliki kentang varietas lokal yang unggul, yaitu kentang cingkariang, yang saat ini berkembang di Kecamatan Matua, IV Koto, Sungaipua, Banuhampu, Canduang, dan Baso. Kentang jenis ini sangat baik untuk dibuat menjadi keripik kentang. Kondisi alam Agam juga sesuai untuk pengembangan tanaman jeruk. Saat ini, tanaman jeruk berkembang di 5 kecamatan, yaitu di Kamang Magek, Palupuah, Canduang, Ampek Angkek, dan Baso. Produk hortikultura dan palawija lainnya yang merupakan produk andalan&nbsp; adalah tomat, wortel, cabe, kol, sawi, terung, pisang, jagung, dan kacang-kacangan, yang pemasarannya sampai ke propinsi Riau, Jambi, Bengkulu, Batam, dan Singapura.</span></p>\n\n<p style=\"text-align: justify;\">&nbsp;</p>\n\n<p style=\"text-align: justify;\"><span style=\"font-size: medium; font-family: arial,helvetica,sans-serif;\"><strong>C. Potensi Perkebunan</strong></span></p>\n\n<p style=\"text-align: justify;\"><span style=\"font-family: arial,helvetica,sans-serif;\">Kabupaten Agam juga memiliki komoditi perkebunan yang cukup berperan dalam peningkatan kesejahteraan masyarakatnya. Salah satu komoditi unggulannya adalah gambir, yang dikenal memiliki kualitas yang lebih bagus di banding gambir dari daerah lainnya di Sumatera Barat. Untuk pengembangan gambir, Kabupaten Agam memiliki ketersediaan lahan yang luas di Kecamatan Palupuh dan Palembayan. Kabupaten Agam juga sangat cocok untuk pengembangan kelapa sawit dan tanaman kakao, terutama di kecamatan Lubuk Basung, Ampek Nagari, dan Palembayan. Secara keseluruhan, sektor perkebunan memiliki prospek yang baik untuk dikembangkan karena Kabupaten Agam memiliki ketersediaan lahan yang cukup luas. Di samping itu, pengolahan komoditi perkebunan, seperti pengolahan kelapa, kopi, dan tebu merupakan peluang investasi di Kabupaten Agam.</span></p>\n\n<p style=\"text-align: justify;\">&nbsp;</p>\n\n<p style=\"text-align: justify;\"><span style=\"font-size: medium; font-family: arial,helvetica,sans-serif;\"><strong>D. Potensi Perikanan dan Kelautan</strong></span></p>\n\n<p style=\"text-align: justify;\"><span style=\"font-family: arial,helvetica,sans-serif;\">Sektor perikanan, baik perikanan laut, perairan umum, maupun budidaya, merupakan potensi besar lainnya yang dimiliki Kabupaten Agam.&nbsp; Perairan Tanjung Mutiara dengan&nbsp; garis pantai sepanjang 43 km merupakan rumah bagi ikan-ikan pelagis kecil dan pelagis besar, dan juga ikan-ikan demersal. Di antara hasil tangkapan utama di perairan ini adalah ikan tembang, tongkol, tuna, teri, kembung, layur, mayung, selar, udang putih, dan lainnya. Namun hasil tangkapan nelayan Agam belum maksimal karena keterbatasan peralatan tangkap.</span></p>\n\n<p style=\"text-align: justify;\">&nbsp;</p>\n\n<p style=\"text-align: justify;\"><span style=\"font-size: medium; font-family: arial,helvetica,sans-serif;\"><strong>E. Potensi Peternakan</strong></span></p>\n\n<p style=\"text-align: justify;\"><span style=\"font-family: arial,helvetica,sans-serif;\">Sektor perternakan juga memiliki prospek yang cerah untuk dikembangkan karena permintaan pasar yang cukup tinggi. Salah satu peluang investasi yang paling prospektif adalah peternakan sapi potong dan kambing. Usaha ini didukung oleh ketersediaan lahan yang cukup luas untuk budidaya rumput gajah sebagai pakan ternak, serta Iklim dan cuaca yang kondusif. Adanya sarjana kesehatan hewan, tenaga kerja dan pasar tenak merupakan faktor pendukung lainnya. Pengembangan ayam petelur, ayam pedaging, ayam kampung, dan itik juga merupakan peluang investasi yang menjanjikan. Saat ini kebutuhan Kabupaten Agam akan telur ayam dan daging ayam dipasok dari kabupaten lain.</span></p>\n\n<p style=\"text-align: justify;\">&nbsp;</p>\n\n<p style=\"text-align: justify;\"><span style=\"font-size: medium; font-family: arial,helvetica,sans-serif;\"><strong>F. Potensi Sumber Daya Air</strong></span></p>\n\n<p style=\"text-align: justify;\"><span style=\"font-family: arial,helvetica,sans-serif;\">Sungai-sungai dan air terjun di Kabupaten Agam yang selalu mengalir sepanjang tahun merupakan potensi yang sangat besar untuk penyediaan energi listrik. Sungai-sungai ini bisa dimanfaatkan untuk pembangunan Pembangkit Listrik Tenaga Minihidro karena sungai-sungai ini pada umumnya terletak di kawasan hutan dan areal penggunaan lain. Topografi Agam yang berbukit-bukit juga sangat mendukung pemanfaatan sungai sebagai pembangkit listrik karena menyediakan head point yang bisa dimanfaatkan untuk pembuatan air terjun pemutar turbin. Saat ini telah ada beberapa kegiatan investasi di sektor ini, seperti pembangunan PLTMH di Batang Antokan dan&nbsp; Batang Guntung. Namun, peluang untuk pemanfaatan sumber daya air masih cukup besar.</span></p>\n\n<p style=\"text-align: center;\"><span style=\"font-size: large; font-family: arial,helvetica,sans-serif;\"><strong>III. PELUANG INVESTASI PRIORITAS</strong></span></p>\n\n<p style=\"text-align: justify;\"><span style=\"font-family: arial,helvetica,sans-serif;\"><strong>&nbsp;</strong></span></p>\n\n<p style=\"text-align: justify;\"><span style=\"font-size: medium; font-family: arial,helvetica,sans-serif;\"><strong>A. Pengembangan Kawasan Wisata Danau Maninjau</strong></span></p>\n\n<p style=\"text-align: justify;\"><span style=\"font-family: arial,helvetica,sans-serif;\">Kawasan Maninjau merupakan kawasan di sekitar Danau Maninjau, yang meliputi 3 kecamatan, yaitu Kecamatan Tanjung Raya, Kecamatan Matur, dan Kecamatan Palembayan. Danau Maninjau terletak di Kecamatan Tanjung Raya pada ketinggian 500 mdpl dan memiliki luas 950 ha.</span></p>\n\n<p style=\"text-align: justify;\"><span style=\"font-family: arial,helvetica,sans-serif;\">Di puncak bukit yang mengelilingi danau, ada beberapa objek wisata; Ambun Pagi, Ambun Tanai, Puncak Lawang, dan XIII Nan Basa yang termasuk ke wilayah Kecamatan Matur, serta Bukit Sakura yang merupakan wilayah Kecamatan Palembayan. Dari tempat-tempat ini,&nbsp; para pelancong bisa menikmati keindahan panorama alam Maninjau yang menakjubkan dari ketinggian. Keindahan ini juga bisa disaksikan dari jalan yang berliku-liku menuruni bukit menuju danau, yang dikenal dengan Kelok 44.</span></p>\n\n<p style=\"text-align: justify;\"><span style=\"font-family: arial,helvetica,sans-serif;\">&nbsp;</span></p>\n\n<p style=\"text-align: justify;\"><span style=\"font-family: arial,helvetica,sans-serif;\">Kawasan ini memiliki fasilitas pariwisata yang memadai.&nbsp; Di sini, ada hotel berbintang, beberapa hotel melati dan homestay. Ada juga coffee shop dan biro perjalanan wisata. Sarana dan prasarana transportasi juga baik. Kondisi jalannya bagus dan alat transportasi tersedia. Demikian juga dengan jaringan listrik, komunikasi, dan air bersih.</span></p>\n\n<p style=\"text-align: justify;\"><span style=\"font-family: arial,helvetica,sans-serif;\">Ada beberapa kegiatan investasi yang bisa dilakukan di Kawasan Maninjau, yaitu; pembangunan jalur Kereta Gantung, pembangunan hotel di XIII Nan Basa dan Ambun Tanai, serta pengembangan Linggai sebagai objek wisata pinggir danau.</span></p>\n\n<p style=\"text-align: justify;\">&nbsp;</p>\n\n<p style=\"text-align: justify;\"><span style=\"font-size: small; font-family: arial,helvetica,sans-serif;\"><strong>1. Pembangunan Jalur Kereta Gantung (Cable Car)</strong></span></p>\n\n<p style=\"text-align: justify;\"><span style=\"font-family: arial,helvetica,sans-serif;\">Pembangunan jalur Kereta Gantung direncanakan di Kawasan Maninjau&nbsp;&nbsp; dengan Top Station di XIII Nan Basa (Puncak Lawang) dan Bottom Station di pinggir Danau Maninjau. XIII Nan Basa merupakan taman rekreasi seluas <strong>&plusmn; 8 ha. Di luar kawasan objek wisata ini masih terdapat lahan &plusmn; 2 ha untuk lokasi Top Station Kereta Gantung. Sementara, Bottom Station bisa dibangun di Bayua atau di Linggai yang merupakan area di pinggir danau.</strong></span></p>\n\n<p>&nbsp;</p>\n\n<p style=\"text-align: justify;\"><span style=\"font-size: small; font-family: arial,helvetica,sans-serif;\"><strong>Profil Investasi</strong></span></p>\n\n<ul style=\"text-align: justify;\">\n</ul>\n\n<p style=\"text-align: justify;\"><span style=\"font-family: arial,helvetica,sans-serif;\">a. Lokasi :&nbsp; Kawasan Wisata Maninjau dengan <em>Top Station</em> di Puncak Lawang dan <em>Bottom Station </em>&nbsp;di Pinggir Danau Maninjau </span><br />\n<span style=\"font-family: arial,helvetica,sans-serif;\">(&plusmn;&nbsp; 25 km dari Bukittinggi dan &plusmn; 115 km dari Padang)</span><br />\n<span style=\"font-family: arial,helvetica,sans-serif;\">b. Ketersediaan Lahan :&nbsp; 10 Ha</span><br />\n<span style=\"font-family: arial,helvetica,sans-serif;\">c. Status&nbsp; Tanah :&nbsp; Milik Pribadi/kaum</span><br />\n<span style=\"font-family: arial,helvetica,sans-serif;\">d. Sistem Pemerolehan Lahan :&nbsp; Kerjasama</span><br />\n<span style=\"font-family: arial,helvetica,sans-serif;\">e. Pelabuhan Udara&nbsp;&nbsp; :&nbsp; Bandara Internasional Minagkabau &plusmn; 117 Km )</span><br />\n<span style=\"font-family: arial,helvetica,sans-serif;\">f.&nbsp; Pelabuhan Laut&nbsp;&nbsp;&nbsp;&nbsp; :&nbsp; Teluk Bayur&nbsp; (&plusmn; 130 Km)</span><br />\n<span style=\"font-family: arial,helvetica,sans-serif;\">g. Dokumen Pendukung :&nbsp;&nbsp;&nbsp;&nbsp;&nbsp;&nbsp;&nbsp;&nbsp;&nbsp;&nbsp;&nbsp;&nbsp;&nbsp;&nbsp;&nbsp;&nbsp;&nbsp;&nbsp;&nbsp;&nbsp;&nbsp;&nbsp;&nbsp;&nbsp;&nbsp;&nbsp;&nbsp;&nbsp;&nbsp;&nbsp;&nbsp;&nbsp;&nbsp;&nbsp;&nbsp;&nbsp;&nbsp;&nbsp;&nbsp;&nbsp;&nbsp;&nbsp;&nbsp;&nbsp;&nbsp;&nbsp;&nbsp;&nbsp;&nbsp;&nbsp;&nbsp;&nbsp;&nbsp;&nbsp;&nbsp;&nbsp;&nbsp;&nbsp;&nbsp;&nbsp;&nbsp;&nbsp;&nbsp;&nbsp;&nbsp;&nbsp;&nbsp;&nbsp;&nbsp;&nbsp;&nbsp;&nbsp;&nbsp;&nbsp;&nbsp;&nbsp;&nbsp;&nbsp;&nbsp;&nbsp;&nbsp;&nbsp;&nbsp;&nbsp;&nbsp;&nbsp;&nbsp;&nbsp;&nbsp;&nbsp;&nbsp;&nbsp;&nbsp;&nbsp;&nbsp;&nbsp;&nbsp;&nbsp;&nbsp;&nbsp;&nbsp;&nbsp;&nbsp;&nbsp;&nbsp;&nbsp;&nbsp;&nbsp;&nbsp;&nbsp;&nbsp;&nbsp;&nbsp;&nbsp;&nbsp;&nbsp;&nbsp;&nbsp;&nbsp;&nbsp;&nbsp;&nbsp;&nbsp;&nbsp;&nbsp;&nbsp;&nbsp; </span></p>\n\n<p style=\"text-align: justify;\"><span style=\"font-family: arial,helvetica,sans-serif;\">&nbsp;&nbsp;&nbsp;&nbsp;&nbsp;&nbsp; &nbsp;&nbsp; 1) Feasibility Study in 2006</span></p>\n\n<p style=\"text-align: justify;\"><span style=\"font-family: arial,helvetica,sans-serif;\">&nbsp;&nbsp;&nbsp;&nbsp;&nbsp;&nbsp;&nbsp;&nbsp;&nbsp; 2) Spacial Planning of Maninjau&nbsp; Tourism Resort</span></p>\n\n<ul style=\"text-align: justify;\">\n</ul>\n\n<p style=\"text-align: justify;\"><span style=\"font-family: arial,helvetica,sans-serif;\">h. Nilai Ekonomis&nbsp;&nbsp; :</span></p>\n\n<ul style=\"text-align: justify;\">\n</ul>\n\n<p style=\"text-align: justify;\"><span style=\"font-family: arial,helvetica,sans-serif;\">&nbsp;&nbsp;&nbsp;&nbsp;&nbsp;&nbsp;&nbsp;&nbsp;&nbsp; 1) Berlokasi di Kawasan Maninjau, tingkat kunjungan wisatanya cukup tinggi</span></p>\n\n<p style=\"text-align: justify;\"><span style=\"font-family: arial,helvetica,sans-serif;\">&nbsp;&nbsp;&nbsp;&nbsp;&nbsp;&nbsp;&nbsp;&nbsp;&nbsp; 2) Dekat dari Bukittinggi,destinasi wisata utama dan paling popular di Sumatera Barat.</span></p>\n\n<p style=\"text-align: justify;\"><span style=\"font-family: arial,helvetica,sans-serif;\">&nbsp;&nbsp;&nbsp;&nbsp;&nbsp;&nbsp;&nbsp;&nbsp;&nbsp; 3) Keberadaan Cable Car diprediksi akan menarik kunjungan wisata dari daerah lain di Sumatera</span></p>\n\n<p style=\"text-align: justify;\">&nbsp;</p>\n\n<p style=\"text-align: justify;\"><span style=\"font-size: small; font-family: arial,helvetica,sans-serif;\"><strong>2. Pembangunan Hotel di XIII Nan Basa dan Ambun Tanai</strong></span></p>\n\n<p style=\"text-align: justify;\"><span style=\"font-family: arial,helvetica,sans-serif;\">XIII Nan Basa, Ambun Tanai, Puncak Lawang, dan Ambun Pagi merupakan&nbsp; merupakan taman rekreasi di puncak bukit yang letaknya berdekatan. Dari tempat ini para pelancong bisa menyaksikan pemandangan yang luar biasa dengan Danau Maninjau yang berkilau di dasar lembah. Tempat ini juga cocok untuk pembangunan hotel dan Convention Center karena, di samping pemandangan alamnya yang indah, udaranya sangat&nbsp; sejuk dan segar. Tempat ini juga cocok untuk pengembangan Kebun Buah dan Kebun Binatang. Kegiatan wisata yang bisa dikembangkan di sini antara lain&nbsp; wisata berkuda, berkemah dan trecking.</span></p>\n\n<p style=\"text-align: justify;\">&nbsp;</p>\n\n<p style=\"text-align: justify;\"><span style=\"font-family: arial,helvetica,sans-serif; font-size: small;\"><strong>Profil Investasi</strong></span></p>\n\n<ul style=\"text-align: justify;\">\n</ul>\n\n<p style=\"text-align: justify;\"><span style=\"font-family: arial,helvetica,sans-serif;\">a. Lokasi&nbsp; :&nbsp; Kecamatan Matur (17 km dari Bukittinggi)</span><br />\n<span style=\"font-family: arial,helvetica,sans-serif;\">b. Ketersediaan Lahan&nbsp; :&nbsp; 2 Ha</span><br />\n<span style=\"font-family: arial,helvetica,sans-serif;\">c. Status Tanah&nbsp;&nbsp; :&nbsp; Milik Pribadi/kaum</span><br />\n<span style=\"font-family: arial,helvetica,sans-serif;\">d. Sistem Pemerolehan Lahan :&nbsp; Kerjasama</span><br />\n<span style=\"font-family: arial,helvetica,sans-serif;\">e. Pelabuhan Udara :&nbsp; Bandara Internasional Minagkabau &plusmn; 100 Km )</span><br />\n<span style=\"font-family: arial,helvetica,sans-serif;\">f. Pelabuhan Laut&nbsp; :&nbsp; Teluk Bayur&nbsp; (&plusmn; 120 Km)</span><br />\n<span style=\"font-family: arial,helvetica,sans-serif;\">g. Faktor Pendudkung :</span></p>\n\n<ol style=\"text-align: justify;\">\n</ol>\n\n<p style=\"text-align: justify;\"><span style=\"font-family: arial,helvetica,sans-serif;\">&nbsp;&nbsp;&nbsp;&nbsp; 1) Terletak di Kawasan Wisata, yang berarti lokasi ini terletak berdekatan dengan beberapa objek wisata lainnya, </span></p>\n\n<p style=\"text-align: justify;\"><span style=\"font-family: arial,helvetica,sans-serif;\">&nbsp;&nbsp;&nbsp;&nbsp;&nbsp;&nbsp;&nbsp;&nbsp; seperti; Muko-Muko,&nbsp;&nbsp; Museum Rumah Kelahiran Buya Hamka, Puncak Lawang, Embun Pagi, Kelok 44, dan lainnya.</span><br />\n<span style=\"font-family: arial,helvetica,sans-serif;\">&nbsp;&nbsp;&nbsp;&nbsp; 2) Pemandangan yang mempesona</span><br />\n<span style=\"font-family: arial,helvetica,sans-serif;\">&nbsp;&nbsp;&nbsp;&nbsp; 3) Udara yang sejuk dan bebas polusi</span><br />\n<span style=\"font-family: arial,helvetica,sans-serif;\">&nbsp;&nbsp;&nbsp;&nbsp; 4) Fasilitas Wisata, seperti; gazebo, shelter, mushalla, toilet, dan taman</span><br />\n<span style=\"font-family: arial,helvetica,sans-serif;\">&nbsp;&nbsp;&nbsp;&nbsp; 5) Memiliki potensi wisata budaya, minat khusus, dan kuliner.</span><br />\n<span style=\"font-family: arial,helvetica,sans-serif;\">&nbsp;&nbsp;&nbsp;&nbsp; 6) Ketersediaan air bersih, listrik, sarana telekomunikasi</span><br />\n<span style=\"font-family: arial,helvetica,sans-serif;\">&nbsp;&nbsp;&nbsp;&nbsp; 7) Sarana dan prasarana transportasi</span></p>\n\n<p style=\"text-align: justify;\">&nbsp;</p>\n\n<p style=\"text-align: justify;\"><span style=\"font-size: small; font-family: arial,helvetica,sans-serif;\"><strong>3. Pengembangan Kawasan Linggai</strong></span></p>\n\n<p style=\"text-align: justify;\"><span style=\"font-family: arial,helvetica,sans-serif;\">Linggai adalah sebuah kawasan di pinggir Danau Maninjau seluas 1,5 ha milik Pemerintah Daerah Kabupaten Agam. Kawasan ini bisa dikembangkan menjadi sebuah Lakeside Resort dengan fasilitas, seperti <em>cottage</em>, restoran, panggung pertunjukan, gazebo, kios cendera mata, jembatan terapung, dan lapangan parkir.&nbsp; Kegiatan wisata yang bisa dilakukan di sini, di antaranya; jetski, memancing, naik kapal atau perahu wisata.</span></p>\n\n<p style=\"text-align: justify;\">&nbsp;</p>\n\n<p style=\"text-align: justify;\"><span style=\"font-family: arial,helvetica,sans-serif; font-size: small;\"><strong>Profil Investasi</strong></span></p>\n\n<ul style=\"text-align: justify;\">\n</ul>\n\n<p style=\"text-align: justify;\"><span style=\"font-family: arial,helvetica,sans-serif;\">&nbsp;a. Lokasi :&nbsp; Kecamatan Tanjung Raya&nbsp; (27 km dari Bukittinggi)</span><br />\n<span style=\"font-family: arial,helvetica,sans-serif;\">&nbsp;b. Ketersediaan Lahan :&nbsp; 1.5 Ha</span><br />\n<span style=\"font-family: arial,helvetica,sans-serif;\">&nbsp;c. Status&nbsp;&nbsp; Tanah :&nbsp; Milik Pemerintah Kabupaten Agam</span><br />\n<span style=\"font-family: arial,helvetica,sans-serif;\">&nbsp;d. Sistem&nbsp;&nbsp; Pemerolehan Lahan :&nbsp; Kerjasama</span><br />\n<span style=\"font-family: arial,helvetica,sans-serif;\">&nbsp;e. Pelabuhan Udara&nbsp; :&nbsp; Bandara Internasional Minangkabau (&plusmn; 117 Km )</span><br />\n<span style=\"font-family: arial,helvetica,sans-serif;\">&nbsp;f.&nbsp; Pelabuhan Laut :&nbsp; Teluk Bayur&nbsp; (&plusmn; 147 Km)</span><br />\n<span style=\"font-family: arial,helvetica,sans-serif;\">&nbsp;g. Dokumen Pendukung :&nbsp; Site Plan, Detailed Engineering Design (DED), Dokumen Pengelolaan Lingkungan (UKL/UPL)h) </span><br />\n<span style=\"font-family: arial,helvetica,sans-serif;\">&nbsp;</span></p>\n\n<p style=\"text-align: justify;\"><span style=\"font-family: arial,helvetica,sans-serif;\">&nbsp;h. Faktor Pendukung :</span></p>\n\n<ul style=\"list-style-type: disc; text-align: justify;\">\n</ul>\n\n<ol style=\"text-align: justify;\">\n</ol>\n\n<p style=\"text-align: justify;\"><span style=\"font-family: arial,helvetica,sans-serif;\">&nbsp;&nbsp;&nbsp; 1) Terletak di Kawasan Wisata, yang berarti lokasi ini terletak berdekatan dengan beberapa objek wisata lainnya, </span></p>\n\n<p style=\"text-align: justify;\"><span style=\"font-family: arial,helvetica,sans-serif;\">&nbsp;&nbsp;&nbsp;&nbsp;&nbsp;&nbsp;&nbsp;&nbsp;&nbsp; seperti; Muko-Muko, Museum Rumah Kelahiran Buya Hamka, Puncak Lawang, Embun Pagi, Kelok 44, dan lainnya.</span><br />\n<span style=\"font-family: arial,helvetica,sans-serif;\">&nbsp;&nbsp;&nbsp;&nbsp; 2) <span style=\"font-size: x-small;\">Pematang</span>an lahan telah dilakukan oleh Pemerintah Kabupaten Agam</span><br />\n<span style=\"font-family: arial,helvetica,sans-serif;\">&nbsp;&nbsp;&nbsp;&nbsp; 3) Udara yang sejuk dan bebas polusi</span><br />\n<span style=\"font-family: arial,helvetica,sans-serif;\">&nbsp;&nbsp;&nbsp;&nbsp; 4) Fasilitas Wisata, seperti; gazebo, shelter, mushalla, toilet, dan taman</span><br />\n<span style=\"font-family: arial,helvetica,sans-serif;\">&nbsp;&nbsp;&nbsp;&nbsp; 5) Didukung oleh potensi wisata budaya, minant khusus, dan kuliner.</span><br />\n<span style=\"font-family: arial,helvetica,sans-serif;\">&nbsp;&nbsp;&nbsp;&nbsp; 6) Ketersediaan air bersih, listrik, sarana telekomunikasi</span><br />\n<span style=\"font-family: arial,helvetica,sans-serif;\">&nbsp;&nbsp;&nbsp;&nbsp; 7) Sarana dan prasarana transportasi</span></p>\n\n<p style=\"text-align: justify;\"><span style=\"font-size: medium; font-family: arial,helvetica,sans-serif;\"><strong><span style=\"font-family: arial,helvetica,sans-serif;\">B. Pengembangan Kawasan Wisata Bahari</span></strong></span></p>\n\n<p style=\"text-align: justify;\"><span style=\"font-family: arial,helvetica,sans-serif;\">Bagian barat Kabupaten Agam merupakan wilayah pesisir dengan panjang garis pantai 43 km. Pantai Agam sangat indah dengan hamparan pasir putih yang sangat luas. Pohon kelapa dan cemara laut yang tumbuh hampir di sepanjang pantai memberi suasana nyaman dan teduh. Beberapa mil dari pantai terdapat dua buah pulau kecil yang indah, yang merupakan tempat bertelur bagi penyu-penyu, Pulau Ujung dan Pulau Tangah. </span></p>\n\n<p style=\"text-align: justify;\">&nbsp;</p>\n\n<p style=\"text-align: justify;\"><span style=\"font-family: arial,helvetica,sans-serif;\">Ada 3 lokasi pengembangan wisata bahari di kawasan pesisir Kabupaten Agam ini, yaitu wilayah di sekitar DAS Batang Tiku, Pulau Ujung dan Pulau Tangah, serta Pantai Bandar Mutiara. Pengembangan ketiga lokasi ini secara bersamaan dan simultan akan meningkatkan nilai jual kawasan ini karena kedatangan wisatawan ke Kawasan Wisata Bandar Mutiara tidak hanya untuk satu tujuan wisata.</span><span style=\"font-size: medium; font-family: arial,helvetica,sans-serif;\"><span style=\"font-size: x-small;\">&nbsp;</span></span></p>\n\n<p style=\"text-align: justify;\">&nbsp;</p>\n\n<p style=\"text-align: justify;\"><span style=\"font-size: small; font-family: arial,helvetica,sans-serif;\"><strong>1. Pengembangan Wisata Pantai di Muara Batang Tiku</strong></span></p>\n\n<p style=\"text-align: justify;\"><span style=\"font-family: arial,helvetica,sans-serif;\">Muara Batang Tiku merupakan area di sekitar DAS Sungai <em>Batang Tiku</em>. Pada tahun 2009, Pemerintah Daerah telah melakukan pembangunan normalisasi sungai yang bertujuan mengatasi banjir di daerah DAS Batang Tiku tersebut. Untuk meningkatkan nilai guna dari kegiatan pengendalian banjir tersebut, Pemerintah Daerah juga menyiapkan rencana pengembangan objek wisata pada lokasi Muara Batang Tiku dengan membuat Site Plan Muara Batang Tiku. Muara Batang Tiku ini bisa dikembangkan menjadi sebuah objek wisata dengan taman, area parkir, outbound, restoran makanan tradisional, dermaga mini dan hijauan terbuka. Kegiatan wisata yang bisa dikembangkan di sini antara lain: sepeda air, <em>banana boat,</em> berlayar ke Pulau Ujung dan Pulau Tangah.</span></p>\n\n<p style=\"text-align: justify;\">&nbsp;</p>\n\n<p style=\"text-align: justify;\"><span style=\"font-family: arial,helvetica,sans-serif;\"><strong><span style=\"font-size: small;\">Profil Investasi</span></strong></span></p>\n\n<ul style=\"text-align: justify;\">\n</ul>\n\n<p style=\"text-align: justify;\"><span style=\"font-family: arial,helvetica,sans-serif;\">a. Lokasi :&nbsp; Kecamatan Tanjung Mutiara&nbsp; (100 km dari Kota Padang)</span><br />\n<span style=\"font-family: arial,helvetica,sans-serif;\">b. Ketersediaan Lahan :&nbsp; 60 Ha</span><br />\n<span style=\"font-family: arial,helvetica,sans-serif;\">c. Status&nbsp; Tanah&nbsp; : &nbsp;Milik Pemerintah Kabupaten Agam</span><br />\n<span style=\"font-family: arial,helvetica,sans-serif;\">d. Sistem Pemerolehan Lahan&nbsp; :&nbsp; Kerjasama</span><br />\n<span style=\"font-family: arial,helvetica,sans-serif;\">e. Pelabuhan Udara&nbsp; :&nbsp; Bandara Internasional Minangkabau (&plusmn; 80 Km )</span><br />\n<span style=\"font-family: arial,helvetica,sans-serif;\">f. Pelabuhan Laut :&nbsp; Teluk Bayur&nbsp; (&plusmn; 100 Km)</span><br />\n<span style=\"font-family: arial,helvetica,sans-serif;\">g. Dokumen Pendukung :&nbsp; Site Plan</span><br />\n<span style=\"font-family: arial,helvetica,sans-serif;\">h. Faktor Pendudkung :</span></p>\n\n<ol style=\"text-align: justify;\">\n</ol>\n\n<p style=\"text-align: justify;\"><span style=\"font-family: arial,helvetica,sans-serif;\">&nbsp;&nbsp;&nbsp;&nbsp; 1) Pemandangan yang mempesona dan situasi yang nyaman</span><br />\n<span style=\"font-family: arial,helvetica,sans-serif;\">&nbsp;&nbsp;&nbsp;&nbsp; 2) Pantai yang bersih, landai,&nbsp; dan berpasir putih</span><br />\n<span style=\"font-family: arial,helvetica,sans-serif;\">&nbsp;&nbsp;&nbsp;&nbsp; 3) Didukung oleh sarana dan prasarana transportasi</span><br />\n<span style=\"font-family: arial,helvetica,sans-serif;\">&nbsp;&nbsp;&nbsp;&nbsp; 4) Didukung oleh potensi wisata budaya, minant khusus, dan kuliner.</span><br />\n<span style=\"font-family: arial,helvetica,sans-serif;\">&nbsp;&nbsp;&nbsp;&nbsp; 5) Ketersediaan air bersih, listrik, sarana telekomunikasi</span><br />\n<span style=\"font-family: arial,helvetica,sans-serif;\">&nbsp;&nbsp;&nbsp;&nbsp; 6) Dekat dengan objek wisata laninny</span>a.</p>\n\n<p style=\"text-align: justify;\">&nbsp;</p>\n\n<p style=\"text-align: justify;\"><span style=\"font-size: small; font-family: arial,helvetica,sans-serif;\"><strong>2. Pengembangan Pulau Ujung dan Pulau Tangah </strong></span></p>\n\n<p style=\"text-align: justify;\"><span style=\"font-family: arial,helvetica,sans-serif;\">Pulau Ujung dan Pulau Tangah dengan luas masing-masing 1 ha ini bisa dikembangkan menjadi sebuah Beach Resort dengan berbagai aktivitas wisata&nbsp; bahari, seperti banana boat, sepeda air, menyelam, memancing, dan outbound.</span></p>\n\n<p style=\"text-align: justify;\"><span style=\"font-family: arial,helvetica,sans-serif;\"><strong>&nbsp;</strong></span></p>\n\n<p style=\"text-align: justify;\"><span style=\"font-size: small;\"><strong><span style=\"font-family: arial,helvetica,sans-serif;\">Profil Investasi</span></strong></span></p>\n\n<ul style=\"text-align: justify;\">\n</ul>\n\n<p style=\"text-align: justify;\"><span style=\"font-family: arial,helvetica,sans-serif;\">a. Lokasi :&nbsp; Kecamatan Tanjung Mutiara&nbsp; (100 km dari Kota Padang)</span><br />\n<span style=\"font-family: arial,helvetica,sans-serif;\">b. Ketersediaan Lahan&nbsp; :&nbsp; 1 &nbsp;Ha&nbsp; Pulau Ujung, 1 ha PulauTangah</span><br />\n<span style=\"font-family: arial,helvetica,sans-serif;\">c. Status&nbsp; Tanah :&nbsp; Milik Pribadi</span><br />\n<span style=\"font-family: arial,helvetica,sans-serif;\">d. Sistem&nbsp;&nbsp;&nbsp; Pemerolehan Lahan :&nbsp; Kerjasama</span><br />\n<span style=\"font-family: arial,helvetica,sans-serif;\">e. Pelabuhan Udara&nbsp;&nbsp; :&nbsp; Bandara Internasional Minangkabau (&plusmn; 80 Km )</span><br />\n<span style=\"font-family: arial,helvetica,sans-serif;\">f. Pelabuhan Laut&nbsp; :&nbsp; Teluk Bayur&nbsp; (&plusmn; 100 Km)</span><br />\n<span style=\"font-family: arial,helvetica,sans-serif;\">g. Faktor Pendukung :</span></p>\n\n<ol style=\"text-align: justify;\">\n</ol>\n\n<p style=\"text-align: justify;\"><span style=\"font-family: arial,helvetica,sans-serif;\">&nbsp;&nbsp;&nbsp;&nbsp; 1)&nbsp; Pemandangan yang mempesona dan situasi yang nyaman</span><br />\n<span style=\"font-family: arial,helvetica,sans-serif;\">&nbsp;&nbsp;&nbsp;&nbsp; 2) Pantai yang bersih, landai,&nbsp; dan berpasir putih</span><br />\n<span style=\"font-family: arial,helvetica,sans-serif;\">&nbsp;&nbsp;&nbsp;&nbsp; 3) Sarana dan prasarana transportasi</span><br />\n<span style=\"font-family: arial,helvetica,sans-serif;\">&nbsp;&nbsp;&nbsp;&nbsp; 4) Potensi wisata budaya, minat khusus, dan kuliner.</span><br />\n<span style=\"font-family: arial,helvetica,sans-serif;\">&nbsp;&nbsp;&nbsp;&nbsp; 5) Dekat dengan objek wisata laninnya</span></p>\n\n<ol style=\"text-align: justify;\">\n</ol>\n\n<p style=\"text-align: justify;\">&nbsp;</p>\n\n<p style=\"text-align: justify;\"><span style=\"font-size: small; font-family: arial,helvetica,sans-serif;\"><strong>3. Pengembangan Pantai Bandar Mutiara</strong></span></p>\n\n<p style=\"text-align: justify;\"><span style=\"font-family: arial,helvetica,sans-serif;\">Pantai Bandar Mutiara merupakan salah satu objek wisata yang banyak dikunjungi di Kabupaten Agam. Pantai ini luas. landai, dan berpasir putih. Pada lokasi objek wisata ini ada areal seluas 15 ha, &nbsp;milik Pemerintah Daerah Kabupaten Agam,&nbsp; yang bisa digunakan untuk pengembangan kepariwisataan, sepeti pembangunan <em>cottage</em>, <em>outbound area, </em>dan taman. Pengembangan pantai Bandar Mutiara perlu dilakukan secara sinergis dengan pengembangan Muara Batang Tiku dan Pulau Ujung dan Pulau Tangah karena akan meningkatkan nilai jual objek wisata ini.</span></p>\n\n<p style=\"text-align: justify;\"><span style=\"font-size: small; font-family: arial,helvetica,sans-serif;\"><strong>Profil Investasi</strong></span></p>\n\n<ul style=\"text-align: justify;\">\n</ul>\n\n<p style=\"text-align: justify;\"><span style=\"font-family: arial,helvetica,sans-serif;\">a. Lokasi&nbsp;&nbsp; :&nbsp; Kecamatan Tanjung Mutiara&nbsp; (100 km dari Kota Padang)</span><br />\n<span style=\"font-family: arial,helvetica,sans-serif;\">b. Ketersediaan Lahan :&nbsp; 15 Ha</span><br />\n<span style=\"font-family: arial,helvetica,sans-serif;\">c. Status&nbsp;&nbsp; Tanah&nbsp;&nbsp; :&nbsp; Milik Pemerintah Kabupaten Agam</span><br />\n<span style=\"font-family: arial,helvetica,sans-serif;\">d. Sistem&nbsp; Pemerolehan Lahan&nbsp; :&nbsp; Kerjasama</span><br />\n<span style=\"font-family: arial,helvetica,sans-serif;\">e. Pelabuhan Udara :&nbsp; Bandara Internasional Minangkabau &plusmn; 80 Km </span><br />\n<span style=\"font-family: arial,helvetica,sans-serif;\">f. Pelabuhan Laut&nbsp; :&nbsp; Teluk Bayur&nbsp; (&plusmn; 100 Km)</span><br />\n<span style=\"font-family: arial,helvetica,sans-serif;\">g. Dokumen Pendukung :&nbsp; Site Plan</span><br />\n<span style=\"font-family: arial,helvetica,sans-serif;\">h. Faktor Pendukung :</span></p>\n\n<ol style=\"text-align: justify;\">\n</ol>\n\n<p style=\"text-align: justify;\"><span style=\"font-family: arial,helvetica,sans-serif;\">&nbsp;&nbsp;&nbsp;&nbsp; 1) Pemandangan yang mempesona dan situasi yang nyaman</span><br />\n<span style=\"font-family: arial,helvetica,sans-serif;\">&nbsp;&nbsp;&nbsp;&nbsp; 2) Pantai yang bersih, landai,&nbsp; dan berpasir putih</span><br />\n<span style=\"font-family: arial,helvetica,sans-serif;\">&nbsp;&nbsp; &nbsp; 3) Sarana dan prasarana transportasi</span><br />\n<span style=\"font-family: arial,helvetica,sans-serif;\">&nbsp;&nbsp;&nbsp;&nbsp; 4) Potensi wisata budaya, minant khusus, dan kuliner.</span><br />\n<span style=\"font-family: arial,helvetica,sans-serif;\">&nbsp;&nbsp;&nbsp;&nbsp; 5) Ketersediaan air bersih, listrik, sarana telekomunikasi</span><br />\n<span style=\"font-family: arial,helvetica,sans-serif;\">&nbsp;&nbsp;&nbsp;&nbsp; 6) Dekat dengan objek wisata laninnya</span></p>\n\n<p style=\"text-align: justify;\"><span style=\"font-size: medium; font-family: arial,helvetica,sans-serif;\"><strong>C. Pembangunan Pembangkit Energi Listrik</strong></span></p>\n\n<p style=\"text-align: justify;\"><span style=\"font-family: arial,helvetica,sans-serif;\">Peluang investasi di sektor energi adalah pemanfaatan sumber daya air untuk pembangkit tenaga listrik. Di Kabupaten Agam, ada beberapa sungai dan air terjun yang potensial untuk pembangunan Pembangkit Listrik Tenaga Minihidro, yang berlokasi di Maninjau, Sungai Guntuang,&nbsp; Sitalang, Batu Kambing, Malalak, Palembayan, dan Ranah.</span></p>\n\n<p style=\"text-align: justify;\"><span style=\"font-family: arial,helvetica,sans-serif;\"><strong>Lokasi&nbsp;&nbsp;&nbsp;&nbsp;</strong>&nbsp;&nbsp; : &nbsp;</span></p>\n\n<ol>\n</ol>\n\n<p style=\"text-align: justify;\"><span style=\"font-family: arial,helvetica,sans-serif;\">a. Batang Antokan (40.000 KW)</span><br />\n<span style=\"font-family: arial,helvetica,sans-serif;\">b. Campago, Kecamatan Malalak</span><br />\n<span style=\"font-family: arial,helvetica,sans-serif;\">c. Batang Sariak Nagari Malalak Utara,&nbsp; Kecamatan Malalak (99 KW)</span><br />\n<span style=\"font-family: arial,helvetica,sans-serif;\">d. Batu Kambing, Kecamatan Ampek Nagari (238 KW)</span><br />\n<span style=\"font-family: arial,helvetica,sans-serif;\">e. Sitalang (93 KW)</span><br />\n<span style=\"font-family: arial,helvetica,sans-serif;\">f. Toboh (57 KW)</span></p>\n\n<ul style=\"text-align: justify;\">\n</ul>\n\n<p style=\"text-align: justify;\"><span style=\"font-family: arial,helvetica,sans-serif;\">&nbsp;&nbsp;&nbsp;&nbsp; 1) Pelabuhan Udara&nbsp; :&nbsp; Bandara Internasional Minagkabau &plusmn; 100 Km )</span><br />\n<span style=\"font-family: arial,helvetica,sans-serif;\">&nbsp;&nbsp;&nbsp;&nbsp; 2) Pelabuhan Laut&nbsp; :&nbsp; Teluk Bayur&nbsp; (&plusmn; 120 Km)</span></p>\n\n<ul style=\"text-align: justify;\">\n</ul>\n\n<ul style=\"text-align: justify;\">\n</ul>\n\n<p style=\"text-align: justify;\"><span style=\"font-family: arial,helvetica,sans-serif;\">g. Faktor Pendukung&nbsp; &nbsp;&nbsp;&nbsp;&nbsp;&nbsp;&nbsp;&nbsp;&nbsp;&nbsp; :</span></p>\n\n<ul style=\"text-align: justify;\">\n</ul>\n\n<ol style=\"text-align: justify;\">\n</ol>\n\n<p style=\"text-align: justify;\"><span style=\"font-family: arial,helvetica,sans-serif;\">&nbsp;&nbsp;&nbsp; 1) Sungai-sungai di Kabupaten Agam pada umumnya berada di kawasan hutan dan areal penggunaan lain sehingga tidak menggangu kegiatan pertanian dan lainnya.</span><br />\n<span style=\"font-family: arial,helvetica,sans-serif;\">&nbsp;&nbsp;&nbsp;&nbsp; 2) Topografi Kabupaten Agam yang berbukit-bukit menguntungkan untuk pembangunan &nbsp;pembangkit tenaga listrik.</span></p>\n\n<p style=\"text-align: justify;\">&nbsp;</p>\n\n<p style=\"text-align: justify;\"><span style=\"font-size: medium; font-family: arial,helvetica,sans-serif;\"><strong>D. Penangkapan Ikan Tuna </strong></span></p>\n\n<p style=\"text-align: justify;\"><span style=\"font-family: arial,helvetica,sans-serif;\">Memiliki Zona Ekonomi Ekslusif, Kabupaten Agam berpotensi untuk penangkapan ikan tuna. Tetapi karena tidak tersedianya sarana untuk penangkapan tuna, maka potensi ini belum termanfaatkan secara optimal. Oleh sebab itu, penagkapan ikan tuna dengan Tuna Longline merupakan peluang investasi di Kabupaten Aga<strong>Tuna Longline</strong></span></p>\n\n<p style=\"text-align: justify;\"><span style=\"font-family: arial,helvetica,sans-serif;\"><strong>&nbsp;</strong><span style=\"font-size: small;\"><strong>&nbsp;</strong></span></span></p>\n\n<p style=\"text-align: justify;\"><span style=\"font-family: arial,helvetica,sans-serif; font-size: small;\"><strong>Profil Investasi / Investment Profile</strong></span></p>\n\n<ul style=\"text-align: justify;\">\n</ul>\n\n<p style=\"text-align: justify;\"><span style=\"font-family: arial,helvetica,sans-serif;\">a. Location : Exclusive Economic Zone of Agam Regency</span><br />\n<span style=\"font-family: arial,helvetica,sans-serif;\">b. Length of Shoreline :&nbsp; 43 km</span></p>\n\n<p style=\"text-align: justify;\"><span style=\"font-family: arial,helvetica,sans-serif;\">c. Fish Captured&nbsp; : Tuna</span><br />\n<span style=\"font-family: arial,helvetica,sans-serif;\">d. Supporting Factors&nbsp; :</span></p>\n\n<p style=\"text-align: justify;\"><span style=\"font-family: arial,helvetica,sans-serif;\">e. Fish Auction Hall</span><br />\n<span style=\"font-family: arial,helvetica,sans-serif;\">f. Economic Development Cooperative for Coastal Society</span><br />\n<span style=\"font-family: arial,helvetica,sans-serif;\">g. Coastal Shop</span><br />\n<span style=\"font-family: arial,helvetica,sans-serif;\">h. Ice Factor<strong>&nbsp;</strong></span><br />\n&nbsp;</p>\n\n<p style=\"text-align: justify;\"><span style=\"font-size: medium; font-family: arial,helvetica,sans-serif;\"><strong>E. Perkebunan Gambier / Plantation Sector</strong></span></p>\n\n<p style=\"text-align: justify;\"><span style=\"font-family: arial,helvetica,sans-serif;\"><strong>&nbsp;</strong></span></p>\n\n<p style=\"text-align: justify;\"><span style=\"font-family: arial,helvetica,sans-serif; font-size: small;\"><strong>Profil Investasi / Investment Profile</strong></span></p>\n\n<p style=\"text-align: justify;\"><span style=\"font-family: arial,helvetica,sans-serif;\">&nbsp; a. Location : Palupuh and Palembayan Subdistrict (&plusmn; 35 km from&nbsp; Bukittinggi )</span></p>\n\n<p style=\"text-align: justify;\"><span style=\"font-family: arial,helvetica,sans-serif;\">&nbsp; b. Land Availability :&nbsp; 2000 ha</span></p>\n\n<p style=\"text-align: justify;\"><span style=\"font-family: arial,helvetica,sans-serif;\">&nbsp; c. Airport&nbsp; :&nbsp; Minangkabau&nbsp; International Airport (&plusmn; 120 Km)</span></p>\n\n<p style=\"text-align: justify;\"><span style=\"font-family: arial,helvetica,sans-serif;\">&nbsp; d. Harbour :&nbsp;&nbsp; Teluk Bayur Seaport (&plusmn; 140 Km)</span></p>\n\n<p style=\"text-align: justify;\"><span style=\"font-family: arial,helvetica,sans-serif;\">&nbsp; Supporting Factors&nbsp; :</span></p>\n\n<p style=\"text-align: justify;\"><span style=\"font-family: arial,helvetica,sans-serif;\">&nbsp;&nbsp; &nbsp;&nbsp; 1. Transportation means and facilities</span></p>\n\n<p style=\"text-align: justify;\"><span style=\"font-family: arial,helvetica,sans-serif;\">&nbsp;&nbsp;&nbsp;&nbsp;&nbsp; 2. Clean water, electricity, and&nbsp;&nbsp; communication facilities</span></p>\n\n<p style=\"text-align: justify;\"><span style=\"font-family: arial,helvetica,sans-serif;\">&nbsp;&nbsp;&nbsp;&nbsp;&nbsp; 3. Good quality of gambier (catacin 93, 64%, ash 2, 66 %)</span></p>\n\n<p style=\"text-align: justify;\"><span style=\"font-family: arial,helvetica,sans-serif;\">&nbsp;&nbsp;&nbsp;&nbsp;&nbsp; 4. Condusive land quality</span></p>\n\n<p style=\"text-align: justify;\"><span style=\"font-family: arial,helvetica,sans-serif;\">&nbsp;&nbsp;&nbsp;&nbsp;&nbsp; 5. Support and&nbsp; readiness of the society for the investment</span></p>\n\n<p style=\"text-align: justify;\">&nbsp;</p>\n\n<div style=\"text-align: justify;\">&nbsp;</div>\n</div>\n'),(17,'2017-08-30 07:19:08',NULL,1,5,'<p><strong>PERIZINAN ONLINE<br />\n1. IZIN MENDIRIKAN BANGUNAN (IMB)<br />\n2. IZIN GANGGUAN (HO)<br />\n3. IZIN SURAT IZIN USAHA PERDAGANGAN (SIUP)<br />\n4. IZIN TANDA DAFTAR PERUSAHAAN (TDP)<br />\n5. IZIN REKLAME</strong><br />\n<br />\n&nbsp;</p>'),(18,'2017-08-30 07:28:08',NULL,1,6,NULL);
/*!40000 ALTER TABLE `default_def_page_fields` ENABLE KEYS */;
UNLOCK TABLES;

--
-- Table structure for table `default_discussion`
--

DROP TABLE IF EXISTS `default_discussion`;
/*!40101 SET @saved_cs_client     = @@character_set_client */;
/*!40101 SET character_set_client = utf8 */;
CREATE TABLE `default_discussion` (
  `id` int(11) NOT NULL AUTO_INCREMENT,
  `order` int(11) DEFAULT NULL,
  `topic` varchar(500) COLLATE utf8_unicode_ci NOT NULL,
  `message_to` int(11) NOT NULL,
  `created_by` int(11) NOT NULL,
  `created` datetime DEFAULT NULL,
  PRIMARY KEY (`id`)
) ENGINE=MyISAM DEFAULT CHARSET=utf8 COLLATE=utf8_unicode_ci;
/*!40101 SET character_set_client = @saved_cs_client */;

--
-- Dumping data for table `default_discussion`
--

LOCK TABLES `default_discussion` WRITE;
/*!40000 ALTER TABLE `default_discussion` DISABLE KEYS */;
/*!40000 ALTER TABLE `default_discussion` ENABLE KEYS */;
UNLOCK TABLES;

--
-- Table structure for table `default_discussion_comment`
--

DROP TABLE IF EXISTS `default_discussion_comment`;
/*!40101 SET @saved_cs_client     = @@character_set_client */;
/*!40101 SET character_set_client = utf8 */;
CREATE TABLE `default_discussion_comment` (
  `id` int(11) NOT NULL AUTO_INCREMENT,
  `discussion_id` int(11) DEFAULT NULL,
  `comment` varchar(500) COLLATE utf8_unicode_ci NOT NULL,
  `created_by` int(11) NOT NULL,
  `created` datetime DEFAULT NULL,
  PRIMARY KEY (`id`)
) ENGINE=MyISAM DEFAULT CHARSET=utf8 COLLATE=utf8_unicode_ci;
/*!40101 SET character_set_client = @saved_cs_client */;

--
-- Dumping data for table `default_discussion_comment`
--

LOCK TABLES `default_discussion_comment` WRITE;
/*!40000 ALTER TABLE `default_discussion_comment` DISABLE KEYS */;
/*!40000 ALTER TABLE `default_discussion_comment` ENABLE KEYS */;
UNLOCK TABLES;

--
-- Table structure for table `default_email_templates`
--

DROP TABLE IF EXISTS `default_email_templates`;
/*!40101 SET @saved_cs_client     = @@character_set_client */;
/*!40101 SET character_set_client = utf8 */;
CREATE TABLE `default_email_templates` (
  `id` int(11) NOT NULL AUTO_INCREMENT,
  `slug` varchar(100) COLLATE utf8_unicode_ci NOT NULL,
  `name` varchar(100) COLLATE utf8_unicode_ci NOT NULL,
  `description` varchar(255) COLLATE utf8_unicode_ci NOT NULL,
  `subject` varchar(255) COLLATE utf8_unicode_ci NOT NULL,
  `body` text COLLATE utf8_unicode_ci NOT NULL,
  `lang` varchar(2) COLLATE utf8_unicode_ci DEFAULT NULL,
  `is_default` int(1) NOT NULL DEFAULT '0',
  `module` varchar(50) COLLATE utf8_unicode_ci NOT NULL DEFAULT '',
  PRIMARY KEY (`id`),
  UNIQUE KEY `slug_lang` (`slug`,`lang`)
) ENGINE=InnoDB AUTO_INCREMENT=7 DEFAULT CHARSET=utf8 COLLATE=utf8_unicode_ci;
/*!40101 SET character_set_client = @saved_cs_client */;

--
-- Dumping data for table `default_email_templates`
--

LOCK TABLES `default_email_templates` WRITE;
/*!40000 ALTER TABLE `default_email_templates` DISABLE KEYS */;
INSERT INTO `default_email_templates` VALUES (1,'comments','Comment Notification','Email that is sent to admin when someone creates a comment','You have just received a comment from {{ name }}','<h3>You have received a comment from {{ name }}</h3>\n				<p>\n				<strong>IP Address: {{ sender_ip }}</strong><br/>\n				<strong>Operating System: {{ sender_os }}<br/>\n				<strong>User Agent: {{ sender_agent }}</strong>\n				</p>\n				<p>{{ comment }}</p>\n				<p>View Comment: {{ redirect_url }}</p>','en',1,'comments'),(2,'contact','Contact Notification','Template for the contact form','{{ settings:site_name }} :: {{ subject }}','This message was sent via the contact form on with the following details:\n				<hr />\n				IP Address: {{ sender_ip }}\n				OS {{ sender_os }}\n				Agent {{ sender_agent }}\n				<hr />\n				{{ message }}\n\n				{{ name }},\n				\n				{{ email }}','en',1,'pages'),(3,'registered','New User Registered','Email sent to the site contact e-mail when a new user registers','{{ settings:site_name }} :: You have just received a registration from {{ name }}','<h3>You have received a registration from {{ name }}</h3>\n				<p><strong>IP Address: {{ sender_ip }}</strong><br/>\n				<strong>Operating System: {{ sender_os }}</strong><br/>\n				<strong>User Agent: {{ sender_agent }}</strong>\n				</p>','en',1,'users'),(4,'activation','Activation Email','The email which contains the activation code that is sent to a new user','{{ settings:site_name }} - Account Activation','<p>Hello {{ user:first_name }},</p>\n				<p>Thank you for registering at {{ settings:site_name }}. Before we can activate your account, please complete the registration process by clicking on the following link:</p>\n				<p><a href=\"{{ url:site }}users/activate/{{ user:id }}/{{ activation_code }}\">{{ url:site }}users/activate/{{ user:id }}/{{ activation_code }}</a></p>\n				<p>&nbsp;</p>\n				<p>In case your email program does not recognize the above link as, please direct your browser to the following URL and enter the activation code:</p>\n				<p><a href=\"{{ url:site }}users/activate\">{{ url:site }}users/activate</a></p>\n				<p><strong>Activation Code:</strong> {{ activation_code }}</p>','en',1,'users'),(5,'forgotten_password','Forgotten Password Email','The email that is sent containing a password reset code','{{ settings:site_name }} - Forgotten Password','<p>Hello {{ user:first_name }},</p>\n				<p>It seems you have requested a password reset. Please click this link to complete the reset: <a href=\"{{ url:site }}users/reset_pass/{{ user:forgotten_password_code }}\">{{ url:site }}users/reset_pass/{{ user:forgotten_password_code }}</a></p>\n				<p>If you did not request a password reset please disregard this message. No further action is necessary.</p>','en',1,'users'),(6,'new_password','New Password Email','After a password is reset this email is sent containing the new password','{{ settings:site_name }} - New Password','<p>Hello {{ user:first_name }},</p>\n				<p>Your new password is: {{ new_password }}</p>\n				<p>After logging in you may change your password by visiting <a href=\"{{ url:site }}edit-profile\">{{ url:site }}edit-profile</a></p>','en',1,'users');
/*!40000 ALTER TABLE `default_email_templates` ENABLE KEYS */;
UNLOCK TABLES;

--
-- Table structure for table `default_file_folders`
--

DROP TABLE IF EXISTS `default_file_folders`;
/*!40101 SET @saved_cs_client     = @@character_set_client */;
/*!40101 SET character_set_client = utf8 */;
CREATE TABLE `default_file_folders` (
  `id` int(11) NOT NULL AUTO_INCREMENT,
  `parent_id` int(11) DEFAULT '0',
  `slug` varchar(100) COLLATE utf8_unicode_ci NOT NULL,
  `name` varchar(100) COLLATE utf8_unicode_ci NOT NULL,
  `location` varchar(20) COLLATE utf8_unicode_ci NOT NULL DEFAULT 'local',
  `remote_container` varchar(100) COLLATE utf8_unicode_ci NOT NULL DEFAULT '',
  `date_added` int(11) NOT NULL,
  `sort` int(11) NOT NULL DEFAULT '0',
  `hidden` tinyint(1) NOT NULL DEFAULT '0',
  PRIMARY KEY (`id`)
) ENGINE=InnoDB AUTO_INCREMENT=44 DEFAULT CHARSET=utf8 COLLATE=utf8_unicode_ci;
/*!40101 SET character_set_client = @saved_cs_client */;

--
-- Dumping data for table `default_file_folders`
--

LOCK TABLES `default_file_folders` WRITE;
/*!40000 ALTER TABLE `default_file_folders` DISABLE KEYS */;
INSERT INTO `default_file_folders` VALUES (12,0,'info-publik','Info Publik','local','',1393167312,1393167312,0),(13,0,'gallery','gallery','local','',1393700307,1393700307,0),(14,0,'pegawai','pegawai','local','',1393761168,1393761168,0),(15,0,'sliders-module','Sliders Module','local','',1393761478,0,0),(19,0,'general','general','local','',1393780103,1393780103,0),(24,0,'daftar-layanan','daftar_layanan','local','',1393949435,1393949435,0),(25,0,'dasar-hukum','dasar_hukum','local','',1393977920,1393977920,0),(26,0,'minimalistic-slideshow','minimalistic_slideshow','local','',1395074933,1395074933,0),(27,0,'daftar-layanan-1','daftar_layanan-1','local','',1397353118,1397353118,0),(31,0,'portal-theme','portal_theme','local','',1440815688,1440815688,0),(32,0,'portal-theme-1','portal_theme-1','local','',1442121119,1442121119,0),(33,0,'portal-theme-2','portal_theme-2','local','',1442121149,1442121149,0),(38,0,'folder-baru','Folder Baru','local','',1498740065,1498740065,0),(43,15,'banner','banner','local','',1502330180,1502330180,0);
/*!40000 ALTER TABLE `default_file_folders` ENABLE KEYS */;
UNLOCK TABLES;

--
-- Table structure for table `default_files`
--

DROP TABLE IF EXISTS `default_files`;
/*!40101 SET @saved_cs_client     = @@character_set_client */;
/*!40101 SET character_set_client = utf8 */;
CREATE TABLE `default_files` (
  `id` char(15) COLLATE utf8_unicode_ci NOT NULL,
  `folder_id` int(11) NOT NULL DEFAULT '0',
  `user_id` int(11) NOT NULL DEFAULT '1',
  `type` enum('a','v','d','i','o') COLLATE utf8_unicode_ci DEFAULT NULL,
  `name` varchar(100) COLLATE utf8_unicode_ci NOT NULL,
  `filename` varchar(255) COLLATE utf8_unicode_ci NOT NULL,
  `path` varchar(255) COLLATE utf8_unicode_ci NOT NULL DEFAULT '',
  `description` text COLLATE utf8_unicode_ci NOT NULL,
  `extension` varchar(10) COLLATE utf8_unicode_ci NOT NULL,
  `mimetype` varchar(100) COLLATE utf8_unicode_ci NOT NULL,
  `keywords` char(32) COLLATE utf8_unicode_ci NOT NULL DEFAULT '',
  `width` int(5) DEFAULT NULL,
  `height` int(5) DEFAULT NULL,
  `filesize` int(11) NOT NULL DEFAULT '0',
  `alt_attribute` varchar(255) COLLATE utf8_unicode_ci DEFAULT NULL,
  `download_count` int(11) NOT NULL DEFAULT '0',
  `date_added` int(11) NOT NULL DEFAULT '0',
  `sort` int(11) NOT NULL DEFAULT '0',
  PRIMARY KEY (`id`)
) ENGINE=InnoDB DEFAULT CHARSET=utf8 COLLATE=utf8_unicode_ci;
/*!40101 SET character_set_client = @saved_cs_client */;

--
-- Dumping data for table `default_files`
--

LOCK TABLES `default_files` WRITE;
/*!40000 ALTER TABLE `default_files` DISABLE KEYS */;
INSERT INTO `default_files` VALUES ('010faa83784b763',13,1,'i','img_1772.jpg','ba16b4f16481769d879183d7af53d4af.jpg','{{ url:site }}files/large/ba16b4f16481769d879183d7af53d4af.jpg','','.jpg','image/jpeg','',2000,1500,854,'',0,1501217234,0),('01473a5fcb42ca6',14,1,'i','img_1766.jpg','84644f6953cb57b2483ad7e024e9ddbe.jpg','{{ url:site }}files/large/84644f6953cb57b2483ad7e024e9ddbe.jpg','','.jpg','image/jpeg','',580,776,66,'',0,1501214920,0),('03018eb47eac36e',13,1,'i','index.png','58e101d45d4e00451f64dea9f2d39a9b.png','{{ url:site }}files/large/58e101d45d4e00451f64dea9f2d39a9b.png','','.png','image/png','',100,70,14,'',1,1501177259,0),('05d1343d6ee3138',13,1,'i','20170511_162811.jpg','9f789e9640ab042f33fb0e8a7b65586d.jpg','{{ url:site }}files/large/9f789e9640ab042f33fb0e8a7b65586d.jpg','','.jpg','image/jpeg','',2000,1500,862,'',0,1501215691,0),('0ae4f38677074b1',14,1,'i','img_1753.jpg','3fdc49a387b4bb4a7ce23b85041fb85b.jpg','{{ url:site }}files/large/3fdc49a387b4bb4a7ce23b85041fb85b.jpg','','.jpg','image/jpeg','',624,792,66,'',0,1502675975,0),('0b5e5b1ca29bff0',13,1,'i','dsc_0287.jpg','21ba6e7ad9c121c2b423480e51da2d24.jpg','{{ url:site }}files/large/21ba6e7ad9c121c2b423480e51da2d24.jpg','','.jpg','image/jpeg','',2000,1329,1054,'',0,1501216794,0),('0e7bd4f0138afd3',14,1,'i','img_1759.jpg','9a01476075dcefb20e4815662172d5e0.jpg','{{ url:site }}files/large/9a01476075dcefb20e4815662172d5e0.jpg','','.jpg','image/jpeg','',1808,2208,588,'',0,1501215216,0),('10cae87ca1d8c2e',24,1,'d','permohonan-perubahan-ho.doc','b0708565c1f3844670b393c469ec26d1.doc','{{ url:site }}files/download/10cae87ca1d8c2e','','.doc','application/msword','',0,0,36,'',0,1498725560,0),('12f6542cd6a3134',12,1,'i','dsc_0039.jpg','4b4a15f9860be670a55e53dbd90d7237.jpg','{{ url:site }}files/large/4b4a15f9860be670a55e53dbd90d7237.jpg','','.jpg','image/jpeg','',2000,1329,868,'',0,1498734439,0),('13059b42ddea5ef',12,1,'i','img_2853.jpg','1e35f28b56d17e25c36a45b92d8ff927.jpg','{{ url:site }}files/large/1e35f28b56d17e25c36a45b92d8ff927.jpg','','.jpg','image/jpeg','',1040,780,155,'',0,1509004656,0),('1350cd129bd162d',25,1,'d','JENIS JENIS PERIZINAN.docx','27ef04bf230650135e983725d217f364.docx','{{ url:site }}files/download/1350cd129bd162d','','.docx','application/zip','',0,0,17,'undefined',2,1498736990,0),('1354260aabbf805',25,1,'d','1ffce804712b4a653ed5ec59beb4def215f157f79.pdf','c19b9af215a3c1f53c84028344c6f421.pdf','{{ url:site }}files/download/1354260aabbf805','','.pdf','application/pdf','',0,0,44,'',0,1498032873,0),('15eaf8b29755107',26,1,'i','unnamed.jpg','12bfc33e70fcafcf9347afac9db23f1f.jpg','{{ url:site }}files/large/12bfc33e70fcafcf9347afac9db23f1f.jpg','','.jpg','image/jpeg','',639,836,96,'',1,1503462278,1),('169b99f2617d490',14,1,'i','img_1719.jpg','535a309c43f6a248e50f4ee58c1eaa58.jpg','{{ url:site }}files/large/535a309c43f6a248e50f4ee58c1eaa58.jpg','','.jpg','image/jpeg','',644,788,95,'',0,1501214625,0),('1af11acd18dd08e',13,1,'i','dsc_0024.jpg','ce5d3c202285e7053d32bf9108a5b1ab.jpg','{{ url:site }}files/large/ce5d3c202285e7053d32bf9108a5b1ab.jpg','','.jpg','image/jpeg','',2000,1329,815,'',0,1501216172,0),('1b217d60e9627e8',13,1,'i','img_2121.jpg','5bb49281f7c5e6321a7535a375a7b7ee.jpg','{{ url:site }}files/large/5bb49281f7c5e6321a7535a375a7b7ee.jpg','','.jpg','image/jpeg','',1000,1333,656,'',0,1503300260,0),('1cdfd6f5c4374d2',12,1,'i','img_2371.jpg','84d2ab51ddd09a85d5d97525b57d226e.jpg','{{ url:site }}files/large/84d2ab51ddd09a85d5d97525b57d226e.jpg','','.jpg','image/jpeg','',3264,2448,1826,'',0,1504837600,0),('1ce3396fc826f97',14,1,'i','img_1740.jpg','7d2d4a9eb9fce937486a730d2e5f2113.jpg','{{ url:site }}files/large/7d2d4a9eb9fce937486a730d2e5f2113.jpg','','.jpg','image/jpeg','',712,872,86,'',0,1501214714,0),('1ffe4f5cf589c06',12,1,'i','DSC_0365.JPG','61b5a533a77d75ca46695d96ba19486a.jpg','{{ url:site }}files/large/61b5a533a77d75ca46695d96ba19486a.jpg','','.jpg','image/jpeg','',3008,2000,1776,'',0,1498732817,0),('20d87f3d7ea7b6e',9,1,'d','02.02__.menkes__.148__.i__.2010__.pdf','1afcaa330c3b2f4b45422e106674dd43.pdf','{{ url:site }}files/download/20d87f3d7ea7b6e','','.pdf','application/pdf','',0,0,612,'',0,1393152314,0),('21937469dc94264',13,1,'i','img_2848.jpg','3ddc851cf6dda2b1117be8792d074fb5.jpg','{{ url:site }}files/large/3ddc851cf6dda2b1117be8792d074fb5.jpg','','.jpg','image/jpeg','',1040,780,183,'',0,1509004354,0),('21c390a5220d82d',24,1,'d','permohonan-iup-p.docx','72911dd4cd1787aaee698409e9e244cb.docx','{{ url:site }}files/download/21c390a5220d82d','','.docx','application/zip','',0,0,17,'',2,1498727598,0),('236148c4f3e42cb',13,1,'i','pot 1.jpg','e9288778b6c73c422fa06cb735be77b7.jpg','{{ url:site }}files/large/e9288778b6c73c422fa06cb735be77b7.jpg','','.jpg','image/jpeg','',960,720,272,'',0,1501174666,0),('25448e1319e9d20',14,1,'i','img_1716.jpg','b972154fc12e505540f62ceb691ae395.jpg','{{ url:site }}files/large/b972154fc12e505540f62ceb691ae395.jpg','','.jpg','image/jpeg','',700,952,95,'',0,1502676356,0),('26a8588fb5c5cfc',13,1,'i','img_2219.jpg','ec921f8187ce5a7f5b5ebb607d0323c8.jpg','{{ url:site }}files/large/ec921f8187ce5a7f5b5ebb607d0323c8.jpg','','.jpg','image/jpeg','',1052,780,112,'',0,1504160957,0),('2b682d01ef450da',24,1,'d','surat-permohonan-imb.docx','f23396bb414b5db1d39a39dd8d87be2a.docx','{{ url:site }}files/download/2b682d01ef450da','','.docx','application/zip','',0,0,19,'',7,1498726713,0),('2ca3b0a0abc8276',24,1,'d','permohonan-siup.doc','e26ad655d336f6ff1dcff80a2d7e340a.doc','{{ url:site }}files/download/2ca3b0a0abc8276','','.doc','application/msword','',0,0,35,'',1,1502765144,0),('2e9edc2ee11a020',13,1,'i','dsc_0332.jpg','91e1852ca6accdac4f774f70aaf9b54b.jpg','{{ url:site }}files/large/91e1852ca6accdac4f774f70aaf9b54b.jpg','','.jpg','image/jpeg','',2000,1329,807,'',0,1501216845,0),('30b258dda3bc4dc',31,1,'i','logo-portal-trans.png','0f081414d6462ff5e0c49d1da96d26d0.png','{{ url:site }}files/large/0f081414d6462ff5e0c49d1da96d26d0.png','','.png','image/png','',360,80,20,'',0,1501170764,0),('311f7c0ad261c9f',13,1,'i','dsc_0394-800x445.jpg','b496705ed7c9d6814da4fa5dc1fefd9d.jpg','{{ url:site }}files/large/b496705ed7c9d6814da4fa5dc1fefd9d.jpg','','.jpg','image/jpeg','',2000,1112,413,'',0,1501216432,0),('350583654e68b4f',9,1,'i','desert.jpg','7c3a940f3285244b2be94f1c729d826c.jpg','{{ url:site }}files/large/7c3a940f3285244b2be94f1c729d826c.jpg','','.jpg','image/jpeg','',1024,768,826,'',0,1393774519,0),('3848e9df38b3de7',14,1,'i','img_1745.jpg','d11e93a6539c7ad0c67e94e6db1aea2a.jpg','{{ url:site }}files/large/d11e93a6539c7ad0c67e94e6db1aea2a.jpg','','.jpg','image/jpeg','',392,464,32,'',0,1499305931,0),('3a62fc6e1faa7d0',13,1,'i','20170512_132923.jpg','79bb8af353646ac6dc1299f3381b244b.jpg','{{ url:site }}files/large/79bb8af353646ac6dc1299f3381b244b.jpg','','.jpg','image/jpeg','',2000,2080,1426,'',0,1501215770,0),('3b80cfc37a0d39a',13,1,'i','customlogo8969769.gif','61527cf44e87404749010a5fe6a8436c.gif','{{ url:site }}files/large/61527cf44e87404749010a5fe6a8436c.gif','','.gif','image/gif','',298,256,45,'',2,1503564431,0),('3cafcbab2084c02',25,1,'d','retribusi-perizinan-tertentu.pdf','9b74c06d7c9b8b74f6e076ce2ba59938.pdf','{{ url:site }}files/download/3cafcbab2084c02','','.pdf','application/pdf','',0,0,239,'',0,1498716636,0),('401d96611d05941',13,1,'i','img20170515113848.jpg','ac987a26d2989fddbd8394a748ecdf6d.jpg','{{ url:site }}files/large/ac987a26d2989fddbd8394a748ecdf6d.jpg','','.jpg','image/jpeg','',2000,1127,671,'',0,1501215954,0),('4074da0b94967bd',12,1,'i','img_2219.jpg','4a3ec997ce5c1b3cb854ed8b1f379bfb.jpg','{{ url:site }}files/large/4a3ec997ce5c1b3cb854ed8b1f379bfb.jpg','','.jpg','image/jpeg','',1052,780,112,'',0,1504161245,0),('459671eb1ab6fe3',14,1,'i','img_1744.jpg','948160cab63d9b69e63d70dca94c33cc.jpg','{{ url:site }}files/large/948160cab63d9b69e63d70dca94c33cc.jpg','','.jpg','image/jpeg','',544,456,38,'',0,1501214188,0),('4654e33f2ae1004',12,1,'i','img_2187.jpg','994879d7d5d5c6c7c74c10981cb1360e.jpg','{{ url:site }}files/large/994879d7d5d5c6c7c74c10981cb1360e.jpg','','.jpg','image/jpeg','',1000,748,247,'',0,1503366141,0),('4677d97aae7d676',13,1,'i','IMG_20170524_213817_HDR.jpg','8158540cc061347a2297f4a2c7f6b7c2.jpg','{{ url:site }}files/large/8158540cc061347a2297f4a2c7f6b7c2.jpg','','.jpg','image/jpeg','',4608,3456,1277,'',0,1501174633,0),('481e9955cb2e902',14,1,'i','img_1752.jpg','88d2f52dc57c9b9654f58e990a83809d.jpg','{{ url:site }}files/large/88d2f52dc57c9b9654f58e990a83809d.jpg','','.jpg','image/jpeg','',576,864,70,'',0,1502675587,0),('4888600bd729a83',13,1,'i','dsc_0234.jpg','79319db0b7bac44602f337540e6357ab.jpg','{{ url:site }}files/large/79319db0b7bac44602f337540e6357ab.jpg','','.jpg','image/jpeg','',2000,1329,808,'',0,1501216701,0),('4dada0c38dfc86d',13,1,'i','dsc_0192.jpg','821f98dd9f9552cd964d9073676f9547.jpg','{{ url:site }}files/large/821f98dd9f9552cd964d9073676f9547.jpg','','.jpg','image/jpeg','',2000,1329,891,'',0,1501216675,0),('4f39769c999a4a0',13,1,'i','dsc_0039(1).jpg','30c33e82d8b74ffaaecad0283aebd72b.jpg','{{ url:site }}files/large/30c33e82d8b74ffaaecad0283aebd72b.jpg','','.jpg','image/jpeg','',800,336,148,'',0,1501174501,0),('5104191276dd59d',14,1,'i','penguins.jpg','b7013bac6e179cea2898ed81c2175243.jpg','{{ url:site }}files/large/b7013bac6e179cea2898ed81c2175243.jpg','','.jpg','image/jpeg','',1024,768,760,'',0,1397352525,0),('5249a7abeb4d198',25,1,'d','perbup07_2007.pdf','22cbbdf8814107ae5218f7261c93f1c9.pdf','{{ url:site }}files/download/5249a7abeb4d198','','.pdf','application/pdf','',0,0,18,'',0,1503473246,0),('542220b5aab9739',24,1,'d','surat-permohonan-imb-perumahan.docx','2a86772987b4fe1ce618bb3a52130482.docx','{{ url:site }}files/download/542220b5aab9739','','.docx','application/zip','',0,0,21,'',1,1498726509,0),('564a4b5a8e14248',13,1,'i','index.png','18f397101c9c9e7914237d79eba06a9e.png','{{ url:site }}files/large/18f397101c9c9e7914237d79eba06a9e.png','','.png','image/png','',100,70,14,'',0,1501177146,0),('5917bbbb2ae47b4',24,1,'d','permohonan-reklame.docx','7d189bf16ba95d2a1ac5d1afa4066ef8.docx','{{ url:site }}files/download/5917bbbb2ae47b4','','.docx','application/zip','',0,0,14,'',0,1498727008,0),('594a13aa2939b00',12,1,'i','DSC_0192.JPG','20a42329a201665b246304e0a37653ff.jpg','{{ url:site }}files/large/20a42329a201665b246304e0a37653ff.jpg','','.jpg','image/jpeg','',3008,2000,1762,'',0,1498732776,0),('5a66a3edabc14f1',13,1,'i','img20170515110023.jpg','50f11a75d3a5809c4873e95e99eab00b.jpg','{{ url:site }}files/large/50f11a75d3a5809c4873e95e99eab00b.jpg','','.jpg','image/jpeg','',2000,1127,466,'',0,1501215845,0),('5af1d41e68a109e',13,1,'i','img_2262.jpg','6dffd6ddccc2f99a2f550b2ccf174d1a.jpg','{{ url:site }}files/large/6dffd6ddccc2f99a2f550b2ccf174d1a.jpg','','.jpg','image/jpeg','',3264,2448,1466,'',0,1504835942,0),('5e9bc9a27753c24',14,1,'i','img_1743.jpg','b667ab20df8b65ead42573dfdd769e15.jpg','{{ url:site }}files/large/b667ab20df8b65ead42573dfdd769e15.jpg','','.jpg','image/jpeg','',504,816,81,'',0,1501213977,0),('5ed08344c92deae',14,1,'i','img_1746.jpg','8b4542147a8b5a1a67f9e54e6e566986.jpg','{{ url:site }}files/large/8b4542147a8b5a1a67f9e54e6e566986.jpg','','.jpg','image/jpeg','',472,488,37,'',0,1501214426,0),('6020afceacea606',31,1,'i','logo-footer-126x36.png','3526ce949ded2712c2277df9229f2bfa.png','{{ url:site }}files/large/3526ce949ded2712c2277df9229f2bfa.png','','.png','image/png','',126,36,10,'',0,1501170721,0),('6074d91564ceeb6',13,1,'i','img20170515120746.jpg','461f89cb9a77e0442c79da3ac6a6396b.jpg','{{ url:site }}files/large/461f89cb9a77e0442c79da3ac6a6396b.jpg','','.jpg','image/jpeg','',2000,1127,474,'',0,1501215898,0),('60fafaa2acc05a3',12,1,'i','DSC_0449.JPG','0af48de19287e1b50c1a4c1d95b2a5c2.jpg','{{ url:site }}files/large/0af48de19287e1b50c1a4c1d95b2a5c2.jpg','','.jpg','image/jpeg','',3008,2000,1784,'',0,1498732840,0),('6198c9bb2fc2b18',13,1,'i','img_2346.jpg','9346f762a887c3d52416c44babd959ca.jpg','{{ url:site }}files/large/9346f762a887c3d52416c44babd959ca.jpg','','.jpg','image/jpeg','',3264,2448,1702,'',0,1504836454,0),('62241ac4f5b8318',13,1,'i','IMG_20170524_224255_HDR.jpg','ed74f29a0fa6a8261914bf9c468387c3.jpg','{{ url:site }}files/large/ed74f29a0fa6a8261914bf9c468387c3.jpg','','.jpg','image/jpeg','',4608,3456,1189,'',0,1501174648,0),('636852a5d8bc728',13,1,'i','dsc_0057.jpg','7c759067006846272c1ab77b1e7162e7.jpg','{{ url:site }}files/large/7c759067006846272c1ab77b1e7162e7.jpg','','.jpg','image/jpeg','',2000,1329,777,'',0,1501216388,0),('63e3dfd6f394081',13,1,'i','img_20170524_215310_hdr.jpg','d0c50a183d7360ab19b710e8fc39c6df.jpg','{{ url:site }}files/large/d0c50a183d7360ab19b710e8fc39c6df.jpg','','.jpg','image/jpeg','',2000,1500,640,'',0,1501216526,0),('655cec415acfbe7',25,1,'d','perbupkaro23_2015.pdf','61cb0390424d19546620e928ce59187c.pdf','{{ url:site }}files/download/655cec415acfbe7','','.pdf','application/pdf','',0,0,39,'',0,1503473366,0),('676bbfca3e448d5',14,1,'i','img_1739.jpg','f8654de2e855e1ae03881af1cf584b7c.jpg','{{ url:site }}files/large/f8654de2e855e1ae03881af1cf584b7c.jpg','','.jpg','image/jpeg','',728,816,76,'',0,1501214531,0),('6797d8e81530d36',14,1,'i','img_1728.jpg','c4e3a65979de3c78b430e1746aa22445.jpg','{{ url:site }}files/large/c4e3a65979de3c78b430e1746aa22445.jpg','','.jpg','image/jpeg','',604,708,96,'',0,1501214018,0),('67f9fb1471a38db',13,1,'i','img_1781.jpg','82a290ae64e0c4db3cfed49576496b59.jpg','{{ url:site }}files/large/82a290ae64e0c4db3cfed49576496b59.jpg','','.jpg','image/jpeg','',2000,1333,723,'',0,1501217327,0),('68e7eed63a24e90',25,1,'d','permen_no.27-2009_.pdf','7eb628a211c557c4ec535cf42c756581.pdf','{{ url:site }}files/download/68e7eed63a24e90','','.pdf','application/pdf','',0,0,23,'',3,1498034878,0),('69a0145f5a6ede0',25,1,'d','penyelenggaraan-usaha-warung-internet.pdf','155917368442df0d9f2ecdd87872bb2e.pdf','{{ url:site }}files/download/69a0145f5a6ede0','','.pdf','application/pdf','',0,0,1467,'',1,1498714857,0),('6b6dc2d355fb511',13,1,'i','img_2251.jpg','cde12dfb5acb80c57230f3c5a171091d.jpg','{{ url:site }}files/large/cde12dfb5acb80c57230f3c5a171091d.jpg','','.jpg','image/jpeg','',3264,2448,1870,'',0,1504835272,0),('6ebadb97319107e',13,1,'i','20170511_181514.jpg','6c8e8dda081f9f16cac00734a05e1675.jpg','{{ url:site }}files/large/6c8e8dda081f9f16cac00734a05e1675.jpg','','.jpg','image/jpeg','',2000,2020,1278,'',0,1501215740,0),('7068891349b49ee',25,1,'d','pajak-reklame.pdf','5f72114b19e38679a5f8c64daa909255.pdf','{{ url:site }}files/download/7068891349b49ee','','.pdf','application/pdf','',0,0,51,'',0,1498716216,0),('7157a70633cc461',13,1,'i','img_2119.jpg','e1282486cd5a92e63414946ee870f095.jpg','{{ url:site }}files/large/e1282486cd5a92e63414946ee870f095.jpg','','.jpg','image/jpeg','',1000,750,337,'',0,1503300198,0),('7162d2702464a91',13,1,'i','dsc_0125.jpg','a49d428afe4a6d1bc2ec0271f8ad140a.jpg','{{ url:site }}files/large/a49d428afe4a6d1bc2ec0271f8ad140a.jpg','','.jpg','image/jpeg','',2000,1329,934,'',0,1501216050,0),('7173e5a9453ff26',13,1,'i','dsc_0372.jpg','48bbf27c2f47cb35fb7d17afbb430107.jpg','{{ url:site }}files/large/48bbf27c2f47cb35fb7d17afbb430107.jpg','','.jpg','image/jpeg','',2000,1329,753,'',0,1501216987,0),('71abe69f4508542',13,1,'i','index.png','8e4a742140694e6717f151f1673a78bc.png','{{ url:site }}files/large/8e4a742140694e6717f151f1673a78bc.png','','.png','image/png','',100,70,14,'',0,1501177066,0),('71c685884fe6428',26,1,'i','wakil merah 2.jpg','a39cbae0f4c8083d078e67dd2ac34545.jpg','{{ url:site }}files/large/a39cbae0f4c8083d078e67dd2ac34545.jpg','','.jpg','image/jpeg','',299,448,65,'',0,1501171562,3),('7341ded38870114',25,1,'d','ketent-pel-perda-no-7-tahun-2006-tentang-retribusi-perizinan-mendirikan-bangunan.pdf','abdb8f95891421ace4bb9090fd31c210.pdf','{{ url:site }}files/download/7341ded38870114','','.pdf','application/pdf','',0,0,18,'',1,1498717586,0),('763a692edc8108e',13,1,'i','DSC_0159.JPG','161072ff0925193e7536fa713e901a3d.jpg','{{ url:site }}files/large/161072ff0925193e7536fa713e901a3d.jpg','','.jpg','image/jpeg','',960,720,271,'',0,1501174629,0),('77e3a6d8ae7869e',13,1,'i','dsc_0415.jpg','58d89fb9b15398337a17bedf0a1de632.jpg','{{ url:site }}files/large/58d89fb9b15398337a17bedf0a1de632.jpg','','.jpg','image/jpeg','',2000,1329,880,'',0,1501217128,0),('7814b50e3c24f9b',14,1,'i','img_1741.jpg','685a09f475264cbd9c67a80ce328bf8e.jpg','{{ url:site }}files/large/685a09f475264cbd9c67a80ce328bf8e.jpg','','.jpg','image/jpeg','',456,608,44,'',0,1501214324,0),('7a21a32f070b215',14,1,'i','img_1594.jpg','c2b7883ca8445d31d82d02ced600f40d.jpg','{{ url:site }}files/large/c2b7883ca8445d31d82d02ced600f40d.jpg','','.jpg','image/jpeg','',1584,2448,605,'',0,1501214117,0),('7b2952dd4b0cb6f',13,1,'i','dsc_0183.jpg','6e8c14fb9f3905e47e93191d33f5269b.jpg','{{ url:site }}files/large/6e8c14fb9f3905e47e93191d33f5269b.jpg','','.jpg','image/jpeg','',2000,1329,845,'',0,1501216648,0),('7b909e9ad1fa9ee',24,1,'d','permohonan-reklame-perpanjangan.docx','78276e4cdd295c5e2b1b0cb952aebe25.docx','{{ url:site }}files/download/7b909e9ad1fa9ee','','.docx','application/zip','',0,0,14,'',0,1498727034,0),('7cc93abf74327fb',13,1,'i','img_2257.jpg','fd935183b4332822f9441aed39b664aa.jpg','{{ url:site }}files/large/fd935183b4332822f9441aed39b664aa.jpg','','.jpg','image/jpeg','',3264,2448,1361,'',0,1504835809,0),('7e079208a19474d',38,1,'d','Bagan Organisasi dan Tatakerja.xlsx','036aa63436930000e65ace534535930c.xlsx','{{ url:site }}files/download/7e079208a19474d','','.xlsx','application/zip','',0,0,14,'undefined',9,1498740106,0),('7f1abbf3bc4cd6c',19,1,'i','index.png','305b421699e4bd1262dd006d33ff55ba.png','{{ url:site }}files/large/305b421699e4bd1262dd006d33ff55ba.png','','.png','image/png','',100,70,14,'',0,1501177017,0),('8031afc91396b5a',13,1,'i','dsc_0039.jpg','09574c38cc064ec16e80af548590d7a2.jpg','{{ url:site }}files/large/09574c38cc064ec16e80af548590d7a2.jpg','','.jpg','image/jpeg','',2000,1329,868,'',0,1501216343,0),('80c1d6b503f4d29',9,1,'d','17102012082215perbub_nomor_26_tahun_2012.pdf','646f292d21d94f949ed7aa4af95efa9e.pdf','{{ url:site }}files/download/80c1d6b503f4d29','','.pdf','application/pdf','',0,0,299,'',0,1393152466,0),('80faa69af446f2b',13,1,'i','dsc_0406.jpg','64a5960618df99d25c0eb1677b9e5146.jpg','{{ url:site }}files/large/64a5960618df99d25c0eb1677b9e5146.jpg','','.jpg','image/jpeg','',2000,1329,942,'',0,1501217046,0),('813bc4adeb4ba4c',24,1,'d','surat-permohonan-imb-rumah-ibadah.docx','65b08e05135ef9c872ad9c12b3ae18a8.docx','{{ url:site }}files/download/813bc4adeb4ba4c','','.docx','application/zip','',0,0,21,'',3,1498726548,0),('827d799cbc62aca',13,1,'i','img_2339.jpg','d44264415c153faf0ff1b529ed2548a5.jpg','{{ url:site }}files/large/d44264415c153faf0ff1b529ed2548a5.jpg','','.jpg','image/jpeg','',3264,2448,1344,'',0,1504836320,0),('851271b6aa8b83b',13,1,'i','dsc_0371.jpg','b28ea8a52dd1ff21ce4c9f215a2ec849.jpg','{{ url:site }}files/large/b28ea8a52dd1ff21ce4c9f215a2ec849.jpg','','.jpg','image/jpeg','',2000,1329,829,'',0,1501216956,0),('85a195728c175b7',14,1,'i','img_1747.jpg','741cbff15b7b3b347abd96d5b867813c.jpg','{{ url:site }}files/large/741cbff15b7b3b347abd96d5b867813c.jpg','','.jpg','image/jpeg','',824,992,102,'',0,1501214052,0),('86ce8742b2d6b84',12,1,'i','festival-buah-dan-bunga.jpg','9df99dc50bb2c626505f3806367148e5.jpg','{{ url:site }}files/large/9df99dc50bb2c626505f3806367148e5.jpg','','.jpg','image/jpeg','',2000,1500,854,'',0,1502700499,0),('88b20afd55aa405',13,1,'i','img_2326.jpg','474958e2e5432200dd3439dc3b76bcb7.jpg','{{ url:site }}files/large/474958e2e5432200dd3439dc3b76bcb7.jpg','','.jpg','image/jpeg','',3264,2448,1530,'',0,1504836200,0),('8afed0b00745cca',24,1,'d','permohonan-ho-perpanjangan.doc','09a7effbfe267e69a62161aa4d311ce0.doc','{{ url:site }}files/download/8afed0b00745cca','','.doc','application/msword','',0,0,41,'',0,1498725521,0),('8bcd3dca706c771',13,1,'i','20170511_162811.jpg','d1e426b60e8f7d691f0986366f890a03.jpg','{{ url:site }}files/large/d1e426b60e8f7d691f0986366f890a03.jpg','','.jpg','image/jpeg','',800,336,129,'',0,1501174530,0),('8d8335f470990f7',14,1,'i','img_1718.jpg','e8281e66a23e2f85ff4829b60041792c.jpg','{{ url:site }}files/large/e8281e66a23e2f85ff4829b60041792c.jpg','','.jpg','image/jpeg','',604,928,114,'',0,1501214820,0),('8e0c77cd0721dda',13,1,'i','img_2354.jpg','e60bcf13d1ecba57a7b3793f3c5be8b1.jpg','{{ url:site }}files/large/e60bcf13d1ecba57a7b3793f3c5be8b1.jpg','','.jpg','image/jpeg','',3264,2448,1539,'',0,1504836594,0),('921e37364351999',14,1,'i','img_1583.jpg','7a232787749dcd4aac44c84fce7d936a.jpg','{{ url:site }}files/large/7a232787749dcd4aac44c84fce7d936a.jpg','','.jpg','image/jpeg','',1720,2272,584,'',0,1501214249,0),('9226d8b77efc898',13,1,'i','20170511_155444.jpg','dec330e92b40655b04d455883f54c7ed.jpg','{{ url:site }}files/large/dec330e92b40655b04d455883f54c7ed.jpg','','.jpg','image/jpeg','',2000,1500,1075,'',0,1501215619,0),('93e96caac3df19a',13,1,'i','dsc_0140.jpg','b7da278a9f8a8d265cd8c7e75a548b70.jpg','{{ url:site }}files/large/b7da278a9f8a8d265cd8c7e75a548b70.jpg','','.jpg','image/jpeg','',2000,1329,845,'',0,1501216080,0),('945ca8ed15c2b08',14,1,'i','img_1585.jpg','3aa001c520bc9099dd64305afc6389e1.jpg','{{ url:site }}files/large/3aa001c520bc9099dd64305afc6389e1.jpg','','.jpg','image/jpeg','',1752,2112,535,'',0,1501214746,0),('946d294f409f954',24,1,'d','permohonan-warnet.docx','eb737acf251d171b59a1bc8d41797791.docx','{{ url:site }}files/download/946d294f409f954','','.docx','application/zip','',0,0,14,'',8,1498727423,0),('953b5d8480a8244',25,1,'d','1ffce804712b4a653ed5ec59beb4def215f157f79.pdf','1680fcb55dc0d0b31ff9a7e1687717a1.pdf','{{ url:site }}files/download/953b5d8480a8244','','.pdf','application/pdf','',0,0,44,'',0,1498032969,0),('962280fe68508e8',14,1,'i','img_1754.jpg','bed26afdc37db8e29eca06fe8c740714.jpg','{{ url:site }}files/large/bed26afdc37db8e29eca06fe8c740714.jpg','','.jpg','image/jpeg','',632,856,67,'',0,1501214577,0),('962ce20b8471c22',14,1,'i','img_1736.jpg','ce74fecb43be0383fd0f491cabaf3a17.jpg','{{ url:site }}files/large/ce74fecb43be0383fd0f491cabaf3a17.jpg','','.jpg','image/jpeg','',668,816,102,'',0,1501215072,0),('9658103bd3ee996',14,1,'i','img_1757.jpg','6ef916b6df97a7eb9fa82957f873e4cf.jpg','{{ url:site }}files/large/6ef916b6df97a7eb9fa82957f873e4cf.jpg','','.jpg','image/jpeg','',604,732,93,'',0,1501214487,0),('965e5c7ce17b655',9,1,'i','koala.jpg','ccba7e24396d395c5b49138076eaf167.jpg','{{ url:site }}files/large/ccba7e24396d395c5b49138076eaf167.jpg','','.jpg','image/jpeg','',1024,768,763,'',0,1393763479,0),('96def3fa57f3db9',13,1,'i','IMG_20170525_020848.jpg','fb3a12c4abafb5612f5c59dd3622bb1e.jpg','{{ url:site }}files/large/fb3a12c4abafb5612f5c59dd3622bb1e.jpg','','.jpg','image/jpeg','',3456,4608,1486,'',0,1501174658,0),('98a0daf80b1b1bf',13,1,'i','IMG_20170524_215310_HDR.jpg','b83a5b4a65371b61bb541ff06e54083f.jpg','{{ url:site }}files/large/b83a5b4a65371b61bb541ff06e54083f.jpg','','.jpg','image/jpeg','',4608,3456,1479,'',0,1501174639,0),('9940e2109dfc988',14,1,'i','img_1715.jpg','a36571bbc03ed50e441134ae416cbed3.jpg','{{ url:site }}files/large/a36571bbc03ed50e441134ae416cbed3.jpg','','.jpg','image/jpeg','',524,732,71,'',0,1501215111,0),('999f4bfd18a1f06',13,1,'i','img_2855.jpg','48a78d51e9864f3efe2026b537433af1.jpg','{{ url:site }}files/large/48a78d51e9864f3efe2026b537433af1.jpg','','.jpg','image/jpeg','',1040,780,122,'',0,1509004447,0),('9a2bd3e531a45ca',25,1,'d','1ffce804712b4a653ed5ec59beb4def215f157f79.pdf','eedba3acd6a606790800eafe2f02c4aa.pdf','{{ url:site }}files/download/9a2bd3e531a45ca','','.pdf','application/pdf','',0,0,44,'',0,1498033210,0),('9b8cbbbdda4ca4e',13,1,'i','img_20170525_000928_hdr.jpg','44f60289121eb94f5811060d2c72377d.jpg','{{ url:site }}files/large/44f60289121eb94f5811060d2c72377d.jpg','','.jpg','image/jpeg','',2000,1500,372,'',0,1501216560,0),('9c7ea324d64bffa',9,1,'i','tulips.jpg','3f37bcb8a565946ad2ac62cd52b1bf45.jpg','{{ url:site }}files/large/3f37bcb8a565946ad2ac62cd52b1bf45.jpg','','.jpg','image/jpeg','',1024,768,606,'',0,1393775508,0),('a0da87f45bdaa7c',13,1,'i','img_20170524_213817_hdr.jpg','44ca316e6437ea4b85e9c0081ff98a46.jpg','{{ url:site }}files/large/44ca316e6437ea4b85e9c0081ff98a46.jpg','','.jpg','image/jpeg','',2000,1500,568,'',0,1501216499,0),('a0f23d856aa97d1',13,1,'i','img_2187.jpg','c699c36eadbcf2f439817cac27bd16c6.jpg','{{ url:site }}files/large/c699c36eadbcf2f439817cac27bd16c6.jpg','','.jpg','image/jpeg','',1000,748,247,'',0,1503366077,0),('a1ace57a4584bea',13,1,'i','dsc_0145.jpg','53fddd21a6cc75fc477008a93df1920d.jpg','{{ url:site }}files/large/53fddd21a6cc75fc477008a93df1920d.jpg','','.jpg','image/jpeg','',2000,1329,809,'',0,1501216124,0),('a24aa2130d4748c',13,1,'i','img_2143-2.jpg','73c8d368984abdf0da04d4a6c9fbcf8e.jpg','{{ url:site }}files/large/73c8d368984abdf0da04d4a6c9fbcf8e.jpg','','.jpg','image/jpeg','',1221,565,246,'',0,1503301327,0),('a37bd0ebea478bd',13,1,'i','img20170831111933.jpg','989fefb62bdee88b6a097c86e498c9ed.jpg','{{ url:site }}files/large/989fefb62bdee88b6a097c86e498c9ed.jpg','','.jpg','image/jpeg','',3264,1840,1507,'',0,1504837171,0),('a3cf4909ac5298f',13,1,'i','IMG_20170524_213950_HDR.jpg','139095567a5839c98c4420b954ea1851.jpg','{{ url:site }}files/large/139095567a5839c98c4420b954ea1851.jpg','','.jpg','image/jpeg','',4608,3456,1326,'',0,1501174636,0),('a4691a39fb859cc',13,1,'i','img_2299.jpg','169122dbcb2139e309edc17939cbc0d2.jpg','{{ url:site }}files/large/169122dbcb2139e309edc17939cbc0d2.jpg','','.jpg','image/jpeg','',3264,2448,1125,'',0,1504836083,0),('aa191eb4f68a59a',13,1,'i','persiapan-17-dpmpptsp.jpg','c10d39f8e196641572ebfd4ea69dcd6a.jpg','{{ url:site }}files/large/c10d39f8e196641572ebfd4ea69dcd6a.jpg','','.jpg','image/jpeg','',1440,1080,190,'',0,1502930403,0),('aa3b718a7114f2e',14,1,'i','img_1755.jpg','ec4bff81504f7942a45ea918352f6fe9.jpg','{{ url:site }}files/large/ec4bff81504f7942a45ea918352f6fe9.jpg','','.jpg','image/jpeg','',644,732,90,'',0,1501214392,0),('acb4579fa68a447',13,1,'i','img_2180.jpg','24baa6ebaaed860efc477482df64791d.jpg','{{ url:site }}files/large/24baa6ebaaed860efc477482df64791d.jpg','','.jpg','image/jpeg','',1000,863,245,'',0,1503366104,0),('adcb7750ac803da',14,1,'i','img_1725.jpg','46d003c34248a0e86d5cb5ca6ed9819c.jpg','{{ url:site }}files/large/46d003c34248a0e86d5cb5ca6ed9819c.jpg','','.jpg','image/jpeg','',708,960,132,'',0,1501215144,0),('afe93758bf95fff',13,1,'i','img_2127.jpg','aac5f6203e43911c3ffd2cb159a5715f.jpg','{{ url:site }}files/large/aac5f6203e43911c3ffd2cb159a5715f.jpg','','.jpg','image/jpeg','',1000,750,411,'',0,1503301157,0),('b03a061c73fce82',13,1,'i','20170510_220400.jpg','6e82f59afd2788b300b5350433b4d06b.jpg','{{ url:site }}files/large/6e82f59afd2788b300b5350433b4d06b.jpg','','.jpg','image/jpeg','',2000,1500,729,'',0,1501215570,0),('b0402fc072ab709',13,1,'i','img_20170525_032112.jpg','f6bbe8f7483959055af54375eb65cd35.jpg','{{ url:site }}files/large/f6bbe8f7483959055af54375eb65cd35.jpg','','.jpg','image/jpeg','',2000,1500,871,'',0,1501216588,0),('b7373d22a4bd6b4',13,1,'i','IMG_20170525_000928_HDR.jpg','59f837bc131a6c015bef1ae828ccb815.jpg','{{ url:site }}files/large/59f837bc131a6c015bef1ae828ccb815.jpg','','.jpg','image/jpeg','',4608,3456,832,'',0,1501174652,0),('b8fb10fe4caa568',25,1,'d','izin-pembuangan-limbah-cair.pdf','4419fc34560f54ee3699fc4a448e7f1e.pdf','{{ url:site }}files/download/b8fb10fe4caa568','','.pdf','application/pdf','',0,0,44,'',0,1498716978,0),('ba9628da1dbd9e5',14,1,'i','img_1728.jpg','2c8dabec20808133c38ea52499726ed9.jpg','{{ url:site }}files/large/2c8dabec20808133c38ea52499726ed9.jpg','','.jpg','image/jpeg','',604,708,96,'',0,1499219577,0),('be6f20b7756d1d0',13,1,'i','dsc_0025.jpg','82dd06931843100d8db717b82cc0899b.jpg','{{ url:site }}files/large/82dd06931843100d8db717b82cc0899b.jpg','','.jpg','image/jpeg','',2000,1329,851,'',0,1501216298,0),('be93fb4f9595231',13,1,'i','dsc_0322.jpg','1f2e8c43c2b2799aac28ae4653cb469f.jpg','{{ url:site }}files/large/1f2e8c43c2b2799aac28ae4653cb469f.jpg','','.jpg','image/jpeg','',2000,1329,760,'',0,1501216819,0),('bf53ff4c9347455',13,1,'i','dsc_0401.jpg','335a6bc02cf5652b1a27a8c268cf505a.jpg','{{ url:site }}files/large/335a6bc02cf5652b1a27a8c268cf505a.jpg','','.jpg','image/jpeg','',2000,1329,900,'',0,1501217158,0),('c059def895fb144',31,1,'i','logo-karo-trans.png','bb6393a4005b62efb867a6cdb69692ae.png','{{ url:site }}files/large/bb6393a4005b62efb867a6cdb69692ae.png','','.png','image/png','',140,120,29,'',0,1501170744,0),('c1289fbd5958116',26,1,'i','unnamed2.jpg','89da15596aa49fcbd818f752cb915d3f.jpg','{{ url:site }}files/large/89da15596aa49fcbd818f752cb915d3f.jpg','','.jpg','image/jpeg','',624,836,98,'',1,1503462265,0),('c2b95a93d1dc53e',24,1,'d','surat-pernyataan-permohonan-reklame.docx','889335e588925735a60c2197235e6aee.docx','{{ url:site }}files/download/c2b95a93d1dc53e','','.docx','application/zip','',0,0,12,'',0,1498727136,0),('c331c2c80a961ba',13,1,'i','img_2116.jpg','d2116c09025f8c6f410c9b4b8a524dc2.jpg','{{ url:site }}files/large/d2116c09025f8c6f410c9b4b8a524dc2.jpg','','.jpg','image/jpeg','',1000,750,372,'',0,1503300123,0),('c3e3d0064fc45f3',25,1,'d','1ffce804712b4a653ed5ec59beb4def215f157f79.pdf','ab67019471c8a6335a91e33ca0810c86.pdf','{{ url:site }}files/download/c3e3d0064fc45f3','','.pdf','application/pdf','',0,0,44,'',0,1498033613,0),('c49457433e3de69',12,1,'i','img_20170524_213950_hdr.jpg','be85cc31182dd5282df3ce45a67842fa.jpg','{{ url:site }}files/large/be85cc31182dd5282df3ce45a67842fa.jpg','','.jpg','image/jpeg','',4608,3456,1326,'',0,1501175123,0),('c68515d5a99531d',13,1,'i','img_2139.jpg','bfdee61a0cf1dcbd7469f13592926f89.jpg','{{ url:site }}files/large/bfdee61a0cf1dcbd7469f13592926f89.jpg','','.jpg','image/jpeg','',1000,1037,301,'',0,1503301291,0),('c7581abaacbfeca',14,1,'i','img_1750.jpg','413ad03958bf39c807656914ff95959f.jpg','{{ url:site }}files/large/413ad03958bf39c807656914ff95959f.jpg','','.jpg','image/jpeg','',584,728,66,'',0,1501214959,0),('c7ef7c6f2937b99',12,1,'i','pekan-inovasi-sumatera-utara.jpg','28b16e564ef322e710bcb1fcfd5417c7.jpg','{{ url:site }}files/large/28b16e564ef322e710bcb1fcfd5417c7.jpg','','.jpg','image/jpeg','',2000,1500,862,'',0,1502700272,0),('c9a8c96b41abfaf',14,1,'i','img_1735.jpg','1e500d2323911c58b40d1e22b3fab84e.jpg','{{ url:site }}files/large/1e500d2323911c58b40d1e22b3fab84e.jpg','','.jpg','image/jpeg','',676,924,117,'',0,1501214669,0),('c9ebd8dd2aaf102',24,1,'d','permohonan-pebaharuan-siup.doc','6eba4d3eb72530e273e331aa9f0c7de5.doc','{{ url:site }}files/download/c9ebd8dd2aaf102','','.doc','application/msword','',0,0,35,'',0,1498727220,0),('ca1b75108c56359',12,1,'i','dsc_00391.jpg','b27cf42679394cf5675e6e9bc5f2f077.jpg','{{ url:site }}files/large/b27cf42679394cf5675e6e9bc5f2f077.jpg','','.jpg','image/jpeg','',800,336,148,'',0,1501175267,0),('cb493b1a666bd4b',14,1,'i','img_1732.jpg','ea759fc1c126a79eed7e4d5363ca0b43.jpg','{{ url:site }}files/large/ea759fc1c126a79eed7e4d5363ca0b43.jpg','','.jpg','image/jpeg','',608,816,84,'',0,1501214890,0),('cbdba752eb44ac7',12,1,'i','IMG_20170524_215310_HDR.jpg','2bcfa1b1c30df09cfae20d1084692cd1.jpg','{{ url:site }}files/large/2bcfa1b1c30df09cfae20d1084692cd1.jpg','','.jpg','image/jpeg','',4608,3456,1479,'',0,1498732756,0),('cbe39e3a3c444a4',24,1,'d','rekom-siup-dan-tdp.doc','86f32e999a674cd1748b4adcd3188574.doc','{{ url:site }}files/download/cbe39e3a3c444a4','','.doc','application/msword','',0,0,38,'',0,1498727694,0),('cd555599ea9d9e2',12,1,'i','dsc_0415.jpg','a5776ab59933caeb6d6e3b3ab56ba4c1.jpg','{{ url:site }}files/large/a5776ab59933caeb6d6e3b3ab56ba4c1.jpg','','.jpg','image/jpeg','',3008,2000,1743,'',0,1498733340,0),('cdaa13339a056cc',13,1,'i','dsc_0124.jpg','40a824dfb9abca4865696ded7f0996ce.jpg','{{ url:site }}files/large/40a824dfb9abca4865696ded7f0996ce.jpg','','.jpg','image/jpeg','',2000,1329,737,'',0,1501216021,0),('cdc3f9919311af0',24,1,'d','surat-permohonan-imb-sutt-tower.docx','72d7372cdb7c73f879d047334cf09fa3.docx','{{ url:site }}files/download/cdc3f9919311af0','','.docx','application/zip','',0,0,20,'',2,1502764513,0),('cf8a89b4d82c9ff',13,1,'i','dsc_0359.jpg','a2132a1c03144c9ba946559bedc5e435.jpg','{{ url:site }}files/large/a2132a1c03144c9ba946559bedc5e435.jpg','','.jpg','image/jpeg','',2000,1329,691,'',0,1501216919,0),('d43943f95c29108',12,1,'i','DSC_0159.JPG','94c79e50095fadc163e2877e938a572d.jpg','{{ url:site }}files/large/94c79e50095fadc163e2877e938a572d.jpg','','.jpg','image/jpeg','',960,720,271,'',0,1498732572,0),('d5a3ff3ec31064c',24,1,'d','surat-permohonan-imb-sekolah.docx','f4e3064858aa2fc633fe37d7c3cec5a6.docx','{{ url:site }}files/download/d5a3ff3ec31064c','','.docx','application/zip','',0,0,21,'',1,1498726620,0),('d67050b1c0f75db',13,1,'i','IMG_20170524_215353_HDR.jpg','e5b903cdc2eab337aa057d8fdacac952.jpg','{{ url:site }}files/large/e5b903cdc2eab337aa057d8fdacac952.jpg','','.jpg','image/jpeg','',4608,3456,1501,'',0,1501174642,0),('d99deaeff6a2808',14,1,'i','img_1738.jpg','535628e6cb50330ee570be479347d531.jpg','{{ url:site }}files/large/535628e6cb50330ee570be479347d531.jpg','','.jpg','image/jpeg','',804,952,106,'',0,1501215029,0),('d9d5ba1165008f2',14,1,'i','img_1728.jpg','9c9bf3113541731a6c49cfb65feb4b22.jpg','{{ url:site }}files/large/9c9bf3113541731a6c49cfb65feb4b22.jpg','','.jpg','image/jpeg','',604,708,96,'',0,1499219667,0),('d9ee32d1bc0e83b',24,1,'d','permohonan-cabang-siup.docx','4d83a40e065723af2d11e55a535b3e33.docx','{{ url:site }}files/download/d9ee32d1bc0e83b','','.docx','application/zip','',0,0,14,'',0,1498727164,0),('da2d0d1ce8aeb5f',14,1,'i','img_1723.jpg','49678e7738e025ef1a27cf023361ed2d.jpg','{{ url:site }}files/large/49678e7738e025ef1a27cf023361ed2d.jpg','','.jpg','image/jpeg','',708,908,143,'',0,1501214995,0),('da732a5b303e80d',13,1,'i','img_2220.jpg','81e15f91f1cbecaa2418a73861c53de7.jpg','{{ url:site }}files/large/81e15f91f1cbecaa2418a73861c53de7.jpg','','.jpg','image/jpeg','',1052,780,74,'',0,1504161002,0),('db7aac5b6ac21b0',43,1,'i','kantor bupati.jpg','00140088d1d5e05270e1b8181362f9da.jpg','{{ url:site }}files/large/00140088d1d5e05270e1b8181362f9da.jpg','','.jpg','image/jpeg','',650,300,96,'',0,1503975566,0),('dc2d31ec9da794e',26,1,'i','bupati merah.jpg','51f5abb267954680330a3ed847c25af4.jpg','{{ url:site }}files/large/51f5abb267954680330a3ed847c25af4.jpg','','.jpg','image/jpeg','',299,448,100,'',0,1501171479,2),('dd58e9ab02b486d',13,1,'i','dsc_0353.jpg','728edff0032a7e834e1764371bcba534.jpg','{{ url:site }}files/large/728edff0032a7e834e1764371bcba534.jpg','','.jpg','image/jpeg','',2000,1329,616,'',0,1501216891,0),('ddbac4f845f656d',25,1,'d','izin-lingkungan.pdf','8214e981b9329a9e42053810eefd9161.pdf','{{ url:site }}files/download/ddbac4f845f656d','','.pdf','application/pdf','',0,0,45,'',0,1498716811,0),('de6ea58759d7119',13,1,'i','img_2125.jpg','c72b99c1f942116aaddb8de99c8cb2bd.jpg','{{ url:site }}files/large/c72b99c1f942116aaddb8de99c8cb2bd.jpg','','.jpg','image/jpeg','',1000,750,341,'',0,1503300317,0),('df504c47d10fed6',9,1,'i','tulips.jpg','a8c07d3163c47c0f5d9c1f985dd19a5b.jpg','{{ url:site }}files/large/a8c07d3163c47c0f5d9c1f985dd19a5b.jpg','','.jpg','image/jpeg','',1024,768,606,'',0,1393775577,0),('e112018711da83b',24,1,'d','permohonan-ho-perpanjangan.doc','cd975728b9624a071c01ede403015e80.doc','{{ url:site }}files/download/e112018711da83b','','.doc','application/msword','',0,0,41,'',3,1501170959,0),('e206d93de4c0d28',13,1,'i','img_2371.jpg','f2255414bb241a3d0d58b5d632877651.jpg','{{ url:site }}files/large/f2255414bb241a3d0d58b5d632877651.jpg','','.jpg','image/jpeg','',3264,2448,1826,'',0,1504837284,0),('e2fdd5e3a2cde9f',24,1,'d','surat-permohonan-rekomendasi-warnet.docx','ca01eb4509c5eff81c68b6b121b4cb3b.docx','{{ url:site }}files/download/e2fdd5e3a2cde9f','','.docx','application/zip','',0,0,14,'',3,1498727734,0),('e829250b3fcdcb7',13,1,'i','IMG_20170524_223202_HDR.jpg','0b91fdad0a1441feb5fcd16c19483d22.jpg','{{ url:site }}files/large/0b91fdad0a1441feb5fcd16c19483d22.jpg','','.jpg','image/jpeg','',4608,3456,1535,'',0,1501174646,0),('ebd93a9d8f19bd8',13,1,'i','img_1773.jpg','565e8d808ae717b1b446a01ab62e7d50.jpg','{{ url:site }}files/large/565e8d808ae717b1b446a01ab62e7d50.jpg','','.jpg','image/jpeg','',2000,1500,796,'',0,1501217290,0),('ece01f087dead57',13,1,'i','img_2852.jpg','d0d7465022de7e6cd637f3c694eaa87b.jpg','{{ url:site }}files/large/d0d7465022de7e6cd637f3c694eaa87b.jpg','','.jpg','image/jpeg','',780,1040,116,'',0,1509004418,0),('ed135d9290042e6',13,1,'i','dsc_0281.jpg','8d7f7c917c810ced71887ba8012eb246.jpg','{{ url:site }}files/large/8d7f7c917c810ced71887ba8012eb246.jpg','','.jpg','image/jpeg','',2000,1329,794,'',0,1501216756,0),('eef2a1dcbb4ddf8',14,1,'i','img_1598.jpg','e6d661406f88a75b642af97e80cac219.jpg','{{ url:site }}files/large/e6d661406f88a75b642af97e80cac219.jpg','','.jpg','image/jpeg','',1456,2064,490,'',0,1501214156,0),('f0eace4d731907f',24,1,'d','surat-permohonan-ho.doc','026995ea375d6397b5cd73b8fdd97aba.doc','{{ url:site }}files/download/f0eace4d731907f','','.doc','application/msword','',0,0,52,'',2,1498727458,0),('f461e59a20adea3',13,1,'i','20170510_215803.jpg','7e020bba6a37b33c8e4edab216c81678.jpg','{{ url:site }}files/large/7e020bba6a37b33c8e4edab216c81678.jpg','','.jpg','image/jpeg','',2000,1920,850,'',0,1501215526,0),('f687344333bccce',13,1,'i','20170511_162051.jpg','c56032478798224b03c2604dbc5fda75.jpg','{{ url:site }}files/large/c56032478798224b03c2604dbc5fda75.jpg','','.jpg','image/jpeg','',2000,1500,1043,'',0,1501215653,0),('fa687efca44e17e',25,1,'d','1ffce804712b4a653ed5ec59beb4def215f157f79.pdf','6f283d0120c89ffb7a6c3f5c70cae8c9.pdf','{{ url:site }}files/download/fa687efca44e17e','','.pdf','application/pdf','',0,0,44,'',0,1498033311,0),('faa0ec07cb6e601',13,1,'i','20170511_143410.jpg','c829295a2bc770da7dbb9cd603e9d8aa.jpg','{{ url:site }}files/large/c829295a2bc770da7dbb9cd603e9d8aa.jpg','','.jpg','image/jpeg','',2000,1500,1275,'',0,1498721229,0),('fad6d239dd01b36',12,1,'i','img_2251.jpg','57ce75452149eae7c040598347ead12f.jpg','{{ url:site }}files/large/57ce75452149eae7c040598347ead12f.jpg','','.jpg','image/jpeg','',3264,2448,1870,'',0,1504837462,0),('fd5b36e2f5cd5c4',14,1,'i','img_1745.jpg','2d79effcf276cb2a03cb8ef2b4b0920e.jpg','{{ url:site }}files/large/2d79effcf276cb2a03cb8ef2b4b0920e.jpg','','.jpg','image/jpeg','',392,464,32,'',0,1501214788,0),('ffaf1ab53170568',13,1,'i','img_2166.jpg','ac1b5b3f92b9215697ed6d863376d601.jpg','{{ url:site }}files/large/ac1b5b3f92b9215697ed6d863376d601.jpg','','.jpg','image/jpeg','',1440,1080,545,'',0,1503301355,0);
/*!40000 ALTER TABLE `default_files` ENABLE KEYS */;
UNLOCK TABLES;

--
-- Table structure for table `default_forum_categories`
--

DROP TABLE IF EXISTS `default_forum_categories`;
/*!40101 SET @saved_cs_client     = @@character_set_client */;
/*!40101 SET character_set_client = utf8 */;
CREATE TABLE `default_forum_categories` (
  `id` int(11) NOT NULL AUTO_INCREMENT,
  `title` varchar(100) NOT NULL DEFAULT '',
  `permission` mediumint(2) NOT NULL DEFAULT '0',
  PRIMARY KEY (`id`)
) ENGINE=MyISAM AUTO_INCREMENT=3 DEFAULT CHARSET=utf8 COMMENT='Splits forums into categories';
/*!40101 SET character_set_client = @saved_cs_client */;

--
-- Dumping data for table `default_forum_categories`
--

LOCK TABLES `default_forum_categories` WRITE;
/*!40000 ALTER TABLE `default_forum_categories` DISABLE KEYS */;
INSERT INTO `default_forum_categories` VALUES (1,'Tanya Jawab',0),(2,'Komplain',0);
/*!40000 ALTER TABLE `default_forum_categories` ENABLE KEYS */;
UNLOCK TABLES;

--
-- Table structure for table `default_forum_posts`
--

DROP TABLE IF EXISTS `default_forum_posts`;
/*!40101 SET @saved_cs_client     = @@character_set_client */;
/*!40101 SET character_set_client = utf8 */;
CREATE TABLE `default_forum_posts` (
  `id` int(11) NOT NULL AUTO_INCREMENT,
  `forum_id` int(11) NOT NULL DEFAULT '0',
  `author_id` int(11) NOT NULL DEFAULT '0',
  `parent_id` int(11) NOT NULL DEFAULT '0',
  `title` varchar(100) NOT NULL DEFAULT '',
  `content` text NOT NULL,
  `type` tinyint(1) NOT NULL DEFAULT '0',
  `is_locked` tinyint(1) NOT NULL DEFAULT '0',
  `is_hidden` tinyint(1) NOT NULL DEFAULT '0',
  `created_on` int(11) NOT NULL DEFAULT '0',
  `updated_on` int(11) NOT NULL DEFAULT '0',
  `view_count` int(11) NOT NULL DEFAULT '0',
  `sticky` tinyint(1) NOT NULL DEFAULT '0',
  PRIMARY KEY (`id`)
) ENGINE=MyISAM AUTO_INCREMENT=3 DEFAULT CHARSET=utf8;
/*!40101 SET character_set_client = @saved_cs_client */;

--
-- Dumping data for table `default_forum_posts`
--

LOCK TABLES `default_forum_posts` WRITE;
/*!40000 ALTER TABLE `default_forum_posts` DISABLE KEYS */;
INSERT INTO `default_forum_posts` VALUES (1,2,1,0,'test','test',0,0,0,1393744661,1393744756,9,0),(2,2,8,1,'','reply',0,0,0,1393744756,0,0,0);
/*!40000 ALTER TABLE `default_forum_posts` ENABLE KEYS */;
UNLOCK TABLES;

--
-- Table structure for table `default_forum_subscriptions`
--

DROP TABLE IF EXISTS `default_forum_subscriptions`;
/*!40101 SET @saved_cs_client     = @@character_set_client */;
/*!40101 SET character_set_client = utf8 */;
CREATE TABLE `default_forum_subscriptions` (
  `id` int(11) NOT NULL AUTO_INCREMENT,
  `topic_id` int(11) NOT NULL DEFAULT '0',
  `user_id` int(11) NOT NULL DEFAULT '0',
  PRIMARY KEY (`id`)
) ENGINE=MyISAM DEFAULT CHARSET=utf8;
/*!40101 SET character_set_client = @saved_cs_client */;

--
-- Dumping data for table `default_forum_subscriptions`
--

LOCK TABLES `default_forum_subscriptions` WRITE;
/*!40000 ALTER TABLE `default_forum_subscriptions` DISABLE KEYS */;
/*!40000 ALTER TABLE `default_forum_subscriptions` ENABLE KEYS */;
UNLOCK TABLES;

--
-- Table structure for table `default_forums`
--

DROP TABLE IF EXISTS `default_forums`;
/*!40101 SET @saved_cs_client     = @@character_set_client */;
/*!40101 SET character_set_client = utf8 */;
CREATE TABLE `default_forums` (
  `id` int(11) NOT NULL AUTO_INCREMENT,
  `title` varchar(100) NOT NULL DEFAULT '',
  `description` varchar(255) NOT NULL DEFAULT '',
  `category_id` int(11) NOT NULL DEFAULT '0',
  `permission` int(2) NOT NULL DEFAULT '0',
  PRIMARY KEY (`id`)
) ENGINE=MyISAM AUTO_INCREMENT=4 DEFAULT CHARSET=utf8 COMMENT='Forums are the containers for threads and topics.';
/*!40101 SET character_set_client = @saved_cs_client */;

--
-- Dumping data for table `default_forums`
--

LOCK TABLES `default_forums` WRITE;
/*!40000 ALTER TABLE `default_forums` DISABLE KEYS */;
INSERT INTO `default_forums` VALUES (2,'Forum Tanya Jawab','wadah untuk tanya jawab mengenai proses perizinan di KPMPT Agam',1,0),(3,'Forum Komplain','Tempat dimana anda dapat menyampaikan kritik dan saran mengenai pelayanan di KPMPT Agam',2,0);
/*!40000 ALTER TABLE `default_forums` ENABLE KEYS */;
UNLOCK TABLES;

--
-- Table structure for table `default_gallery`
--

DROP TABLE IF EXISTS `default_gallery`;
/*!40101 SET @saved_cs_client     = @@character_set_client */;
/*!40101 SET character_set_client = utf8 */;
CREATE TABLE `default_gallery` (
  `id` int(11) NOT NULL AUTO_INCREMENT,
  `order` int(11) DEFAULT NULL,
  `gallery_file` varchar(200) COLLATE utf8_unicode_ci NOT NULL,
  `gallery_desc` varchar(500) COLLATE utf8_unicode_ci NOT NULL,
  `published` int(1) NOT NULL,
  `created` datetime DEFAULT NULL,
  `updated` datetime DEFAULT NULL,
  PRIMARY KEY (`id`)
) ENGINE=MyISAM AUTO_INCREMENT=160 DEFAULT CHARSET=utf8 COLLATE=utf8_unicode_ci;
/*!40101 SET character_set_client = @saved_cs_client */;

--
-- Dumping data for table `default_gallery`
--

LOCK TABLES `default_gallery` WRITE;
/*!40000 ALTER TABLE `default_gallery` DISABLE KEYS */;
INSERT INTO `default_gallery` VALUES (154,NULL,'8e0c77cd0721dda','Kerjasama Perizinan Kab. Karo & BPJS',1,'2017-09-08 02:09:54',NULL),(153,NULL,'6198c9bb2fc2b18','Kerjasama Perizinan KAb. Karo & BPJS',1,'2017-09-08 02:07:34',NULL),(148,NULL,'7cc93abf74327fb','Launching Aplikasi siCantik & E-Planning',1,'2017-09-08 01:56:49',NULL),(147,NULL,'6b6dc2d355fb511','Launching Aplikasi siCantik & E-Planning',1,'2017-09-08 01:47:52',NULL),(145,NULL,'26a8588fb5c5cfc','Kerjasama DPM-PPTSP Karo dengan DPM-PPTSP Deli Serdang',1,'2017-08-31 06:29:17',NULL),(152,NULL,'827d799cbc62aca','Kerjasama Perizinan Kab. Karo & BPJS',1,'2017-09-08 02:05:21',NULL),(151,NULL,'88b20afd55aa405','Launching Aplikasi siCantik & E-Planning',1,'2017-09-08 02:03:20',NULL),(150,NULL,'a4691a39fb859cc','Launching Aplikasi siCantik & E-Planning',1,'2017-09-08 02:01:23',NULL),(149,NULL,'5af1d41e68a109e','Launching Aplikasi siCantik & E-Planning',1,'2017-09-08 01:59:02',NULL),(146,NULL,'da732a5b303e80d','Kerjasama DPM-PPTSP Karo dengan DPM-PPTSP Deli Serdang',1,'2017-08-31 06:30:02',NULL),(144,NULL,'3b80cfc37a0d39a','Pijer Podi HD',1,'2017-08-24 08:47:11',NULL),(143,NULL,'acb4579fa68a447','17 Agustus 2017 DPM-PPTSP',1,'2017-08-22 01:41:44',NULL),(142,NULL,'a0f23d856aa97d1','17 Agustus 2017 DPM-PPTSP',1,'2017-08-22 01:41:17',NULL),(141,NULL,'ffaf1ab53170568','17 Agustus 2017 DPM-PPTSP',1,'2017-08-21 07:42:35',NULL),(140,NULL,'a24aa2130d4748c','17 Agustus 2017 DPM-PPTSP',1,'2017-08-21 07:42:07',NULL),(139,NULL,'c68515d5a99531d','17 Agustus 2017 DPM-PPTSP',1,'2017-08-21 07:41:31',NULL),(138,NULL,'afe93758bf95fff','17 Agustus 2017 DPM-PPTSP',1,'2017-08-21 07:39:17',NULL),(137,NULL,'de6ea58759d7119','17 Agustus 2017 DPM-PPTSP',1,'2017-08-21 07:25:17',NULL),(136,NULL,'1b217d60e9627e8','17 Agustus 2017 DPM-PPTSP',1,'2017-08-21 07:24:20',NULL),(135,NULL,'7157a70633cc461','17 Agustus 2017 DPM-PPTSP',1,'2017-08-21 07:23:18',NULL),(134,NULL,'c331c2c80a961ba','17 Agustus 2017 DPM-PPTSP',1,'2017-08-21 07:22:03',NULL),(133,NULL,'aa191eb4f68a59a','17 Agustus 2017 DPM-PPTSP',1,'2017-08-17 00:40:03',NULL),(132,NULL,'67f9fb1471a38db','Festival Buah dan Bunga 2017',1,'2017-07-28 04:48:47',NULL),(131,NULL,'ebd93a9d8f19bd8','Festival Buah dan Bunga 2017',1,'2017-07-28 04:48:10',NULL),(130,NULL,'010faa83784b763','Festival Buah dan Bunga 2017',1,'2017-07-28 04:47:14',NULL),(129,NULL,'bf53ff4c9347455','Pembongkaran Reklame 28 Mei 2017',1,'2017-07-28 04:45:58',NULL),(128,NULL,'77e3a6d8ae7869e','Pembongkaran Reklame 28 Mei 2017',1,'2017-07-28 04:45:28',NULL),(127,NULL,'80faa69af446f2b','Pembongkaran Reklame 28 Mei 2017',1,'2017-07-28 04:44:06',NULL),(126,NULL,'7173e5a9453ff26','Pembongkaran Reklame 27 Mei 2017',1,'2017-07-28 04:43:07',NULL),(125,NULL,'851271b6aa8b83b','Pembongkaran Reklame 27 Mei 2017',1,'2017-07-28 04:42:36',NULL),(124,NULL,'cf8a89b4d82c9ff','Pembongkaran Reklame 27 Mei 2017',1,'2017-07-28 04:41:59',NULL),(123,NULL,'dd58e9ab02b486d','Pembongkaran Reklame 27 Mei 2017',1,'2017-07-28 04:41:31',NULL),(122,NULL,'2e9edc2ee11a020','Pembongkaran Reklame 26 Mei 2017',1,'2017-07-28 04:40:45',NULL),(121,NULL,'be93fb4f9595231','Pembongkaran Reklame 26 Mei 2017',1,'2017-07-28 04:40:19',NULL),(120,NULL,'0b5e5b1ca29bff0','Pembongkaran Reklame 26 Mei 2017',1,'2017-07-28 04:39:54',NULL),(119,NULL,'ed135d9290042e6','Pembongkaran Reklame 26 Mei 2017',1,'2017-07-28 04:39:16',NULL),(118,NULL,'4888600bd729a83','Pembongkaran Reklame 25 Mei 2017',1,'2017-07-28 04:38:21',NULL),(117,NULL,'4dada0c38dfc86d','Pembongkaran Reklame 25 Mei 2017',1,'2017-07-28 04:37:55',NULL),(116,NULL,'7b2952dd4b0cb6f','Pembongkaran Reklame 25 Mei 2017',1,'2017-07-28 04:37:28',NULL),(115,NULL,'b0402fc072ab709','Pembongkaran Reklame 24 Mei 2017',1,'2017-07-28 04:36:28',NULL),(114,NULL,'9b8cbbbdda4ca4e','Pembongkaran Reklame 24 Mei 2017',1,'2017-07-28 04:36:01',NULL),(113,NULL,'63e3dfd6f394081','Pembongkaran Reklame 24 Mei 2017',1,'2017-07-28 04:35:26',NULL),(112,NULL,'a0da87f45bdaa7c','Pembongkaran Reklame 24 Mei 2017',1,'2017-07-28 04:34:59',NULL),(111,NULL,'311f7c0ad261c9f','Foto Sosialisasi 17 Mei 2017',1,'2017-07-28 04:33:52',NULL),(110,NULL,'636852a5d8bc728','Foto Sosialisasi 17 Mei 2017',1,'2017-07-28 04:33:08',NULL),(109,NULL,'8031afc91396b5a','Foto Sosialisasi 17 Mei 2017',1,'2017-07-28 04:32:23',NULL),(108,NULL,'be6f20b7756d1d0','Foto Sosialisasi 17 Mei 2017',1,'2017-07-28 04:31:38',NULL),(107,NULL,'1af11acd18dd08e','Foto Sosialisasi 17 Mei 2017',1,'2017-07-28 04:29:32',NULL),(106,NULL,'a1ace57a4584bea','Foto Sosialisasi 16 Mei 2017',1,'2017-07-28 04:28:44','2017-07-28 04:30:58'),(105,NULL,'93e96caac3df19a','Foto Sosialisasi 16 Mei 2017',1,'2017-07-28 04:28:00','2017-07-28 04:30:29'),(104,NULL,'7162d2702464a91','Foto Sosialisasi 16 Mei 2017',1,'2017-07-28 04:27:30','2017-07-28 04:30:03'),(103,NULL,'cdaa13339a056cc','Foto Sosialisasi 16 Mei 2017',1,'2017-07-28 04:27:01',NULL),(102,NULL,'401d96611d05941','Foto Sosialisasi 15 Mei 2017',1,'2017-07-28 04:25:54',NULL),(101,NULL,'6074d91564ceeb6','Foto Sosialisasi 15 Mei 2017',1,'2017-07-28 04:24:58',NULL),(100,NULL,'5a66a3edabc14f1','Foto Sosialisasi 15 Mei 2017',1,'2017-07-28 04:24:05',NULL),(99,NULL,'3a62fc6e1faa7d0','Pekan Inovasi Sumatera Utara 2017',1,'2017-07-28 04:22:50',NULL),(98,NULL,'6ebadb97319107e','Pekan Inovasi Sumatera Utara 2017',1,'2017-07-28 04:22:20',NULL),(97,NULL,'05d1343d6ee3138','Pekan Inovasi Sumatera Utara 2017',1,'2017-07-28 04:21:31',NULL),(96,NULL,'f687344333bccce','Pekan Inovasi Sumatera Utara 2017',1,'2017-07-28 04:20:53',NULL),(95,NULL,'9226d8b77efc898','Pekan Inovasi Sumatera Utara 2017',1,'2017-07-28 04:20:19',NULL),(94,NULL,'b03a061c73fce82','Pekan Inovasi Sumatera Utara 2017',1,'2017-07-28 04:19:30',NULL),(93,NULL,'f461e59a20adea3','Pekan Inovasi Sumatera Utara 2017',1,'2017-07-28 04:18:46',NULL),(92,NULL,'03018eb47eac36e','logo kab karo',1,'2017-07-27 17:40:59',NULL),(155,NULL,'e206d93de4c0d28','Kerjasama Perizinan Kab. Karo & BPJS Ketenagakerjaan',1,'2017-09-08 02:17:10','2017-09-08 02:21:24'),(156,NULL,'a37bd0ebea478bd','Launching Aplikasi siCantik E-Perizinan',1,'2017-09-08 02:19:31',NULL),(157,NULL,'21937469dc94264','Pembongkaran Reklame 23 & 24 Oktober',1,'2017-10-26 07:52:34',NULL),(158,NULL,'ece01f087dead57','Pembongkaran Reklame 23 & 24 Oktober',1,'2017-10-26 07:53:38',NULL),(159,NULL,'999f4bfd18a1f06','Pembongkaran Reklame 23 & 24 Oktober',1,'2017-10-26 07:54:07',NULL);
/*!40000 ALTER TABLE `default_gallery` ENABLE KEYS */;
UNLOCK TABLES;

--
-- Table structure for table `default_groups`
--

DROP TABLE IF EXISTS `default_groups`;
/*!40101 SET @saved_cs_client     = @@character_set_client */;
/*!40101 SET character_set_client = utf8 */;
CREATE TABLE `default_groups` (
  `id` int(11) NOT NULL AUTO_INCREMENT,
  `name` varchar(100) COLLATE utf8_unicode_ci NOT NULL,
  `description` varchar(250) COLLATE utf8_unicode_ci DEFAULT NULL,
  PRIMARY KEY (`id`)
) ENGINE=InnoDB AUTO_INCREMENT=7 DEFAULT CHARSET=utf8 COLLATE=utf8_unicode_ci;
/*!40101 SET character_set_client = @saved_cs_client */;

--
-- Dumping data for table `default_groups`
--

LOCK TABLES `default_groups` WRITE;
/*!40000 ALTER TABLE `default_groups` DISABLE KEYS */;
INSERT INTO `default_groups` VALUES (1,'admin','Administrator'),(2,'user','User'),(5,'admin-bpmptsp','Admin BPMPTSP'),(6,'investor','Investor');
/*!40000 ALTER TABLE `default_groups` ENABLE KEYS */;
UNLOCK TABLES;

--
-- Table structure for table `default_info_singkat`
--

DROP TABLE IF EXISTS `default_info_singkat`;
/*!40101 SET @saved_cs_client     = @@character_set_client */;
/*!40101 SET character_set_client = utf8 */;
CREATE TABLE `default_info_singkat` (
  `id` int(11) NOT NULL AUTO_INCREMENT,
  `order` int(11) DEFAULT NULL,
  `isi_info` varchar(200) COLLATE utf8_unicode_ci NOT NULL,
  `published` int(1) NOT NULL DEFAULT '1',
  `created` datetime DEFAULT NULL,
  `modified` datetime DEFAULT NULL,
  PRIMARY KEY (`id`)
) ENGINE=MyISAM AUTO_INCREMENT=14 DEFAULT CHARSET=utf8 COLLATE=utf8_unicode_ci;
/*!40101 SET character_set_client = @saved_cs_client */;

--
-- Dumping data for table `default_info_singkat`
--

LOCK TABLES `default_info_singkat` WRITE;
/*!40000 ALTER TABLE `default_info_singkat` DISABLE KEYS */;
INSERT INTO `default_info_singkat` VALUES (13,NULL,'Menuju Karo Gemilang',1,'2016-04-22 07:24:56','2017-06-15 04:17:08'),(10,NULL,'Bersinergi Meraih Investasi',1,'2016-04-22 04:29:30','2016-04-22 04:30:02'),(7,NULL,'Mari berinvestasi di Kabupaten Karo',1,'2016-04-22 04:02:23','2017-06-15 04:17:46'),(11,NULL,'Legalkan Usaha Anda',1,'2016-04-22 07:21:22','2016-04-22 07:25:36');
/*!40000 ALTER TABLE `default_info_singkat` ENABLE KEYS */;
UNLOCK TABLES;

--
-- Table structure for table `default_keywords`
--

DROP TABLE IF EXISTS `default_keywords`;
/*!40101 SET @saved_cs_client     = @@character_set_client */;
/*!40101 SET character_set_client = utf8 */;
CREATE TABLE `default_keywords` (
  `id` int(11) NOT NULL AUTO_INCREMENT,
  `name` varchar(50) COLLATE utf8_unicode_ci NOT NULL,
  PRIMARY KEY (`id`)
) ENGINE=InnoDB AUTO_INCREMENT=13 DEFAULT CHARSET=utf8 COLLATE=utf8_unicode_ci;
/*!40101 SET character_set_client = @saved_cs_client */;

--
-- Dumping data for table `default_keywords`
--

LOCK TABLES `default_keywords` WRITE;
/*!40000 ALTER TABLE `default_keywords` DISABLE KEYS */;
INSERT INTO `default_keywords` VALUES (1,'ya'),(2,'menarik'),(3,'biasa saja'),(4,'tidak menarik'),(5,'tidak'),(6,'bagus'),(7,'sedang'),(8,'kurang bagus'),(9,'portal karo'),(10,'a bagus'),(11,'b kurang bagus'),(12,'c buruk');
/*!40000 ALTER TABLE `default_keywords` ENABLE KEYS */;
UNLOCK TABLES;

--
-- Table structure for table `default_keywords_applied`
--

DROP TABLE IF EXISTS `default_keywords_applied`;
/*!40101 SET @saved_cs_client     = @@character_set_client */;
/*!40101 SET character_set_client = utf8 */;
CREATE TABLE `default_keywords_applied` (
  `id` int(11) NOT NULL AUTO_INCREMENT,
  `hash` char(32) COLLATE utf8_unicode_ci NOT NULL DEFAULT '',
  `keyword_id` int(11) NOT NULL,
  PRIMARY KEY (`id`)
) ENGINE=InnoDB AUTO_INCREMENT=32 DEFAULT CHARSET=utf8 COLLATE=utf8_unicode_ci;
/*!40101 SET character_set_client = @saved_cs_client */;

--
-- Dumping data for table `default_keywords_applied`
--

LOCK TABLES `default_keywords_applied` WRITE;
/*!40000 ALTER TABLE `default_keywords_applied` DISABLE KEYS */;
INSERT INTO `default_keywords_applied` VALUES (1,'62929d5f18ce87d020a3977af84a1b4c',1),(2,'62929d5f18ce87d020a3977af84a1b4c',1),(3,'e3bc308fa431c8d17cc8ac13bf8d9511',2),(4,'e3bc308fa431c8d17cc8ac13bf8d9511',3),(5,'e3bc308fa431c8d17cc8ac13bf8d9511',4),(6,'6daafc6f0ab52b26678dbef4175139e7',1),(7,'6daafc6f0ab52b26678dbef4175139e7',5),(8,'37001b633d35f82c30414a6ad4e77955',6),(9,'37001b633d35f82c30414a6ad4e77955',7),(10,'37001b633d35f82c30414a6ad4e77955',8),(14,'1ebb3fe25907827e6ecd472a28360065',6),(15,'1ebb3fe25907827e6ecd472a28360065',7),(16,'1ebb3fe25907827e6ecd472a28360065',8),(17,'6efb324fe32864c18a7ace7f3d46672c',6),(18,'6efb324fe32864c18a7ace7f3d46672c',7),(19,'6efb324fe32864c18a7ace7f3d46672c',8),(20,'eddab87f50bfe2a683482a9e5bb76d07',6),(21,'eddab87f50bfe2a683482a9e5bb76d07',7),(22,'eddab87f50bfe2a683482a9e5bb76d07',8),(23,'2647d8f8079a4276ca368e0396806822',6),(24,'2647d8f8079a4276ca368e0396806822',7),(25,'2647d8f8079a4276ca368e0396806822',8),(26,'b59bcf1ca1800a2c6add9f4f08ed30f6',10),(27,'b59bcf1ca1800a2c6add9f4f08ed30f6',11),(28,'b59bcf1ca1800a2c6add9f4f08ed30f6',12),(29,'321a9830c2960d45c01723bf2f2da942',6),(30,'321a9830c2960d45c01723bf2f2da942',7),(31,'321a9830c2960d45c01723bf2f2da942',8);
/*!40000 ALTER TABLE `default_keywords_applied` ENABLE KEYS */;
UNLOCK TABLES;

--
-- Table structure for table `default_link_website`
--

DROP TABLE IF EXISTS `default_link_website`;
/*!40101 SET @saved_cs_client     = @@character_set_client */;
/*!40101 SET character_set_client = utf8 */;
CREATE TABLE `default_link_website` (
  `id` int(11) NOT NULL AUTO_INCREMENT,
  `order` int(11) DEFAULT NULL,
  `nama_link` varchar(100) COLLATE utf8_unicode_ci NOT NULL,
  `url_link` varchar(200) COLLATE utf8_unicode_ci NOT NULL,
  `desc_link` varchar(500) COLLATE utf8_unicode_ci NOT NULL,
  PRIMARY KEY (`id`)
) ENGINE=MyISAM AUTO_INCREMENT=4 DEFAULT CHARSET=utf8 COLLATE=utf8_unicode_ci;
/*!40101 SET character_set_client = @saved_cs_client */;

--
-- Dumping data for table `default_link_website`
--

LOCK TABLES `default_link_website` WRITE;
/*!40000 ALTER TABLE `default_link_website` DISABLE KEYS */;
INSERT INTO `default_link_website` VALUES (1,NULL,'Google','https://www.google.com','Link ke Google'),(2,NULL,'Kompas','http://www.kompas.com/','Link ke Kompas.com'),(3,NULL,'karokab','http://karokab.go.id/id/','link ke karokab');
/*!40000 ALTER TABLE `default_link_website` ENABLE KEYS */;
UNLOCK TABLES;

--
-- Table structure for table `default_migrations`
--

DROP TABLE IF EXISTS `default_migrations`;
/*!40101 SET @saved_cs_client     = @@character_set_client */;
/*!40101 SET character_set_client = utf8 */;
CREATE TABLE `default_migrations` (
  `version` int(3) DEFAULT NULL
) ENGINE=MyISAM DEFAULT CHARSET=utf8 COLLATE=utf8_unicode_ci;
/*!40101 SET character_set_client = @saved_cs_client */;

--
-- Dumping data for table `default_migrations`
--

LOCK TABLES `default_migrations` WRITE;
/*!40000 ALTER TABLE `default_migrations` DISABLE KEYS */;
INSERT INTO `default_migrations` VALUES (125);
/*!40000 ALTER TABLE `default_migrations` ENABLE KEYS */;
UNLOCK TABLES;

--
-- Table structure for table `default_modules`
--

DROP TABLE IF EXISTS `default_modules`;
/*!40101 SET @saved_cs_client     = @@character_set_client */;
/*!40101 SET character_set_client = utf8 */;
CREATE TABLE `default_modules` (
  `id` int(11) NOT NULL AUTO_INCREMENT,
  `name` text COLLATE utf8_unicode_ci NOT NULL,
  `slug` varchar(50) COLLATE utf8_unicode_ci NOT NULL,
  `version` varchar(20) COLLATE utf8_unicode_ci NOT NULL,
  `type` varchar(20) COLLATE utf8_unicode_ci DEFAULT NULL,
  `description` text COLLATE utf8_unicode_ci,
  `skip_xss` tinyint(1) NOT NULL,
  `is_frontend` tinyint(1) NOT NULL,
  `is_backend` tinyint(1) NOT NULL,
  `menu` varchar(20) COLLATE utf8_unicode_ci NOT NULL,
  `enabled` tinyint(1) NOT NULL,
  `installed` tinyint(1) NOT NULL,
  `is_core` tinyint(1) NOT NULL,
  `updated_on` int(11) NOT NULL DEFAULT '0',
  PRIMARY KEY (`id`),
  UNIQUE KEY `slug` (`slug`),
  KEY `enabled` (`enabled`)
) ENGINE=MyISAM AUTO_INCREMENT=135 DEFAULT CHARSET=utf8 COLLATE=utf8_unicode_ci;
/*!40101 SET character_set_client = @saved_cs_client */;

--
-- Dumping data for table `default_modules`
--

LOCK TABLES `default_modules` WRITE;
/*!40000 ALTER TABLE `default_modules` DISABLE KEYS */;
INSERT INTO `default_modules` VALUES (1,'a:25:{s:2:\"en\";s:8:\"Settings\";s:2:\"ar\";s:18:\"الإعدادات\";s:2:\"br\";s:15:\"Configurações\";s:2:\"pt\";s:15:\"Configurações\";s:2:\"cs\";s:10:\"Nastavení\";s:2:\"da\";s:13:\"Indstillinger\";s:2:\"de\";s:13:\"Einstellungen\";s:2:\"el\";s:18:\"Ρυθμίσεις\";s:2:\"es\";s:15:\"Configuraciones\";s:2:\"fa\";s:14:\"تنظیمات\";s:2:\"fi\";s:9:\"Asetukset\";s:2:\"fr\";s:11:\"Paramètres\";s:2:\"he\";s:12:\"הגדרות\";s:2:\"id\";s:10:\"Pengaturan\";s:2:\"it\";s:12:\"Impostazioni\";s:2:\"lt\";s:10:\"Nustatymai\";s:2:\"nl\";s:12:\"Instellingen\";s:2:\"pl\";s:10:\"Ustawienia\";s:2:\"ru\";s:18:\"Настройки\";s:2:\"sl\";s:10:\"Nastavitve\";s:2:\"tw\";s:12:\"網站設定\";s:2:\"cn\";s:12:\"网站设定\";s:2:\"hu\";s:14:\"Beállítások\";s:2:\"th\";s:21:\"ตั้งค่า\";s:2:\"se\";s:14:\"Inställningar\";}','settings','1.0.0',NULL,'a:25:{s:2:\"en\";s:89:\"Allows administrators to update settings like Site Name, messages and email address, etc.\";s:2:\"ar\";s:161:\"تمكن المدراء من تحديث الإعدادات كإسم الموقع، والرسائل وعناوين البريد الإلكتروني، .. إلخ.\";s:2:\"br\";s:120:\"Permite com que administradores e a equipe consigam trocar as configurações do website incluindo o nome e descrição.\";s:2:\"pt\";s:113:\"Permite com que os administradores consigam alterar as configurações do website incluindo o nome e descrição.\";s:2:\"cs\";s:102:\"Umožňuje administrátorům měnit nastavení webu jako jeho jméno, zprávy a emailovou adresu apod.\";s:2:\"da\";s:90:\"Lader administratorer opdatere indstillinger som sidenavn, beskeder og email adresse, etc.\";s:2:\"de\";s:92:\"Erlaubt es Administratoren die Einstellungen der Seite wie Name und Beschreibung zu ändern.\";s:2:\"el\";s:230:\"Επιτρέπει στους διαχειριστές να τροποποιήσουν ρυθμίσεις όπως το Όνομα του Ιστοτόπου, τα μηνύματα και τις διευθύνσεις email, κ.α.\";s:2:\"es\";s:131:\"Permite a los administradores y al personal configurar los detalles del sitio como el nombre del sitio y la descripción del mismo.\";s:2:\"fa\";s:105:\"تنظیمات سایت در این ماژول توسط ادمین هاس سایت انجام می شود\";s:2:\"fi\";s:105:\"Mahdollistaa sivuston asetusten muokkaamisen, kuten sivuston nimen, viestit ja sähköpostiosoitteet yms.\";s:2:\"fr\";s:118:\"Permet aux admistrateurs de modifier les paramètres du site : nom du site, description, messages, adresse email, etc.\";s:2:\"he\";s:116:\"ניהול הגדרות שונות של האתר כגון: שם האתר, הודעות, כתובות דואר וכו\";s:2:\"id\";s:112:\"Memungkinkan administrator untuk dapat memperbaharui pengaturan seperti nama situs, pesan dan alamat email, dsb.\";s:2:\"it\";s:109:\"Permette agli amministratori di aggiornare impostazioni quali Nome del Sito, messaggi e indirizzo email, etc.\";s:2:\"lt\";s:104:\"Leidžia administratoriams keisti puslapio vavadinimą, žinutes, administratoriaus el. pašta ir kitą.\";s:2:\"nl\";s:114:\"Maakt het administratoren en medewerkers mogelijk om websiteinstellingen zoals naam en beschrijving te veranderen.\";s:2:\"pl\";s:103:\"Umożliwia administratorom zmianę ustawień strony jak nazwa strony, opis, e-mail administratora, itd.\";s:2:\"ru\";s:135:\"Управление настройками сайта - Имя сайта, сообщения, почтовые адреса и т.п.\";s:2:\"sl\";s:98:\"Dovoljuje administratorjem posodobitev nastavitev kot je Ime strani, sporočil, email naslova itd.\";s:2:\"tw\";s:99:\"網站管理者可更新的重要網站設定。例如：網站名稱、訊息、電子郵件等。\";s:2:\"cn\";s:99:\"网站管理者可更新的重要网站设定。例如：网站名称、讯息、电子邮件等。\";s:2:\"hu\";s:125:\"Lehetővé teszi az adminok számára a beállítások frissítését, mint a weboldal neve, üzenetek, e-mail címek, stb...\";s:2:\"th\";s:232:\"ให้ผู้ดูแลระบบสามารถปรับปรุงการตั้งค่าเช่นชื่อเว็บไซต์ ข้อความและอีเมล์เป็นต้น\";s:2:\"se\";s:84:\"Administratören kan uppdatera webbplatsens titel, meddelanden och E-postadress etc.\";}',1,0,1,'settings',1,1,1,1444569623),(2,'a:11:{s:2:\"en\";s:12:\"Streams Core\";s:2:\"pt\";s:14:\"Núcleo Fluxos\";s:2:\"fr\";s:10:\"Noyau Flux\";s:2:\"el\";s:23:\"Πυρήνας Ροών\";s:2:\"se\";s:18:\"Streams grundmodul\";s:2:\"tw\";s:14:\"Streams 核心\";s:2:\"cn\";s:14:\"Streams 核心\";s:2:\"ar\";s:31:\"الجداول الأساسية\";s:2:\"it\";s:12:\"Streams Core\";s:2:\"fa\";s:26:\"هسته استریم ها\";s:2:\"fi\";s:13:\"Striimit ydin\";}','streams_core','1.0.0',NULL,'a:11:{s:2:\"en\";s:29:\"Core data module for streams.\";s:2:\"pt\";s:37:\"Módulo central de dados para fluxos.\";s:2:\"fr\";s:32:\"Noyau de données pour les Flux.\";s:2:\"el\";s:113:\"Προγραμματιστικός πυρήνας για την λειτουργία ροών δεδομένων.\";s:2:\"se\";s:50:\"Streams grundmodul för enklare hantering av data.\";s:2:\"tw\";s:29:\"Streams 核心資料模組。\";s:2:\"cn\";s:29:\"Streams 核心资料模组。\";s:2:\"ar\";s:57:\"وحدة البيانات الأساسية للجداول\";s:2:\"it\";s:17:\"Core dello Stream\";s:2:\"fa\";s:48:\"ماژول مرکزی برای استریم ها\";s:2:\"fi\";s:48:\"Ydin datan hallinoiva moduuli striimejä varten.\";}',1,0,0,'0',1,1,1,1444569623),(3,'a:21:{s:2:\"en\";s:15:\"Email Templates\";s:2:\"ar\";s:48:\"قوالب الرسائل الإلكترونية\";s:2:\"br\";s:17:\"Modelos de e-mail\";s:2:\"pt\";s:17:\"Modelos de e-mail\";s:2:\"da\";s:16:\"Email skabeloner\";s:2:\"el\";s:22:\"Δυναμικά email\";s:2:\"es\";s:19:\"Plantillas de email\";s:2:\"fa\";s:26:\"قالب های ایمیل\";s:2:\"fr\";s:17:\"Modèles d\'emails\";s:2:\"he\";s:12:\"תבניות\";s:2:\"id\";s:14:\"Template Email\";s:2:\"lt\";s:22:\"El. laiškų šablonai\";s:2:\"nl\";s:15:\"Email sjablonen\";s:2:\"ru\";s:25:\"Шаблоны почты\";s:2:\"sl\";s:14:\"Email predloge\";s:2:\"tw\";s:12:\"郵件範本\";s:2:\"cn\";s:12:\"邮件范本\";s:2:\"hu\";s:15:\"E-mail sablonok\";s:2:\"fi\";s:25:\"Sähköposti viestipohjat\";s:2:\"th\";s:33:\"แม่แบบอีเมล\";s:2:\"se\";s:12:\"E-postmallar\";}','templates','1.1.0',NULL,'a:21:{s:2:\"en\";s:46:\"Create, edit, and save dynamic email templates\";s:2:\"ar\";s:97:\"أنشئ، عدّل واحفظ قوالب البريد الإلكترني الديناميكية.\";s:2:\"br\";s:51:\"Criar, editar e salvar modelos de e-mail dinâmicos\";s:2:\"pt\";s:51:\"Criar, editar e salvar modelos de e-mail dinâmicos\";s:2:\"da\";s:49:\"Opret, redigér og gem dynamiske emailskabeloner.\";s:2:\"el\";s:108:\"Δημιουργήστε, επεξεργαστείτε και αποθηκεύστε δυναμικά email.\";s:2:\"es\";s:54:\"Crear, editar y guardar plantillas de email dinámicas\";s:2:\"fa\";s:92:\"ایحاد، ویرایش و ذخیره ی قالب های ایمیل به صورت پویا\";s:2:\"fr\";s:61:\"Créer, éditer et sauver dynamiquement des modèles d\'emails\";s:2:\"he\";s:54:\"ניהול של תבניות דואר אלקטרוני\";s:2:\"id\";s:55:\"Membuat, mengedit, dan menyimpan template email dinamis\";s:2:\"lt\";s:58:\"Kurk, tvarkyk ir saugok dinaminius el. laiškų šablonus.\";s:2:\"nl\";s:49:\"Maak, bewerk, en beheer dynamische emailsjablonen\";s:2:\"ru\";s:127:\"Создавайте, редактируйте и сохраняйте динамические почтовые шаблоны\";s:2:\"sl\";s:52:\"Ustvari, uredi in shrani spremenljive email predloge\";s:2:\"tw\";s:61:\"新增、編輯與儲存可顯示動態資料的 email 範本\";s:2:\"cn\";s:61:\"新增、编辑与储存可显示动态资料的 email 范本\";s:2:\"hu\";s:63:\"Csináld, szerkeszd és mentsd el a dinamikus e-mail sablonokat\";s:2:\"fi\";s:66:\"Lisää, muokkaa ja tallenna dynaamisia sähköposti viestipohjia.\";s:2:\"th\";s:129:\"การสร้างแก้ไขและบันทึกแม่แบบอีเมลแบบไดนามิก\";s:2:\"se\";s:49:\"Skapa, redigera och spara dynamiska E-postmallar.\";}',1,0,1,'structure',1,1,1,1444569623),(4,'a:25:{s:2:\"en\";s:7:\"Add-ons\";s:2:\"ar\";s:16:\"الإضافات\";s:2:\"br\";s:12:\"Complementos\";s:2:\"pt\";s:12:\"Complementos\";s:2:\"cs\";s:8:\"Doplňky\";s:2:\"da\";s:7:\"Add-ons\";s:2:\"de\";s:13:\"Erweiterungen\";s:2:\"el\";s:16:\"Πρόσθετα\";s:2:\"es\";s:9:\"Agregados\";s:2:\"fa\";s:17:\"افزونه ها\";s:2:\"fi\";s:9:\"Lisäosat\";s:2:\"fr\";s:10:\"Extensions\";s:2:\"he\";s:12:\"תוספות\";s:2:\"id\";s:7:\"Pengaya\";s:2:\"it\";s:7:\"Add-ons\";s:2:\"lt\";s:7:\"Priedai\";s:2:\"nl\";s:7:\"Add-ons\";s:2:\"pl\";s:12:\"Rozszerzenia\";s:2:\"ru\";s:20:\"Дополнения\";s:2:\"sl\";s:11:\"Razširitve\";s:2:\"tw\";s:12:\"附加模組\";s:2:\"cn\";s:12:\"附加模组\";s:2:\"hu\";s:14:\"Bővítmények\";s:2:\"th\";s:27:\"ส่วนเสริม\";s:2:\"se\";s:8:\"Tillägg\";}','addons','2.0.0',NULL,'a:25:{s:2:\"en\";s:59:\"Allows admins to see a list of currently installed modules.\";s:2:\"ar\";s:91:\"تُمكّن المُدراء من معاينة جميع الوحدات المُثبّتة.\";s:2:\"br\";s:75:\"Permite aos administradores ver a lista dos módulos instalados atualmente.\";s:2:\"pt\";s:75:\"Permite aos administradores ver a lista dos módulos instalados atualmente.\";s:2:\"cs\";s:68:\"Umožňuje administrátorům vidět seznam nainstalovaných modulů.\";s:2:\"da\";s:63:\"Lader administratorer se en liste over de installerede moduler.\";s:2:\"de\";s:56:\"Zeigt Administratoren alle aktuell installierten Module.\";s:2:\"el\";s:152:\"Επιτρέπει στους διαχειριστές να προβάλουν μια λίστα των εγκατεστημένων πρόσθετων.\";s:2:\"es\";s:71:\"Permite a los administradores ver una lista de los módulos instalados.\";s:2:\"fa\";s:93:\"مشاهده لیست افزونه ها و مدیریت آنها برای ادمین سایت\";s:2:\"fi\";s:60:\"Listaa järjestelmänvalvojalle käytössä olevat moduulit.\";s:2:\"fr\";s:66:\"Permet aux administrateurs de voir la liste des modules installés\";s:2:\"he\";s:160:\"נותן אופציה למנהל לראות רשימה של המודולים אשר מותקנים כעת באתר או להתקין מודולים נוספים\";s:2:\"id\";s:57:\"Memperlihatkan kepada admin daftar modul yang terinstall.\";s:2:\"it\";s:83:\"Permette agli amministratori di vedere una lista dei moduli attualmente installati.\";s:2:\"lt\";s:75:\"Vartotojai ir svečiai gali komentuoti jūsų naujienas, puslapius ar foto.\";s:2:\"nl\";s:79:\"Stelt admins in staat om een overzicht van geinstalleerde modules te genereren.\";s:2:\"pl\";s:81:\"Umożliwiają administratorowi wgląd do listy obecnie zainstalowanych modułów.\";s:2:\"ru\";s:83:\"Список модулей, которые установлены на сайте.\";s:2:\"sl\";s:65:\"Dovoljuje administratorjem pregled trenutno nameščenih modulov.\";s:2:\"tw\";s:54:\"管理員可以檢視目前已經安裝模組的列表\";s:2:\"cn\";s:54:\"管理员可以检视目前已经安装模组的列表\";s:2:\"hu\";s:79:\"Lehetővé teszi az adminoknak, hogy lássák a telepített modulok listáját.\";s:2:\"th\";s:162:\"ช่วยให้ผู้ดูแลระบบดูรายการของโมดูลที่ติดตั้งในปัจจุบัน\";s:2:\"se\";s:67:\"Gör det möjligt för administratören att se installerade mouler.\";}',0,0,1,'0',1,1,1,1444569623),(5,'a:17:{s:2:\"en\";s:4:\"Blog\";s:2:\"ar\";s:16:\"المدوّنة\";s:2:\"br\";s:4:\"Blog\";s:2:\"pt\";s:4:\"Blog\";s:2:\"el\";s:18:\"Ιστολόγιο\";s:2:\"fa\";s:8:\"بلاگ\";s:2:\"he\";s:8:\"בלוג\";s:2:\"id\";s:4:\"Blog\";s:2:\"lt\";s:6:\"Blogas\";s:2:\"pl\";s:4:\"Blog\";s:2:\"ru\";s:8:\"Блог\";s:2:\"tw\";s:6:\"文章\";s:2:\"cn\";s:6:\"文章\";s:2:\"hu\";s:4:\"Blog\";s:2:\"fi\";s:5:\"Blogi\";s:2:\"th\";s:15:\"บล็อก\";s:2:\"se\";s:5:\"Blogg\";}','blog','2.0.0',NULL,'a:25:{s:2:\"en\";s:18:\"Post blog entries.\";s:2:\"ar\";s:48:\"أنشر المقالات على مدوّنتك.\";s:2:\"br\";s:30:\"Escrever publicações de blog\";s:2:\"pt\";s:39:\"Escrever e editar publicações no blog\";s:2:\"cs\";s:49:\"Publikujte nové články a příspěvky na blog.\";s:2:\"da\";s:17:\"Skriv blogindlæg\";s:2:\"de\";s:47:\"Veröffentliche neue Artikel und Blog-Einträge\";s:2:\"sl\";s:23:\"Objavite blog prispevke\";s:2:\"fi\";s:28:\"Kirjoita blogi artikkeleita.\";s:2:\"el\";s:93:\"Δημιουργήστε άρθρα και εγγραφές στο ιστολόγιο σας.\";s:2:\"es\";s:54:\"Escribe entradas para los artículos y blog (web log).\";s:2:\"fa\";s:44:\"مقالات منتشر شده در بلاگ\";s:2:\"fr\";s:34:\"Poster des articles d\'actualités.\";s:2:\"he\";s:19:\"ניהול בלוג\";s:2:\"id\";s:15:\"Post entri blog\";s:2:\"it\";s:36:\"Pubblica notizie e post per il blog.\";s:2:\"lt\";s:40:\"Rašykite naujienas bei blog\'o įrašus.\";s:2:\"nl\";s:41:\"Post nieuwsartikelen en blogs op uw site.\";s:2:\"pl\";s:27:\"Dodawaj nowe wpisy na blogu\";s:2:\"ru\";s:49:\"Управление записями блога.\";s:2:\"tw\";s:42:\"發表新聞訊息、部落格等文章。\";s:2:\"cn\";s:42:\"发表新闻讯息、部落格等文章。\";s:2:\"th\";s:48:\"โพสต์รายการบล็อก\";s:2:\"hu\";s:32:\"Blog bejegyzések létrehozása.\";s:2:\"se\";s:18:\"Inlägg i bloggen.\";}',1,1,1,'content',1,1,1,1444569623),(6,'a:25:{s:2:\"en\";s:8:\"Comments\";s:2:\"ar\";s:18:\"التعليقات\";s:2:\"br\";s:12:\"Comentários\";s:2:\"pt\";s:12:\"Comentários\";s:2:\"cs\";s:11:\"Komentáře\";s:2:\"da\";s:11:\"Kommentarer\";s:2:\"de\";s:10:\"Kommentare\";s:2:\"el\";s:12:\"Σχόλια\";s:2:\"es\";s:11:\"Comentarios\";s:2:\"fi\";s:9:\"Kommentit\";s:2:\"fr\";s:12:\"Commentaires\";s:2:\"fa\";s:10:\"نظرات\";s:2:\"he\";s:12:\"תגובות\";s:2:\"id\";s:8:\"Komentar\";s:2:\"it\";s:8:\"Commenti\";s:2:\"lt\";s:10:\"Komentarai\";s:2:\"nl\";s:8:\"Reacties\";s:2:\"pl\";s:10:\"Komentarze\";s:2:\"ru\";s:22:\"Комментарии\";s:2:\"sl\";s:10:\"Komentarji\";s:2:\"tw\";s:6:\"回應\";s:2:\"cn\";s:6:\"回应\";s:2:\"hu\";s:16:\"Hozzászólások\";s:2:\"th\";s:33:\"ความคิดเห็น\";s:2:\"se\";s:11:\"Kommentarer\";}','comments','1.1.0',NULL,'a:25:{s:2:\"en\";s:76:\"Users and guests can write comments for content like blog, pages and photos.\";s:2:\"ar\";s:152:\"يستطيع الأعضاء والزوّار كتابة التعليقات على المُحتوى كالأخبار، والصفحات والصّوَر.\";s:2:\"br\";s:97:\"Usuários e convidados podem escrever comentários para quase tudo com suporte nativo ao captcha.\";s:2:\"pt\";s:100:\"Utilizadores e convidados podem escrever comentários para quase tudo com suporte nativo ao captcha.\";s:2:\"cs\";s:100:\"Uživatelé a hosté mohou psát komentáře k obsahu, např. neovinkám, stránkám a fotografiím.\";s:2:\"da\";s:83:\"Brugere og besøgende kan skrive kommentarer til indhold som blog, sider og fotoer.\";s:2:\"de\";s:65:\"Benutzer und Gäste können für fast alles Kommentare schreiben.\";s:2:\"el\";s:224:\"Οι χρήστες και οι επισκέπτες μπορούν να αφήνουν σχόλια για περιεχόμενο όπως το ιστολόγιο, τις σελίδες και τις φωτογραφίες.\";s:2:\"es\";s:130:\"Los usuarios y visitantes pueden escribir comentarios en casi todo el contenido con el soporte de un sistema de captcha incluído.\";s:2:\"fa\";s:168:\"کاربران و مهمان ها می توانند نظرات خود را بر روی محتوای سایت در بلاگ و دیگر قسمت ها ارائه دهند\";s:2:\"fi\";s:107:\"Käyttäjät ja vieraat voivat kirjoittaa kommentteja eri sisältöihin kuten uutisiin, sivuihin ja kuviin.\";s:2:\"fr\";s:130:\"Les utilisateurs et les invités peuvent écrire des commentaires pour quasiment tout grâce au générateur de captcha intégré.\";s:2:\"he\";s:94:\"משתמשי האתר יכולים לרשום תגובות למאמרים, תמונות וכו\";s:2:\"id\";s:100:\"Pengguna dan pengunjung dapat menuliskan komentaruntuk setiap konten seperti blog, halaman dan foto.\";s:2:\"it\";s:85:\"Utenti e visitatori possono scrivere commenti ai contenuti quali blog, pagine e foto.\";s:2:\"lt\";s:75:\"Vartotojai ir svečiai gali komentuoti jūsų naujienas, puslapius ar foto.\";s:2:\"nl\";s:52:\"Gebruikers en gasten kunnen reageren op bijna alles.\";s:2:\"pl\";s:93:\"Użytkownicy i goście mogą dodawać komentarze z wbudowanym systemem zabezpieczeń captcha.\";s:2:\"ru\";s:187:\"Пользователи и гости могут добавлять комментарии к новостям, информационным страницам и фотографиям.\";s:2:\"sl\";s:89:\"Uporabniki in obiskovalci lahko vnesejo komentarje na vsebino kot je blok, stra ali slike\";s:2:\"tw\";s:75:\"用戶和訪客可以針對新聞、頁面與照片等內容發表回應。\";s:2:\"cn\";s:75:\"用户和访客可以针对新闻、页面与照片等内容发表回应。\";s:2:\"hu\";s:117:\"A felhasználók és a vendégek hozzászólásokat írhatnak a tartalomhoz (bejegyzésekhez, oldalakhoz, fotókhoz).\";s:2:\"th\";s:240:\"ผู้ใช้งานและผู้เยี่ยมชมสามารถเขียนความคิดเห็นในเนื้อหาของหน้าเว็บบล็อกและภาพถ่าย\";s:2:\"se\";s:98:\"Användare och besökare kan skriva kommentarer till innehåll som blogginlägg, sidor och bilder.\";}',0,0,1,'content',0,1,1,1444569623),(7,'a:25:{s:2:\"en\";s:7:\"Contact\";s:2:\"ar\";s:14:\"الإتصال\";s:2:\"br\";s:7:\"Contato\";s:2:\"pt\";s:8:\"Contacto\";s:2:\"cs\";s:7:\"Kontakt\";s:2:\"da\";s:7:\"Kontakt\";s:2:\"de\";s:7:\"Kontakt\";s:2:\"el\";s:22:\"Επικοινωνία\";s:2:\"es\";s:8:\"Contacto\";s:2:\"fa\";s:18:\"تماس با ما\";s:2:\"fi\";s:13:\"Ota yhteyttä\";s:2:\"fr\";s:7:\"Contact\";s:2:\"he\";s:17:\"יצירת קשר\";s:2:\"id\";s:6:\"Kontak\";s:2:\"it\";s:10:\"Contattaci\";s:2:\"lt\";s:18:\"Kontaktinė formą\";s:2:\"nl\";s:7:\"Contact\";s:2:\"pl\";s:7:\"Kontakt\";s:2:\"ru\";s:27:\"Обратная связь\";s:2:\"sl\";s:7:\"Kontakt\";s:2:\"tw\";s:12:\"聯絡我們\";s:2:\"cn\";s:12:\"联络我们\";s:2:\"hu\";s:9:\"Kapcsolat\";s:2:\"th\";s:18:\"ติดต่อ\";s:2:\"se\";s:7:\"Kontakt\";}','contact','1.0.0',NULL,'a:25:{s:2:\"en\";s:112:\"Adds a form to your site that allows visitors to send emails to you without disclosing an email address to them.\";s:2:\"ar\";s:157:\"إضافة استمارة إلى موقعك تُمكّن الزوّار من مراسلتك دون علمهم بعنوان البريد الإلكتروني.\";s:2:\"br\";s:139:\"Adiciona um formulário para o seu site permitir aos visitantes que enviem e-mails para voce sem divulgar um endereço de e-mail para eles.\";s:2:\"pt\";s:116:\"Adiciona um formulário ao seu site que permite aos visitantes enviarem e-mails sem divulgar um endereço de e-mail.\";s:2:\"cs\";s:149:\"Přidá na web kontaktní formulář pro návštěvníky a uživatele, díky kterému vás mohou kontaktovat i bez znalosti vaší e-mailové adresy.\";s:2:\"da\";s:123:\"Tilføjer en formular på din side som tillader besøgende at sende mails til dig, uden at du skal opgive din email-adresse\";s:2:\"de\";s:119:\"Fügt ein Formular hinzu, welches Besuchern erlaubt Emails zu schreiben, ohne die Kontakt Email-Adresse offen zu legen.\";s:2:\"el\";s:273:\"Προσθέτει μια φόρμα στον ιστότοπό σας που επιτρέπει σε επισκέπτες να σας στέλνουν μηνύμα μέσω email χωρίς να τους αποκαλύπτεται η διεύθυνση του email σας.\";s:2:\"fa\";s:239:\"فرم تماس را به سایت اضافه می کند تا مراجعین بتوانند بدون اینکه ایمیل شما را بدانند برای شما پیغام هایی را از طریق ایمیل ارسال نمایند.\";s:2:\"es\";s:156:\"Añade un formulario a tu sitio que permitirá a los visitantes enviarte correos electrónicos a ti sin darles tu dirección de correo directamente a ellos.\";s:2:\"fi\";s:128:\"Luo lomakkeen sivustollesi, josta kävijät voivat lähettää sähköpostia tietämättä vastaanottajan sähköpostiosoitetta.\";s:2:\"fr\";s:122:\"Ajoute un formulaire à votre site qui permet aux visiteurs de vous envoyer un e-mail sans révéler votre adresse e-mail.\";s:2:\"he\";s:155:\"מוסיף תופס יצירת קשר לאתר על מנת לא לחסוף כתובת דואר האלקטרוני של האתר למנועי פרסומות\";s:2:\"id\";s:149:\"Menambahkan formulir ke dalam situs Anda yang memungkinkan pengunjung untuk mengirimkan email kepada Anda tanpa memberikan alamat email kepada mereka\";s:2:\"it\";s:119:\"Aggiunge un modulo al tuo sito che permette ai visitatori di inviarti email senza mostrare loro il tuo indirizzo email.\";s:2:\"lt\";s:124:\"Prideda jūsų puslapyje formą leidžianti lankytojams siūsti jums el. laiškus neatskleidžiant jūsų el. pašto adreso.\";s:2:\"nl\";s:125:\"Voegt een formulier aan de site toe waarmee bezoekers een email kunnen sturen, zonder dat u ze een emailadres hoeft te tonen.\";s:2:\"pl\";s:126:\"Dodaje formularz kontaktowy do Twojej strony, który pozwala użytkownikom wysłanie maila za pomocą formularza kontaktowego.\";s:2:\"ru\";s:234:\"Добавляет форму обратной связи на сайт, через которую посетители могут отправлять вам письма, при этом адрес Email остаётся скрыт.\";s:2:\"sl\";s:113:\"Dodaj obrazec za kontakt da vam lahko obiskovalci pošljejo sporočilo brez da bi jim razkrili vaš email naslov.\";s:2:\"tw\";s:147:\"為您的網站新增「聯絡我們」的功能，對訪客是較為清楚便捷的聯絡方式，也無須您將電子郵件公開在網站上。\";s:2:\"cn\";s:147:\"为您的网站新增“联络我们”的功能，对访客是较为清楚便捷的联络方式，也无须您将电子邮件公开在网站上。\";s:2:\"th\";s:316:\"เพิ่มแบบฟอร์มในเว็บไซต์ของคุณ ช่วยให้ผู้เยี่ยมชมสามารถส่งอีเมลถึงคุณโดยไม่ต้องเปิดเผยที่อยู่อีเมลของพวกเขา\";s:2:\"hu\";s:156:\"Létrehozható vele olyan űrlap, amely lehetővé teszi a látogatók számára, hogy e-mailt küldjenek neked úgy, hogy nem feded fel az e-mail címedet.\";s:2:\"se\";s:53:\"Lägger till ett kontaktformulär till din webbplats.\";}',0,0,0,'0',1,1,1,1444569623),(8,'a:8:{s:2:\"en\";s:7:\"Domains\";s:2:\"el\";s:7:\"Domains\";s:2:\"fr\";s:8:\"Domaines\";s:2:\"se\";s:8:\"Domäner\";s:2:\"it\";s:6:\"Domini\";s:2:\"ar\";s:27:\"أسماء النطاقات\";s:2:\"tw\";s:6:\"網域\";s:2:\"cn\";s:6:\"网域\";}','domains','1.0.0',NULL,'a:8:{s:2:\"en\";s:39:\"Create domain aliases for your website.\";s:2:\"el\";s:91:\"Διαχειριστείτε συνώνυμα domain για τον ιστότοπό σας.\";s:2:\"fr\";s:47:\"Créer des alias de domaine pour votre site web\";s:2:\"se\";s:36:\"Skapa domänalias för din webbplats\";s:2:\"it\";s:26:\"Crea alias per il tuo sito\";s:2:\"ar\";s:57:\"أنشئ أسماء نطاقات بديلة لموقعك.\";s:2:\"tw\";s:33:\"為您的網站建立網域別名\";s:2:\"cn\";s:33:\"为您的网站建立网域别名\";}',0,0,1,'structure',0,1,1,1444569623),(9,'a:24:{s:2:\"en\";s:5:\"Files\";s:2:\"ar\";s:16:\"الملفّات\";s:2:\"br\";s:8:\"Arquivos\";s:2:\"pt\";s:9:\"Ficheiros\";s:2:\"cs\";s:7:\"Soubory\";s:2:\"da\";s:5:\"Filer\";s:2:\"de\";s:7:\"Dateien\";s:2:\"el\";s:12:\"Αρχεία\";s:2:\"es\";s:8:\"Archivos\";s:2:\"fa\";s:13:\"فایل ها\";s:2:\"fi\";s:9:\"Tiedostot\";s:2:\"fr\";s:8:\"Fichiers\";s:2:\"he\";s:10:\"קבצים\";s:2:\"id\";s:4:\"File\";s:2:\"it\";s:4:\"File\";s:2:\"lt\";s:6:\"Failai\";s:2:\"nl\";s:9:\"Bestanden\";s:2:\"ru\";s:10:\"Файлы\";s:2:\"sl\";s:8:\"Datoteke\";s:2:\"tw\";s:6:\"檔案\";s:2:\"cn\";s:6:\"档案\";s:2:\"hu\";s:7:\"Fájlok\";s:2:\"th\";s:12:\"ไฟล์\";s:2:\"se\";s:5:\"Filer\";}','files','2.0.0',NULL,'a:24:{s:2:\"en\";s:40:\"Manages files and folders for your site.\";s:2:\"ar\";s:50:\"إدارة ملفات ومجلّدات موقعك.\";s:2:\"br\";s:53:\"Permite gerenciar facilmente os arquivos de seu site.\";s:2:\"pt\";s:59:\"Permite gerir facilmente os ficheiros e pastas do seu site.\";s:2:\"cs\";s:43:\"Spravujte soubory a složky na vašem webu.\";s:2:\"da\";s:41:\"Administrer filer og mapper for dit site.\";s:2:\"de\";s:35:\"Verwalte Dateien und Verzeichnisse.\";s:2:\"el\";s:100:\"Διαχειρίζεται αρχεία και φακέλους για το ιστότοπό σας.\";s:2:\"es\";s:43:\"Administra archivos y carpetas en tu sitio.\";s:2:\"fa\";s:79:\"مدیریت فایل های چند رسانه ای و فولدر ها سایت\";s:2:\"fi\";s:43:\"Hallitse sivustosi tiedostoja ja kansioita.\";s:2:\"fr\";s:46:\"Gérer les fichiers et dossiers de votre site.\";s:2:\"he\";s:47:\"ניהול תיקיות וקבצים שבאתר\";s:2:\"id\";s:42:\"Mengatur file dan folder dalam situs Anda.\";s:2:\"it\";s:38:\"Gestisci file e cartelle del tuo sito.\";s:2:\"lt\";s:28:\"Katalogų ir bylų valdymas.\";s:2:\"nl\";s:41:\"Beheer bestanden en mappen op uw website.\";s:2:\"ru\";s:78:\"Управление файлами и папками вашего сайта.\";s:2:\"sl\";s:38:\"Uredi datoteke in mape na vaši strani\";s:2:\"tw\";s:33:\"管理網站中的檔案與目錄\";s:2:\"cn\";s:33:\"管理网站中的档案与目录\";s:2:\"hu\";s:41:\"Fájlok és mappák kezelése az oldalon.\";s:2:\"th\";s:141:\"บริหารจัดการไฟล์และโฟลเดอร์สำหรับเว็บไซต์ของคุณ\";s:2:\"se\";s:45:\"Hanterar filer och mappar för din webbplats.\";}',0,0,1,'content',1,1,1,1444569623),(10,'a:24:{s:2:\"en\";s:6:\"Groups\";s:2:\"ar\";s:18:\"المجموعات\";s:2:\"br\";s:6:\"Grupos\";s:2:\"pt\";s:6:\"Grupos\";s:2:\"cs\";s:7:\"Skupiny\";s:2:\"da\";s:7:\"Grupper\";s:2:\"de\";s:7:\"Gruppen\";s:2:\"el\";s:12:\"Ομάδες\";s:2:\"es\";s:6:\"Grupos\";s:2:\"fa\";s:13:\"گروه ها\";s:2:\"fi\";s:7:\"Ryhmät\";s:2:\"fr\";s:7:\"Groupes\";s:2:\"he\";s:12:\"קבוצות\";s:2:\"id\";s:4:\"Grup\";s:2:\"it\";s:6:\"Gruppi\";s:2:\"lt\";s:7:\"Grupės\";s:2:\"nl\";s:7:\"Groepen\";s:2:\"ru\";s:12:\"Группы\";s:2:\"sl\";s:7:\"Skupine\";s:2:\"tw\";s:6:\"群組\";s:2:\"cn\";s:6:\"群组\";s:2:\"hu\";s:9:\"Csoportok\";s:2:\"th\";s:15:\"กลุ่ม\";s:2:\"se\";s:7:\"Grupper\";}','groups','1.0.0',NULL,'a:24:{s:2:\"en\";s:54:\"Users can be placed into groups to manage permissions.\";s:2:\"ar\";s:100:\"يمكن وضع المستخدمين في مجموعات لتسهيل إدارة صلاحياتهم.\";s:2:\"br\";s:72:\"Usuários podem ser inseridos em grupos para gerenciar suas permissões.\";s:2:\"pt\";s:74:\"Utilizadores podem ser inseridos em grupos para gerir as suas permissões.\";s:2:\"cs\";s:77:\"Uživatelé mohou být rozřazeni do skupin pro lepší správu oprávnění.\";s:2:\"da\";s:49:\"Brugere kan inddeles i grupper for adgangskontrol\";s:2:\"de\";s:85:\"Benutzer können zu Gruppen zusammengefasst werden um diesen Zugriffsrechte zu geben.\";s:2:\"el\";s:168:\"Οι χρήστες μπορούν να τοποθετηθούν σε ομάδες και έτσι να διαχειριστείτε τα δικαιώματά τους.\";s:2:\"es\";s:75:\"Los usuarios podrán ser colocados en grupos para administrar sus permisos.\";s:2:\"fa\";s:149:\"کاربرها می توانند در گروه های ساماندهی شوند تا بتوان اجازه های مختلفی را ایجاد کرد\";s:2:\"fi\";s:84:\"Käyttäjät voidaan liittää ryhmiin, jotta käyttöoikeuksia voidaan hallinnoida.\";s:2:\"fr\";s:82:\"Les utilisateurs peuvent appartenir à des groupes afin de gérer les permissions.\";s:2:\"he\";s:62:\"נותן אפשרות לאסוף משתמשים לקבוצות\";s:2:\"id\";s:68:\"Pengguna dapat dikelompokkan ke dalam grup untuk mengatur perizinan.\";s:2:\"it\";s:69:\"Gli utenti possono essere inseriti in gruppi per gestirne i permessi.\";s:2:\"lt\";s:67:\"Vartotojai gali būti priskirti grupei tam, kad valdyti jų teises.\";s:2:\"nl\";s:73:\"Gebruikers kunnen in groepen geplaatst worden om rechten te kunnen geven.\";s:2:\"ru\";s:134:\"Пользователей можно объединять в группы, для управления правами доступа.\";s:2:\"sl\";s:64:\"Uporabniki so lahko razvrščeni v skupine za urejanje dovoljenj\";s:2:\"tw\";s:45:\"用戶可以依群組分類並管理其權限\";s:2:\"cn\";s:45:\"用户可以依群组分类并管理其权限\";s:2:\"hu\";s:73:\"A felhasználók csoportokba rendezhetőek a jogosultságok kezelésére.\";s:2:\"th\";s:84:\"สามารถวางผู้ใช้ลงในกลุ่มเพื่\";s:2:\"se\";s:76:\"Användare kan delas in i grupper för att hantera roller och behörigheter.\";}',0,0,1,'users',1,1,1,1444569623),(11,'a:17:{s:2:\"en\";s:8:\"Keywords\";s:2:\"ar\";s:21:\"كلمات البحث\";s:2:\"br\";s:14:\"Palavras-chave\";s:2:\"pt\";s:14:\"Palavras-chave\";s:2:\"da\";s:9:\"Nøgleord\";s:2:\"el\";s:27:\"Λέξεις Κλειδιά\";s:2:\"fa\";s:21:\"کلمات کلیدی\";s:2:\"fr\";s:10:\"Mots-Clés\";s:2:\"id\";s:10:\"Kata Kunci\";s:2:\"nl\";s:14:\"Sleutelwoorden\";s:2:\"tw\";s:6:\"鍵詞\";s:2:\"cn\";s:6:\"键词\";s:2:\"hu\";s:11:\"Kulcsszavak\";s:2:\"fi\";s:10:\"Avainsanat\";s:2:\"sl\";s:15:\"Ključne besede\";s:2:\"th\";s:15:\"คำค้น\";s:2:\"se\";s:9:\"Nyckelord\";}','keywords','1.1.0',NULL,'a:17:{s:2:\"en\";s:71:\"Maintain a central list of keywords to label and organize your content.\";s:2:\"ar\";s:124:\"أنشئ مجموعة من كلمات البحث التي تستطيع من خلالها وسم وتنظيم المحتوى.\";s:2:\"br\";s:85:\"Mantém uma lista central de palavras-chave para rotular e organizar o seu conteúdo.\";s:2:\"pt\";s:85:\"Mantém uma lista central de palavras-chave para rotular e organizar o seu conteúdo.\";s:2:\"da\";s:72:\"Vedligehold en central liste af nøgleord for at organisere dit indhold.\";s:2:\"el\";s:181:\"Συντηρεί μια κεντρική λίστα από λέξεις κλειδιά για να οργανώνετε μέσω ετικετών το περιεχόμενό σας.\";s:2:\"fa\";s:110:\"حفظ و نگهداری لیست مرکزی از کلمات کلیدی برای سازماندهی محتوا\";s:2:\"fr\";s:87:\"Maintenir une liste centralisée de Mots-Clés pour libeller et organiser vos contenus.\";s:2:\"id\";s:71:\"Memantau daftar kata kunci untuk melabeli dan mengorganisasikan konten.\";s:2:\"nl\";s:91:\"Beheer een centrale lijst van sleutelwoorden om uw content te categoriseren en organiseren.\";s:2:\"tw\";s:64:\"集中管理可用於標題與內容的鍵詞(keywords)列表。\";s:2:\"cn\";s:64:\"集中管理可用于标题与内容的键词(keywords)列表。\";s:2:\"hu\";s:65:\"Ez egy központi kulcsszó lista a cimkékhez és a tartalmakhoz.\";s:2:\"fi\";s:92:\"Hallinnoi keskitettyä listaa avainsanoista merkitäksesi ja järjestelläksesi sisältöä.\";s:2:\"sl\";s:82:\"Vzdržuj centralni seznam ključnih besed za označevanje in ogranizacijo vsebine.\";s:2:\"th\";s:189:\"ศูนย์กลางการปรับปรุงคำค้นในการติดฉลากและจัดระเบียบเนื้อหาของคุณ\";s:2:\"se\";s:61:\"Hantera nyckelord för att organisera webbplatsens innehåll.\";}',0,0,1,'data',1,1,1,1444569623),(12,'a:15:{s:2:\"en\";s:11:\"Maintenance\";s:2:\"pt\";s:12:\"Manutenção\";s:2:\"ar\";s:14:\"الصيانة\";s:2:\"el\";s:18:\"Συντήρηση\";s:2:\"hu\";s:13:\"Karbantartás\";s:2:\"fa\";s:15:\"نگه داری\";s:2:\"fi\";s:9:\"Ylläpito\";s:2:\"fr\";s:11:\"Maintenance\";s:2:\"id\";s:12:\"Pemeliharaan\";s:2:\"it\";s:12:\"Manutenzione\";s:2:\"se\";s:10:\"Underhåll\";s:2:\"sl\";s:12:\"Vzdrževanje\";s:2:\"th\";s:39:\"การบำรุงรักษา\";s:2:\"tw\";s:6:\"維護\";s:2:\"cn\";s:6:\"维护\";}','maintenance','1.0.0',NULL,'a:15:{s:2:\"en\";s:63:\"Manage the site cache and export information from the database.\";s:2:\"pt\";s:68:\"Gerir o cache do seu site e exportar informações da base de dados.\";s:2:\"ar\";s:81:\"حذف عناصر الذاكرة المخبأة عبر واجهة الإدارة.\";s:2:\"el\";s:142:\"Διαγραφή αντικειμένων προσωρινής αποθήκευσης μέσω της περιοχής διαχείρισης.\";s:2:\"id\";s:60:\"Mengatur cache situs dan mengexport informasi dari database.\";s:2:\"it\";s:65:\"Gestisci la cache del sito e esporta le informazioni dal database\";s:2:\"fa\";s:73:\"مدیریت کش سایت و صدور اطلاعات از دیتابیس\";s:2:\"fr\";s:71:\"Gérer le cache du site et exporter les contenus de la base de données\";s:2:\"fi\";s:59:\"Hallinoi sivuston välimuistia ja vie tietoa tietokannasta.\";s:2:\"hu\";s:66:\"Az oldal gyorsítótár kezelése és az adatbázis exportálása.\";s:2:\"se\";s:76:\"Underhåll webbplatsens cache och exportera data från webbplatsens databas.\";s:2:\"sl\";s:69:\"Upravljaj s predpomnilnikom strani (cache) in izvozi podatke iz baze.\";s:2:\"th\";s:150:\"การจัดการแคชเว็บไซต์และข้อมูลการส่งออกจากฐานข้อมูล\";s:2:\"tw\";s:45:\"經由管理介面手動刪除暫存資料。\";s:2:\"cn\";s:45:\"经由管理介面手动删除暂存资料。\";}',0,0,1,'data',1,1,1,1444569623),(13,'a:25:{s:2:\"en\";s:10:\"Navigation\";s:2:\"ar\";s:14:\"الروابط\";s:2:\"br\";s:11:\"Navegação\";s:2:\"pt\";s:11:\"Navegação\";s:2:\"cs\";s:8:\"Navigace\";s:2:\"da\";s:10:\"Navigation\";s:2:\"de\";s:10:\"Navigation\";s:2:\"el\";s:16:\"Πλοήγηση\";s:2:\"es\";s:11:\"Navegación\";s:2:\"fa\";s:11:\"منو ها\";s:2:\"fi\";s:10:\"Navigointi\";s:2:\"fr\";s:10:\"Navigation\";s:2:\"he\";s:10:\"ניווט\";s:2:\"id\";s:8:\"Navigasi\";s:2:\"it\";s:11:\"Navigazione\";s:2:\"lt\";s:10:\"Navigacija\";s:2:\"nl\";s:9:\"Navigatie\";s:2:\"pl\";s:9:\"Nawigacja\";s:2:\"ru\";s:18:\"Навигация\";s:2:\"sl\";s:10:\"Navigacija\";s:2:\"tw\";s:12:\"導航選單\";s:2:\"cn\";s:12:\"导航选单\";s:2:\"th\";s:36:\"ตัวช่วยนำทาง\";s:2:\"hu\";s:11:\"Navigáció\";s:2:\"se\";s:10:\"Navigation\";}','navigation','1.1.0',NULL,'a:25:{s:2:\"en\";s:78:\"Manage links on navigation menus and all the navigation groups they belong to.\";s:2:\"ar\";s:85:\"إدارة روابط وقوائم ومجموعات الروابط في الموقع.\";s:2:\"br\";s:91:\"Gerenciar links do menu de navegação e todos os grupos de navegação pertencentes a ele.\";s:2:\"pt\";s:93:\"Gerir todos os grupos dos menus de navegação e os links de navegação pertencentes a eles.\";s:2:\"cs\";s:73:\"Správa odkazů v navigaci a všech souvisejících navigačních skupin.\";s:2:\"da\";s:82:\"Håndtér links på navigationsmenuerne og alle navigationsgrupperne de tilhører.\";s:2:\"de\";s:76:\"Verwalte Links in Navigationsmenüs und alle zugehörigen Navigationsgruppen\";s:2:\"el\";s:207:\"Διαχειριστείτε τους συνδέσμους στα μενού πλοήγησης και όλες τις ομάδες συνδέσμων πλοήγησης στις οποίες ανήκουν.\";s:2:\"es\";s:102:\"Administra links en los menús de navegación y en todos los grupos de navegación al cual pertenecen.\";s:2:\"fa\";s:68:\"مدیریت منو ها و گروه های مربوط به آنها\";s:2:\"fi\";s:91:\"Hallitse linkkejä navigointi valikoissa ja kaikkia navigointi ryhmiä, joihin ne kuuluvat.\";s:2:\"fr\";s:97:\"Gérer les liens du menu Navigation et tous les groupes de navigation auxquels ils appartiennent.\";s:2:\"he\";s:73:\"ניהול שלוחות תפריטי ניווט וקבוצות ניווט\";s:2:\"id\";s:73:\"Mengatur tautan pada menu navigasi dan semua pengelompokan grup navigasi.\";s:2:\"it\";s:97:\"Gestisci i collegamenti dei menu di navigazione e tutti i gruppi di navigazione da cui dipendono.\";s:2:\"lt\";s:95:\"Tvarkyk nuorodas navigacijų menių ir visas navigacijų grupes kurioms tos nuorodos priklauso.\";s:2:\"nl\";s:92:\"Beheer koppelingen op de navigatiemenu&apos;s en alle navigatiegroepen waar ze onder vallen.\";s:2:\"pl\";s:95:\"Zarządzaj linkami w menu nawigacji oraz wszystkimi grupami nawigacji do których one należą.\";s:2:\"ru\";s:136:\"Управление ссылками в меню навигации и группах, к которым они принадлежат.\";s:2:\"sl\";s:64:\"Uredi povezave v meniju in vse skupine povezav ki jim pripadajo.\";s:2:\"tw\";s:72:\"管理導航選單中的連結，以及它們所隸屬的導航群組。\";s:2:\"cn\";s:72:\"管理导航选单中的连结，以及它们所隶属的导航群组。\";s:2:\"th\";s:108:\"จัดการการเชื่อมโยงนำทางและกลุ่มนำทาง\";s:2:\"se\";s:33:\"Hantera länkar och länkgrupper.\";s:2:\"hu\";s:100:\"Linkek kezelése a navigációs menükben és a navigációs csoportok kezelése, amikhez tartoznak.\";}',0,0,1,'structure',1,1,1,1444569623),(14,'a:25:{s:2:\"en\";s:5:\"Pages\";s:2:\"ar\";s:14:\"الصفحات\";s:2:\"br\";s:8:\"Páginas\";s:2:\"pt\";s:8:\"Páginas\";s:2:\"cs\";s:8:\"Stránky\";s:2:\"da\";s:5:\"Sider\";s:2:\"de\";s:6:\"Seiten\";s:2:\"el\";s:14:\"Σελίδες\";s:2:\"es\";s:8:\"Páginas\";s:2:\"fa\";s:14:\"صفحه ها \";s:2:\"fi\";s:5:\"Sivut\";s:2:\"fr\";s:5:\"Pages\";s:2:\"he\";s:8:\"דפים\";s:2:\"id\";s:7:\"Halaman\";s:2:\"it\";s:6:\"Pagine\";s:2:\"lt\";s:9:\"Puslapiai\";s:2:\"nl\";s:13:\"Pagina&apos;s\";s:2:\"pl\";s:6:\"Strony\";s:2:\"ru\";s:16:\"Страницы\";s:2:\"sl\";s:6:\"Strani\";s:2:\"tw\";s:6:\"頁面\";s:2:\"cn\";s:6:\"页面\";s:2:\"hu\";s:7:\"Oldalak\";s:2:\"th\";s:21:\"หน้าเพจ\";s:2:\"se\";s:5:\"Sidor\";}','pages','2.2.0',NULL,'a:25:{s:2:\"en\";s:55:\"Add custom pages to the site with any content you want.\";s:2:\"ar\";s:99:\"إضافة صفحات مُخصّصة إلى الموقع تحتوي أية مُحتوى تريده.\";s:2:\"br\";s:82:\"Adicionar páginas personalizadas ao site com qualquer conteúdo que você queira.\";s:2:\"pt\";s:86:\"Adicionar páginas personalizadas ao seu site com qualquer conteúdo que você queira.\";s:2:\"cs\";s:74:\"Přidávejte vlastní stránky na web s jakýmkoliv obsahem budete chtít.\";s:2:\"da\";s:71:\"Tilføj brugerdefinerede sider til dit site med det indhold du ønsker.\";s:2:\"de\";s:49:\"Füge eigene Seiten mit anpassbaren Inhalt hinzu.\";s:2:\"el\";s:152:\"Προσθέστε και επεξεργαστείτε σελίδες στον ιστότοπό σας με ό,τι περιεχόμενο θέλετε.\";s:2:\"es\";s:77:\"Agrega páginas customizadas al sitio con cualquier contenido que tu quieras.\";s:2:\"fa\";s:96:\"ایحاد صفحات جدید و دلخواه با هر محتوایی که دوست دارید\";s:2:\"fi\";s:47:\"Lisää mitä tahansa sisältöä sivustollesi.\";s:2:\"fr\";s:89:\"Permet d\'ajouter sur le site des pages personalisées avec le contenu que vous souhaitez.\";s:2:\"he\";s:35:\"ניהול דפי תוכן האתר\";s:2:\"id\";s:75:\"Menambahkan halaman ke dalam situs dengan konten apapun yang Anda perlukan.\";s:2:\"it\";s:73:\"Aggiungi pagine personalizzate al sito con qualsiesi contenuto tu voglia.\";s:2:\"lt\";s:46:\"Pridėkite nuosavus puslapius betkokio turinio\";s:2:\"nl\";s:70:\"Voeg aangepaste pagina&apos;s met willekeurige inhoud aan de site toe.\";s:2:\"pl\";s:53:\"Dodaj własne strony z dowolną treścią do witryny.\";s:2:\"ru\";s:134:\"Управление информационными страницами сайта, с произвольным содержимым.\";s:2:\"sl\";s:44:\"Dodaj stran s kakršno koli vsebino želite.\";s:2:\"tw\";s:39:\"為您的網站新增自定的頁面。\";s:2:\"cn\";s:39:\"为您的网站新增自定的页面。\";s:2:\"th\";s:168:\"เพิ่มหน้าเว็บที่กำหนดเองไปยังเว็บไซต์ของคุณตามที่ต้องการ\";s:2:\"hu\";s:67:\"Saját oldalak hozzáadása a weboldalhoz, akármilyen tartalommal.\";s:2:\"se\";s:39:\"Lägg till egna sidor till webbplatsen.\";}',1,1,1,'content',1,1,1,1444569623),(15,'a:25:{s:2:\"en\";s:11:\"Permissions\";s:2:\"ar\";s:18:\"الصلاحيات\";s:2:\"br\";s:11:\"Permissões\";s:2:\"pt\";s:11:\"Permissões\";s:2:\"cs\";s:12:\"Oprávnění\";s:2:\"da\";s:14:\"Adgangskontrol\";s:2:\"de\";s:14:\"Zugriffsrechte\";s:2:\"el\";s:20:\"Δικαιώματα\";s:2:\"es\";s:8:\"Permisos\";s:2:\"fa\";s:15:\"اجازه ها\";s:2:\"fi\";s:16:\"Käyttöoikeudet\";s:2:\"fr\";s:11:\"Permissions\";s:2:\"he\";s:12:\"הרשאות\";s:2:\"id\";s:9:\"Perizinan\";s:2:\"it\";s:8:\"Permessi\";s:2:\"lt\";s:7:\"Teisės\";s:2:\"nl\";s:15:\"Toegangsrechten\";s:2:\"pl\";s:11:\"Uprawnienia\";s:2:\"ru\";s:25:\"Права доступа\";s:2:\"sl\";s:10:\"Dovoljenja\";s:2:\"tw\";s:6:\"權限\";s:2:\"cn\";s:6:\"权限\";s:2:\"hu\";s:14:\"Jogosultságok\";s:2:\"th\";s:18:\"สิทธิ์\";s:2:\"se\";s:13:\"Behörigheter\";}','permissions','1.0.0',NULL,'a:25:{s:2:\"en\";s:68:\"Control what type of users can see certain sections within the site.\";s:2:\"ar\";s:127:\"التحكم بإعطاء الصلاحيات للمستخدمين للوصول إلى أقسام الموقع المختلفة.\";s:2:\"br\";s:68:\"Controle quais tipos de usuários podem ver certas seções no site.\";s:2:\"pt\";s:75:\"Controle quais os tipos de utilizadores podem ver certas secções no site.\";s:2:\"cs\";s:93:\"Spravujte oprávnění pro jednotlivé typy uživatelů a ke kterým sekcím mají přístup.\";s:2:\"da\";s:72:\"Kontroller hvilken type brugere der kan se bestemte sektioner på sitet.\";s:2:\"de\";s:70:\"Regelt welche Art von Benutzer welche Sektion in der Seite sehen kann.\";s:2:\"el\";s:180:\"Ελέγξτε τα δικαιώματα χρηστών και ομάδων χρηστών όσο αφορά σε διάφορες λειτουργίες του ιστοτόπου.\";s:2:\"es\";s:81:\"Controla que tipo de usuarios pueden ver secciones específicas dentro del sitio.\";s:2:\"fa\";s:59:\"مدیریت اجازه های گروه های کاربری\";s:2:\"fi\";s:72:\"Hallitse minkä tyyppisiin osioihin käyttäjät pääsevät sivustolla.\";s:2:\"fr\";s:104:\"Permet de définir les autorisations des groupes d\'utilisateurs pour afficher les différentes sections.\";s:2:\"he\";s:75:\"ניהול הרשאות כניסה לאיזורים מסוימים באתר\";s:2:\"id\";s:76:\"Mengontrol tipe pengguna mana yang dapat mengakses suatu bagian dalam situs.\";s:2:\"it\";s:78:\"Controlla che tipo di utenti posssono accedere a determinate sezioni del sito.\";s:2:\"lt\";s:72:\"Kontroliuokite kokio tipo varotojai kokią dalį puslapio gali pasiekti.\";s:2:\"nl\";s:71:\"Bepaal welke typen gebruikers toegang hebben tot gedeeltes van de site.\";s:2:\"pl\";s:79:\"Ustaw, którzy użytkownicy mogą mieć dostęp do odpowiednich sekcji witryny.\";s:2:\"ru\";s:209:\"Управление правами доступа, ограничение доступа определённых групп пользователей к произвольным разделам сайта.\";s:2:\"sl\";s:85:\"Uredite dovoljenja kateri tip uporabnika lahko vidi določena področja vaše strani.\";s:2:\"tw\";s:81:\"用來控制不同類別的用戶，設定其瀏覽特定網站內容的權限。\";s:2:\"cn\";s:81:\"用来控制不同类别的用户，设定其浏览特定网站内容的权限。\";s:2:\"hu\";s:129:\"A felhasználók felügyelet alatt tartására, hogy milyen típusú felhasználók, mit láthatnak, mely szakaszain az oldalnak.\";s:2:\"th\";s:117:\"ควบคุมว่าผู้ใช้งานจะเห็นหมวดหมู่ไหนบ้าง\";s:2:\"se\";s:27:\"Hantera gruppbehörigheter.\";}',0,0,1,'users',1,1,1,1444569623),(16,'a:24:{s:2:\"en\";s:9:\"Redirects\";s:2:\"ar\";s:18:\"التوجيهات\";s:2:\"br\";s:17:\"Redirecionamentos\";s:2:\"pt\";s:17:\"Redirecionamentos\";s:2:\"cs\";s:16:\"Přesměrování\";s:2:\"da\";s:13:\"Omadressering\";s:2:\"el\";s:30:\"Ανακατευθύνσεις\";s:2:\"es\";s:13:\"Redirecciones\";s:2:\"fa\";s:17:\"انتقال ها\";s:2:\"fi\";s:18:\"Uudelleenohjaukset\";s:2:\"fr\";s:12:\"Redirections\";s:2:\"he\";s:12:\"הפניות\";s:2:\"id\";s:8:\"Redirect\";s:2:\"it\";s:11:\"Reindirizzi\";s:2:\"lt\";s:14:\"Peradresavimai\";s:2:\"nl\";s:12:\"Verwijzingen\";s:2:\"ru\";s:30:\"Перенаправления\";s:2:\"sl\";s:12:\"Preusmeritve\";s:2:\"tw\";s:6:\"轉址\";s:2:\"cn\";s:6:\"转址\";s:2:\"hu\";s:17:\"Átirányítások\";s:2:\"pl\";s:14:\"Przekierowania\";s:2:\"th\";s:42:\"เปลี่ยนเส้นทาง\";s:2:\"se\";s:14:\"Omdirigeringar\";}','redirects','1.0.0',NULL,'a:24:{s:2:\"en\";s:33:\"Redirect from one URL to another.\";s:2:\"ar\";s:47:\"التوجيه من رابط URL إلى آخر.\";s:2:\"br\";s:39:\"Redirecionamento de uma URL para outra.\";s:2:\"pt\";s:40:\"Redirecionamentos de uma URL para outra.\";s:2:\"cs\";s:43:\"Přesměrujte z jedné adresy URL na jinou.\";s:2:\"da\";s:35:\"Omadresser fra en URL til en anden.\";s:2:\"el\";s:81:\"Ανακατευθείνετε μια διεύθυνση URL σε μια άλλη\";s:2:\"es\";s:34:\"Redireccionar desde una URL a otra\";s:2:\"fa\";s:63:\"انتقال دادن یک صفحه به یک آدرس دیگر\";s:2:\"fi\";s:45:\"Uudelleenohjaa käyttäjän paikasta toiseen.\";s:2:\"fr\";s:34:\"Redirection d\'une URL à un autre.\";s:2:\"he\";s:43:\"הפניות מכתובת אחת לאחרת\";s:2:\"id\";s:40:\"Redirect dari satu URL ke URL yang lain.\";s:2:\"it\";s:35:\"Reindirizza da una URL ad un altra.\";s:2:\"lt\";s:56:\"Peradresuokite puslapį iš vieno adreso (URL) į kitą.\";s:2:\"nl\";s:38:\"Verwijs vanaf een URL naar een andere.\";s:2:\"ru\";s:78:\"Перенаправления с одного адреса на другой.\";s:2:\"sl\";s:44:\"Preusmeritev iz enega URL naslova na drugega\";s:2:\"tw\";s:33:\"將網址轉址、重新定向。\";s:2:\"cn\";s:33:\"将网址转址、重新定向。\";s:2:\"hu\";s:38:\"Egy URL átirányítása egy másikra.\";s:2:\"pl\";s:44:\"Przekierowanie z jednego adresu URL na inny.\";s:2:\"th\";s:123:\"เปลี่ยนเส้นทางจากที่หนึ่งไปยังอีกที่หนึ่ง\";s:2:\"se\";s:38:\"Omdirigera från en URL till en annan.\";}',0,0,1,'structure',1,1,1,1444569623),(17,'a:9:{s:2:\"en\";s:6:\"Search\";s:2:\"fr\";s:9:\"Recherche\";s:2:\"se\";s:4:\"Sök\";s:2:\"ar\";s:10:\"البحث\";s:2:\"tw\";s:6:\"搜尋\";s:2:\"cn\";s:6:\"搜寻\";s:2:\"it\";s:7:\"Ricerca\";s:2:\"fa\";s:10:\"جستجو\";s:2:\"fi\";s:4:\"Etsi\";}','search','1.0.0',NULL,'a:9:{s:2:\"en\";s:72:\"Search through various types of content with this modular search system.\";s:2:\"fr\";s:84:\"Rechercher parmi différents types de contenus avec système de recherche modulaire.\";s:2:\"se\";s:36:\"Sök igenom olika typer av innehåll\";s:2:\"ar\";s:102:\"ابحث في أنواع مختلفة من المحتوى باستخدام نظام البحث هذا.\";s:2:\"tw\";s:63:\"此模組可用以搜尋網站中不同類型的資料內容。\";s:2:\"cn\";s:63:\"此模组可用以搜寻网站中不同类型的资料内容。\";s:2:\"it\";s:71:\"Cerca tra diversi tipi di contenuti con il sistema di reicerca modulare\";s:2:\"fa\";s:115:\"توسط این ماژول می توانید در محتواهای مختلف وبسایت جستجو نمایید.\";s:2:\"fi\";s:76:\"Etsi eri tyypistä sisältöä tällä modulaarisella hakujärjestelmällä.\";}',0,0,0,'0',1,1,1,1444569623),(18,'a:20:{s:2:\"en\";s:7:\"Sitemap\";s:2:\"ar\";s:23:\"خريطة الموقع\";s:2:\"br\";s:12:\"Mapa do Site\";s:2:\"pt\";s:12:\"Mapa do Site\";s:2:\"de\";s:7:\"Sitemap\";s:2:\"el\";s:31:\"Χάρτης Ιστότοπου\";s:2:\"es\";s:14:\"Mapa del Sitio\";s:2:\"fa\";s:17:\"نقشه سایت\";s:2:\"fi\";s:10:\"Sivukartta\";s:2:\"fr\";s:12:\"Plan du site\";s:2:\"id\";s:10:\"Peta Situs\";s:2:\"it\";s:14:\"Mappa del sito\";s:2:\"lt\";s:16:\"Svetainės medis\";s:2:\"nl\";s:7:\"Sitemap\";s:2:\"ru\";s:21:\"Карта сайта\";s:2:\"tw\";s:12:\"網站地圖\";s:2:\"cn\";s:12:\"网站地图\";s:2:\"th\";s:21:\"ไซต์แมพ\";s:2:\"hu\";s:13:\"Oldaltérkép\";s:2:\"se\";s:9:\"Sajtkarta\";}','sitemap','1.3.0',NULL,'a:21:{s:2:\"en\";s:87:\"The sitemap module creates an index of all pages and an XML sitemap for search engines.\";s:2:\"ar\";s:120:\"وحدة خريطة الموقع تنشئ فهرساً لجميع الصفحات وملف XML لمحركات البحث.\";s:2:\"br\";s:102:\"O módulo de mapa do site cria um índice de todas as páginas e um sitemap XML para motores de busca.\";s:2:\"pt\";s:102:\"O módulo do mapa do site cria um índice de todas as páginas e um sitemap XML para motores de busca.\";s:2:\"da\";s:86:\"Sitemapmodulet opretter et indeks over alle sider og et XML sitemap til søgemaskiner.\";s:2:\"de\";s:92:\"Die Sitemap Modul erstellt einen Index aller Seiten und eine XML-Sitemap für Suchmaschinen.\";s:2:\"el\";s:190:\"Δημιουργεί έναν κατάλογο όλων των σελίδων και έναν χάρτη σελίδων σε μορφή XML για τις μηχανές αναζήτησης.\";s:2:\"es\";s:111:\"El módulo de mapa crea un índice de todas las páginas y un mapa del sitio XML para los motores de búsqueda.\";s:2:\"fa\";s:150:\"ماژول نقشه سایت یک لیست از همه ی صفحه ها به فرمت فایل XML برای موتور های جستجو می سازد\";s:2:\"fi\";s:82:\"sivukartta moduuli luo hakemisto kaikista sivuista ja XML sivukartta hakukoneille.\";s:2:\"fr\";s:106:\"Le module sitemap crée un index de toutes les pages et un plan de site XML pour les moteurs de recherche.\";s:2:\"id\";s:110:\"Modul peta situs ini membuat indeks dari setiap halaman dan sebuah format XML untuk mempermudah mesin pencari.\";s:2:\"it\";s:104:\"Il modulo mappa del sito crea un indice di tutte le pagine e una sitemap in XML per i motori di ricerca.\";s:2:\"lt\";s:86:\"struktūra modulis sukuria visų puslapių ir XML Sitemap paieškos sistemų indeksas.\";s:2:\"nl\";s:89:\"De sitemap module maakt een index van alle pagina\'s en een XML sitemap voor zoekmachines.\";s:2:\"ru\";s:144:\"Карта модуль создает индекс всех страниц и карта сайта XML для поисковых систем.\";s:2:\"tw\";s:84:\"站點地圖模塊創建一個索引的所有網頁和XML網站地圖搜索引擎。\";s:2:\"cn\";s:84:\"站点地图模块创建一个索引的所有网页和XML网站地图搜索引擎。\";s:2:\"th\";s:202:\"โมดูลไซต์แมพสามารถสร้างดัชนีของหน้าเว็บทั้งหมดสำหรับเครื่องมือค้นหา.\";s:2:\"hu\";s:94:\"Ez a modul indexeli az összes oldalt és egy XML oldaltéképet generál a keresőmotoroknak.\";s:2:\"se\";s:86:\"Sajtkarta, modulen skapar ett index av alla sidor och en XML-sitemap för sökmotorer.\";}',0,1,0,'content',1,1,1,1444569623),(19,'a:6:{s:2:\"en\";s:7:\"Streams\";s:2:\"es\";s:7:\"Streams\";s:2:\"de\";s:7:\"Streams\";s:2:\"el\";s:8:\"Ροές\";s:2:\"lt\";s:7:\"Srautai\";s:2:\"fr\";s:7:\"Streams\";}','streams','2.3.2',NULL,'a:6:{s:2:\"en\";s:36:\"Manage, structure, and display data.\";s:2:\"es\";s:41:\"Administra, estructura, y presenta datos.\";s:2:\"de\";s:49:\"Verwalte, strukturiere und veröffentliche Daten.\";s:2:\"el\";s:106:\"Διαχείριση, δόμηση και προβολή πληροφοριών και δεδομένων.\";s:2:\"lt\";N;s:2:\"fr\";s:43:\"Gérer, structurer et afficher des données\";}',0,0,1,'content',0,1,1,1444569623),(20,'a:25:{s:2:\"en\";s:5:\"Users\";s:2:\"ar\";s:20:\"المستخدمون\";s:2:\"br\";s:9:\"Usuários\";s:2:\"pt\";s:12:\"Utilizadores\";s:2:\"cs\";s:11:\"Uživatelé\";s:2:\"da\";s:7:\"Brugere\";s:2:\"de\";s:8:\"Benutzer\";s:2:\"el\";s:14:\"Χρήστες\";s:2:\"es\";s:8:\"Usuarios\";s:2:\"fa\";s:14:\"کاربران\";s:2:\"fi\";s:12:\"Käyttäjät\";s:2:\"fr\";s:12:\"Utilisateurs\";s:2:\"he\";s:14:\"משתמשים\";s:2:\"id\";s:8:\"Pengguna\";s:2:\"it\";s:6:\"Utenti\";s:2:\"lt\";s:10:\"Vartotojai\";s:2:\"nl\";s:10:\"Gebruikers\";s:2:\"pl\";s:12:\"Użytkownicy\";s:2:\"ru\";s:24:\"Пользователи\";s:2:\"sl\";s:10:\"Uporabniki\";s:2:\"tw\";s:6:\"用戶\";s:2:\"cn\";s:6:\"用户\";s:2:\"hu\";s:14:\"Felhasználók\";s:2:\"th\";s:27:\"ผู้ใช้งาน\";s:2:\"se\";s:10:\"Användare\";}','users','1.1.0',NULL,'a:25:{s:2:\"en\";s:81:\"Let users register and log in to the site, and manage them via the control panel.\";s:2:\"ar\";s:133:\"تمكين المستخدمين من التسجيل والدخول إلى الموقع، وإدارتهم من لوحة التحكم.\";s:2:\"br\";s:125:\"Permite com que usuários se registrem e entrem no site e também que eles sejam gerenciáveis apartir do painel de controle.\";s:2:\"pt\";s:125:\"Permite com que os utilizadores se registem e entrem no site e também que eles sejam geriveis apartir do painel de controlo.\";s:2:\"cs\";s:103:\"Umožňuje uživatelům se registrovat a přihlašovat a zároveň jejich správu v Kontrolním panelu.\";s:2:\"da\";s:89:\"Lader brugere registrere sig og logge ind på sitet, og håndtér dem via kontrolpanelet.\";s:2:\"de\";s:108:\"Erlaube Benutzern das Registrieren und Einloggen auf der Seite und verwalte sie über die Admin-Oberfläche.\";s:2:\"el\";s:208:\"Παρέχει λειτουργίες εγγραφής και σύνδεσης στους επισκέπτες. Επίσης από εδώ γίνεται η διαχείριση των λογαριασμών.\";s:2:\"es\";s:138:\"Permite el registro de nuevos usuarios quienes podrán loguearse en el sitio. Estos podrán controlarse desde el panel de administración.\";s:2:\"fa\";s:151:\"به کاربر ها امکان ثبت نام و لاگین در سایت را بدهید و آنها را در پنل مدیریت نظارت کنید\";s:2:\"fi\";s:126:\"Antaa käyttäjien rekisteröityä ja kirjautua sisään sivustolle sekä mahdollistaa niiden muokkaamisen hallintapaneelista.\";s:2:\"fr\";s:112:\"Permet aux utilisateurs de s\'enregistrer et de se connecter au site et de les gérer via le panneau de contrôle\";s:2:\"he\";s:62:\"ניהול משתמשים: רישום, הפעלה ומחיקה\";s:2:\"id\";s:102:\"Memungkinkan pengguna untuk mendaftar dan masuk ke dalam situs, dan mengaturnya melalui control panel.\";s:2:\"it\";s:95:\"Fai iscrivere de entrare nel sito gli utenti, e gestiscili attraverso il pannello di controllo.\";s:2:\"lt\";s:106:\"Leidžia vartotojams registruotis ir prisijungti prie puslapio, ir valdyti juos per administravimo panele.\";s:2:\"nl\";s:88:\"Laat gebruikers registreren en inloggen op de site, en beheer ze via het controlepaneel.\";s:2:\"pl\";s:87:\"Pozwól użytkownikom na logowanie się na stronie i zarządzaj nimi za pomocą panelu.\";s:2:\"ru\";s:155:\"Управление зарегистрированными пользователями, активирование новых пользователей.\";s:2:\"sl\";s:96:\"Dovoli uporabnikom za registracijo in prijavo na strani, urejanje le teh preko nadzorne plošče\";s:2:\"tw\";s:87:\"讓用戶可以註冊並登入網站，並且管理者可在控制台內進行管理。\";s:2:\"cn\";s:87:\"让用户可以注册并登入网站，并且管理者可在控制台内进行管理。\";s:2:\"th\";s:210:\"ให้ผู้ใช้ลงทะเบียนและเข้าสู่เว็บไซต์และจัดการกับพวกเขาผ่านทางแผงควบคุม\";s:2:\"hu\";s:120:\"Hogy a felhasználók tudjanak az oldalra regisztrálni és belépni, valamint lehessen őket kezelni a vezérlőpulton.\";s:2:\"se\";s:111:\"Låt dina besökare registrera sig och logga in på webbplatsen. Hantera sedan användarna via kontrollpanelen.\";}',0,0,1,'0',1,1,1,1444569623),(21,'a:25:{s:2:\"en\";s:9:\"Variables\";s:2:\"ar\";s:20:\"المتغيّرات\";s:2:\"br\";s:10:\"Variáveis\";s:2:\"pt\";s:10:\"Variáveis\";s:2:\"cs\";s:10:\"Proměnné\";s:2:\"da\";s:8:\"Variable\";s:2:\"de\";s:9:\"Variablen\";s:2:\"el\";s:20:\"Μεταβλητές\";s:2:\"es\";s:9:\"Variables\";s:2:\"fa\";s:16:\"متغییرها\";s:2:\"fi\";s:9:\"Muuttujat\";s:2:\"fr\";s:9:\"Variables\";s:2:\"he\";s:12:\"משתנים\";s:2:\"id\";s:8:\"Variabel\";s:2:\"it\";s:9:\"Variabili\";s:2:\"lt\";s:10:\"Kintamieji\";s:2:\"nl\";s:10:\"Variabelen\";s:2:\"pl\";s:7:\"Zmienne\";s:2:\"ru\";s:20:\"Переменные\";s:2:\"sl\";s:13:\"Spremenljivke\";s:2:\"tw\";s:12:\"系統變數\";s:2:\"cn\";s:12:\"系统变数\";s:2:\"th\";s:18:\"ตัวแปร\";s:2:\"se\";s:9:\"Variabler\";s:2:\"hu\";s:10:\"Változók\";}','variables','1.0.0',NULL,'a:25:{s:2:\"en\";s:59:\"Manage global variables that can be accessed from anywhere.\";s:2:\"ar\";s:97:\"إدارة المُتغيّرات العامة لاستخدامها في أرجاء الموقع.\";s:2:\"br\";s:61:\"Gerencia as variáveis globais acessíveis de qualquer lugar.\";s:2:\"pt\";s:58:\"Gerir as variáveis globais acessíveis de qualquer lugar.\";s:2:\"cs\";s:56:\"Spravujte globální proměnné přístupné odkudkoliv.\";s:2:\"da\";s:51:\"Håndtér globale variable som kan tilgås overalt.\";s:2:\"de\";s:74:\"Verwaltet globale Variablen, auf die von überall zugegriffen werden kann.\";s:2:\"el\";s:129:\"Διαχείριση μεταβλητών που είναι προσβάσιμες από παντού στον ιστότοπο.\";s:2:\"es\";s:50:\"Manage global variables to access from everywhere.\";s:2:\"fa\";s:136:\"مدیریت متغییر های جامع که می توانند در هر جای سایت مورد استفاده قرار بگیرند\";s:2:\"fi\";s:66:\"Hallitse globaali muuttujia, joihin pääsee käsiksi mistä vain.\";s:2:\"fr\";s:92:\"Gérer des variables globales pour pouvoir y accéder depuis n\'importe quel endroit du site.\";s:2:\"he\";s:96:\"ניהול משתנים גלובליים אשר ניתנים להמרה בכל חלקי האתר\";s:2:\"id\";s:59:\"Mengatur variabel global yang dapat diakses dari mana saja.\";s:2:\"it\";s:58:\"Gestisci le variabili globali per accedervi da ogni parte.\";s:2:\"lt\";s:64:\"Globalių kintamujų tvarkymas kurie yra pasiekiami iš bet kur.\";s:2:\"nl\";s:54:\"Beheer globale variabelen die overal beschikbaar zijn.\";s:2:\"pl\";s:86:\"Zarządzaj globalnymi zmiennymi do których masz dostęp z każdego miejsca aplikacji.\";s:2:\"ru\";s:136:\"Управление глобальными переменными, которые доступны в любом месте сайта.\";s:2:\"sl\";s:53:\"Urejanje globalnih spremenljivk za dostop od kjerkoli\";s:2:\"th\";s:148:\"จัดการตัวแปรทั่วไปโดยที่สามารถเข้าถึงได้จากทุกที่.\";s:2:\"tw\";s:45:\"管理此網站內可存取的全局變數。\";s:2:\"cn\";s:45:\"管理此网站内可存取的全局变数。\";s:2:\"hu\";s:62:\"Globális változók kezelése a hozzáféréshez, bárhonnan.\";s:2:\"se\";s:66:\"Hantera globala variabler som kan avändas över hela webbplatsen.\";}',0,0,1,'data',1,1,1,1444569623),(22,'a:23:{s:2:\"en\";s:7:\"Widgets\";s:2:\"br\";s:7:\"Widgets\";s:2:\"pt\";s:7:\"Widgets\";s:2:\"cs\";s:7:\"Widgety\";s:2:\"da\";s:7:\"Widgets\";s:2:\"de\";s:7:\"Widgets\";s:2:\"el\";s:7:\"Widgets\";s:2:\"es\";s:7:\"Widgets\";s:2:\"fa\";s:13:\"ویجت ها\";s:2:\"fi\";s:9:\"Vimpaimet\";s:2:\"fr\";s:7:\"Widgets\";s:2:\"id\";s:6:\"Widget\";s:2:\"it\";s:7:\"Widgets\";s:2:\"lt\";s:11:\"Papildiniai\";s:2:\"nl\";s:7:\"Widgets\";s:2:\"ru\";s:14:\"Виджеты\";s:2:\"sl\";s:9:\"Vtičniki\";s:2:\"tw\";s:9:\"小組件\";s:2:\"cn\";s:9:\"小组件\";s:2:\"hu\";s:9:\"Widget-ek\";s:2:\"th\";s:21:\"วิดเจ็ต\";s:2:\"se\";s:8:\"Widgetar\";s:2:\"ar\";s:14:\"الودجتس\";}','widgets','1.2.0',NULL,'a:23:{s:2:\"en\";s:69:\"Manage small sections of self-contained logic in blocks or \"Widgets\".\";s:2:\"ar\";s:132:\"إدارة أقسام صغيرة من البرمجيات في مساحات الموقع أو ما يُسمّى بالـ\"ودجتس\".\";s:2:\"br\";s:77:\"Gerenciar pequenas seções de conteúdos em bloco conhecidos como \"Widgets\".\";s:2:\"pt\";s:74:\"Gerir pequenas secções de conteúdos em bloco conhecidos como \"Widgets\".\";s:2:\"cs\";s:56:\"Spravujte malé funkční části webu neboli \"Widgety\".\";s:2:\"da\";s:74:\"Håndter små sektioner af selv-opretholdt logik i blokke eller \"Widgets\".\";s:2:\"de\";s:62:\"Verwaltet kleine, eigentständige Bereiche, genannt \"Widgets\".\";s:2:\"el\";s:149:\"Διαχείριση μικρών τμημάτων αυτόνομης προγραμματιστικής λογικής σε πεδία ή \"Widgets\".\";s:2:\"es\";s:75:\"Manejar pequeñas secciones de lógica autocontenida en bloques o \"Widgets\"\";s:2:\"fa\";s:76:\"مدیریت قسمت های کوچکی از سایت به طور مستقل\";s:2:\"fi\";s:81:\"Hallitse pieniä osioita, jotka sisältävät erillisiä lohkoja tai \"Vimpaimia\".\";s:2:\"fr\";s:41:\"Gérer des mini application ou \"Widgets\".\";s:2:\"id\";s:101:\"Mengatur bagian-bagian kecil dari blok-blok yang memuat sesuatu atau dikenal dengan istilah \"Widget\".\";s:2:\"it\";s:70:\"Gestisci piccole sezioni di logica a se stante in blocchi o \"Widgets\".\";s:2:\"lt\";s:43:\"Nedidelių, savarankiškų blokų valdymas.\";s:2:\"nl\";s:75:\"Beheer kleine onderdelen die zelfstandige logica bevatten, ofwel \"Widgets\".\";s:2:\"ru\";s:91:\"Управление небольшими, самостоятельными блоками.\";s:2:\"sl\";s:61:\"Urejanje manjših delov blokov strani ti. Vtičniki (Widgets)\";s:2:\"tw\";s:103:\"可將小段的程式碼透過小組件來管理。即所謂 \"Widgets\"，或稱為小工具、部件。\";s:2:\"cn\";s:103:\"可将小段的程式码透过小组件来管理。即所谓 \"Widgets\"，或称为小工具、部件。\";s:2:\"hu\";s:56:\"Önálló kis logikai tömbök vagy widget-ek kezelése.\";s:2:\"th\";s:152:\"จัดการส่วนเล็ก ๆ ในรูปแบบของตัวเองในบล็อกหรือวิดเจ็ต\";s:2:\"se\";s:83:\"Hantera små sektioner med egen logik och innehåll på olika delar av webbplatsen.\";}',1,0,1,'content',1,1,1,1444569623),(23,'a:9:{s:2:\"en\";s:7:\"WYSIWYG\";s:2:\"fa\";s:7:\"WYSIWYG\";s:2:\"fr\";s:7:\"WYSIWYG\";s:2:\"pt\";s:7:\"WYSIWYG\";s:2:\"se\";s:15:\"HTML-redigerare\";s:2:\"tw\";s:7:\"WYSIWYG\";s:2:\"cn\";s:7:\"WYSIWYG\";s:2:\"ar\";s:27:\"المحرر الرسومي\";s:2:\"it\";s:7:\"WYSIWYG\";}','wysiwyg','1.0.0',NULL,'a:10:{s:2:\"en\";s:60:\"Provides the WYSIWYG editor for PyroCMS powered by CKEditor.\";s:2:\"fa\";s:73:\"ویرایشگر WYSIWYG که توسطCKEditor ارائه شده است. \";s:2:\"fr\";s:63:\"Fournit un éditeur WYSIWYG pour PyroCMS propulsé par CKEditor\";s:2:\"pt\";s:61:\"Fornece o editor WYSIWYG para o PyroCMS, powered by CKEditor.\";s:2:\"el\";s:113:\"Παρέχει τον επεξεργαστή WYSIWYG για το PyroCMS, χρησιμοποιεί το CKEDitor.\";s:2:\"se\";s:37:\"Redigeringsmodul för HTML, CKEditor.\";s:2:\"tw\";s:83:\"提供 PyroCMS 所見即所得（WYSIWYG）編輯器，由 CKEditor 技術提供。\";s:2:\"cn\";s:83:\"提供 PyroCMS 所见即所得（WYSIWYG）编辑器，由 CKEditor 技术提供。\";s:2:\"ar\";s:76:\"توفر المُحرّر الرسومي لـPyroCMS من خلال CKEditor.\";s:2:\"it\";s:57:\"Fornisce l\'editor WYSIWYG per PtroCMS creato con CKEditor\";}',0,0,0,'0',1,1,1,1444569623),(33,'a:4:{s:2:\"en\";s:14:\"API Management\";s:2:\"el\";s:24:\"Διαχείριση API\";s:2:\"fr\";s:18:\"Gestionnaire d\'API\";s:2:\"hu\";s:12:\"API Kezelés\";}','api','1.0.0',NULL,'a:4:{s:2:\"en\";s:66:\"Set up a RESTful API with API Keys and out in JSON, XML, CSV, etc.\";s:2:\"el\";s:129:\"Ρυθμίσεις για ένα RESTful API με κλειδιά API και αποτελέσματα σε JSON, XML, CSV, κτλ.\";s:2:\"fr\";s:79:\"Paramétrage d\'une API RESTgul avec clés API et export en JSON, XML, CSV, etc.\";s:2:\"hu\";s:159:\"Körültekintően állítsd be az API-t (alkalmazásprogramozási felület) az API Kulcsokkal együtt és küldd JSON-ba, XML-be, CSV-be, vagy bármi egyébbe.\";}',0,1,1,'utilities',0,0,0,1444569623),(25,'a:2:{s:2:\"en\";s:8:\"Articles\";s:2:\"id\";s:7:\"Artikel\";}','articles','2.0.0',NULL,'a:2:{s:2:\"en\";s:31:\"Post business articles entries.\";s:2:\"id\";s:29:\"Posting entri artikel bisnis.\";}',1,1,1,'content',0,1,0,1388579010),(63,'a:2:{s:2:\"en\";s:20:\"Business Directories\";s:2:\"id\";s:16:\"Direktori Bisnis\";}','directories','1.0',NULL,'a:2:{s:2:\"en\";s:21:\"Business Directories.\";s:2:\"id\";s:17:\"Direktori Bisnis.\";}',0,1,1,'content',0,0,0,1393148104),(81,'a:2:{s:2:\"en\";s:15:\"Business Embrio\";s:2:\"id\";s:13:\"Embrio Bisnis\";}','embrio','1.0',NULL,'a:2:{s:2:\"en\";s:24:\"Business embrio channel.\";s:2:\"id\";s:20:\"Kanal embrio bisnis.\";}',0,1,1,'content',0,0,0,1393699180),(85,'a:2:{s:2:\"en\";s:17:\"Question & Answer\";s:2:\"id\";s:11:\"Tanya Jawab\";}','qa','1.0',NULL,'a:2:{s:2:\"en\";s:37:\"Business Question and Answer Channel.\";s:2:\"id\";s:24:\"Kanal Tanya Jawab Bisnis\";}',0,1,1,'content',0,0,0,1393699270),(82,'a:2:{s:2:\"en\";s:18:\"Business Directory\";s:2:\"id\";s:16:\"Direktori Bisnis\";}','business','1.0',NULL,'a:2:{s:2:\"en\";s:27:\"Business Directory Channel.\";s:2:\"id\";s:23:\"Kanal Direktori Bisnis.\";}',0,1,1,'content',0,0,0,1393699192),(87,'a:2:{s:2:\"en\";s:8:\"Magazine\";s:2:\"id\";s:7:\"Majalah\";}','magazine','1.0',NULL,'a:2:{s:2:\"en\";s:17:\"Magazine Channel.\";s:2:\"id\";s:14:\"Kanal Majalah.\";}',1,1,1,'content',0,0,0,1393699300),(84,'a:2:{s:2:\"en\";s:9:\"Highlight\";s:2:\"id\";s:9:\"Highlight\";}','highlight','1.0',NULL,'a:2:{s:2:\"en\";s:28:\"IdeBisnis Highlight Channel.\";s:2:\"id\";s:26:\"Kanal Highlight IdeBisnis.\";}',1,0,1,'content',0,0,0,1393779457),(86,'a:2:{s:2:\"en\";s:5:\"Video\";s:2:\"id\";s:5:\"Video\";}','video','1.0',NULL,'a:2:{s:2:\"en\";s:19:\"Modul video YouTube\";s:2:\"id\";s:19:\"Modul video YouTube\";}',0,1,1,'content',0,0,0,1393699284),(83,'a:2:{s:2:\"en\";s:6:\"Banner\";s:2:\"id\";s:6:\"Banner\";}','banner','1.0',NULL,'a:2:{s:2:\"en\";s:17:\"IdeBisnis Banner.\";s:2:\"id\";s:17:\"Banner IdeBisnis.\";}',1,0,1,'content',0,0,0,1393699206),(103,'a:3:{s:2:\"br\";s:8:\"Enquetes\";s:2:\"en\";s:5:\"Polls\";s:2:\"es\";s:9:\"Encuestas\";}','polls','1.1',NULL,'a:3:{s:2:\"br\";s:27:\"Cria impresionates enquetes\";s:2:\"en\";s:29:\"Create totally awesome polls.\";s:2:\"es\";s:29:\"Crea encuestas impresionantes\";}',0,1,1,'content',1,1,0,1444569623),(48,'a:16:{s:2:\"sl\";s:8:\"Galerija\";s:2:\"en\";s:9:\"Galleries\";s:2:\"el\";s:14:\"Γκαλερί\";s:2:\"de\";s:8:\"Galerien\";s:2:\"pl\";s:7:\"Galerie\";s:2:\"nl\";s:10:\"Gallerijen\";s:2:\"fr\";s:8:\"Galeries\";s:2:\"zh\";s:6:\"畫廊\";s:2:\"it\";s:8:\"Gallerie\";s:2:\"ru\";s:14:\"Галереи\";s:2:\"ar\";s:23:\"معارض الصّور\";s:2:\"br\";s:8:\"Galerias\";s:2:\"cs\";s:7:\"Galerie\";s:2:\"es\";s:9:\"Galerías\";s:2:\"fi\";s:9:\"Galleriat\";s:2:\"lt\";s:9:\"Galerijos\";}','galleries','1.3',NULL,'a:16:{s:2:\"sl\";s:60:\"Modul galerije vam omogoča da ustvarite albume vaših slik.\";s:2:\"en\";s:82:\"The galleries module is a simple module that lets users display images from Files.\";s:2:\"el\";s:127:\"Παρέχει την δυνατότητα στους χρήστες να δημιουργούν άλμπουμ εικόνων.\";s:2:\"de\";s:55:\"Mit dem Galerie Modul kannst du Bildergalerien anlegen.\";s:2:\"pl\";s:45:\"Moduł pozwalający tworzyć galerie zdjęć.\";s:2:\"nl\";s:80:\"De gallerij module die gebruikers in staat stelt afbeeldingsgallerijen te maken.\";s:2:\"fr\";s:79:\"Galerie est une puissante extension permettant de créer des galeries d\'images.\";s:2:\"zh\";s:90:\"這是一個功能完整的畫廊模組，可以讓用戶建立自己的畫本或相簿。\";s:2:\"it\";s:96:\"Il modulo gallerie è un potente modulo che permette agli utenti di creare gallerie di immagini.\";s:2:\"ru\";s:175:\"Галереи - мощный модуль, который даёт пользователям возможность создавать галереи изображений.\";s:2:\"ar\";s:88:\"هذه الوحدة تمُكّنك من إنشاء معارض الصّور بسهولة.\";s:2:\"br\";s:97:\"O módulo de galerias é um poderoso módulo que permite aos usuários criar galerias de imagens.\";s:2:\"cs\";s:59:\"Silný modul pro vytváření a správu galerií obrázků.\";s:2:\"es\";s:88:\"Galerías es un potente módulo que permite a los usuarios crear galerías de imágenes.\";s:2:\"fi\";s:59:\"Galleria moduuli antaa käyttäjien luoda kuva gallerioita.\";s:2:\"lt\";s:65:\"Galerijos modulis leidžia vartotojams kurti nuotraukų galerijas\";}',0,1,1,'content',0,0,0,1393092849),(65,'a:1:{s:2:\"en\";s:8:\"MyImages\";}','myimages','1.2.2',NULL,'a:1:{s:2:\"en\";s:32:\"Helps to display images in theme\";}',0,0,0,'0',0,0,0,1393150530),(80,'a:1:{s:2:\"en\";s:16:\"Perizinan Online\";}','perizinan_online','1.0',NULL,'a:1:{s:2:\"en\";s:28:\"Modul untuk Perizinan Online\";}',0,1,1,'content',1,1,0,1444569623),(79,'a:1:{s:2:\"en\";s:16:\"Pengaduan Online\";}','pengaduan_online','1.0',NULL,'a:1:{s:2:\"en\";s:28:\"Modul untuk Pengaduan Online\";}',0,1,1,'content',1,1,0,1444569623),(77,'a:1:{s:2:\"en\";s:6:\"Forums\";}','forums','1.5.0',NULL,'a:1:{s:2:\"en\";s:23:\"The forum for your site\";}',0,1,1,'content',1,1,0,1444569623),(93,'a:1:{s:2:\"en\";s:7:\"Gallery\";}','gallery','1.0',NULL,'a:1:{s:2:\"en\";s:26:\"Modul untuk Upload Gallery\";}',0,1,1,'content',1,1,0,1444569623),(88,'a:1:{s:2:\"en\";s:12:\"Link Website\";}','link_website','1.0',NULL,'a:1:{s:2:\"en\";s:32:\"Modul untuk Mengisi Link Website\";}',0,1,1,'content',1,1,0,1444569623),(90,'a:1:{s:2:\"en\";s:7:\"Pegawai\";}','pegawai','1.0',NULL,'a:1:{s:2:\"en\";s:32:\"Modul untuk mengisi data Pegawai\";}',0,1,1,'content',1,1,0,1444569623),(91,'a:2:{s:2:\"en\";s:7:\"Sliders\";s:2:\"fr\";s:7:\"Sliders\";}','sliders','1.1.0',NULL,'a:2:{s:2:\"en\";s:59:\"Add Nivo Sliders to your site and display featured content.\";s:2:\"fr\";s:68:\"Ajoutez un slider à votre site et affichez du contenu promotionnel.\";}',0,0,1,'content',1,1,0,1444569623),(104,'a:1:{s:2:\"en\";s:14:\"Daftar Layanan\";}','daftar_layanan','1.0',NULL,'a:1:{s:2:\"en\";s:73:\"Modul untuk memanage File-file yang dapat didownload oleh Visitor Website\";}',0,1,1,'content',1,1,0,1444569623),(99,'a:1:{s:2:\"en\";s:13:\"Download List\";}','download_list','1.0',NULL,'a:1:{s:2:\"en\";s:73:\"Modul untuk memanage File-file yang dapat didownload oleh Visitor Website\";}',0,1,1,'content',0,0,0,1444569623),(100,'a:1:{s:2:\"en\";s:11:\"Dasar Hukum\";}','dasar_hukum','1.0',NULL,'a:1:{s:2:\"en\";s:32:\"Modul untuk memanage Dasar Hukum\";}',0,1,1,'content',1,1,0,1444569623),(102,'a:1:{s:2:\"en\";s:12:\"Info Singkat\";}','info_singkat','1.0',NULL,'a:1:{s:2:\"en\";s:24:\"Modul untuk Info Singkat\";}',0,1,1,'content',1,1,0,1444569623),(109,'a:1:{s:2:\"en\";s:10:\"Discussion\";}','discussion','1.0',NULL,'a:1:{s:2:\"en\";s:30:\"Modul untuk Diskusi di Backend\";}',0,0,1,'content',1,1,0,1444569623),(134,'a:1:{s:2:\"en\";s:6:\"Survey\";}','survey','1.0',NULL,'a:1:{s:2:\"en\";s:25:\"Modul untuk Create Survey\";}',0,1,1,'content',1,1,0,1444569627),(116,'a:1:{s:2:\"en\";s:15:\"Survey Question\";}','survey_question','1.0',NULL,'a:1:{s:2:\"en\";s:37:\"Module untuk Create Pertanyaan Survey\";}',0,0,1,'content',0,0,0,1426905214),(132,'a:1:{s:2:\"en\";s:12:\"Portal Theme\";}','portal_theme','1.0',NULL,'a:1:{s:2:\"en\";s:36:\"Modul untuk mengatur tampilan Portal\";}',0,1,1,'content',1,1,0,1444569623);
/*!40000 ALTER TABLE `default_modules` ENABLE KEYS */;
UNLOCK TABLES;

--
-- Table structure for table `default_navigation_groups`
--

DROP TABLE IF EXISTS `default_navigation_groups`;
/*!40101 SET @saved_cs_client     = @@character_set_client */;
/*!40101 SET character_set_client = utf8 */;
CREATE TABLE `default_navigation_groups` (
  `id` int(11) NOT NULL AUTO_INCREMENT,
  `title` varchar(50) COLLATE utf8_unicode_ci NOT NULL,
  `abbrev` varchar(50) COLLATE utf8_unicode_ci NOT NULL,
  PRIMARY KEY (`id`),
  KEY `abbrev` (`abbrev`)
) ENGINE=InnoDB AUTO_INCREMENT=6 DEFAULT CHARSET=utf8 COLLATE=utf8_unicode_ci;
/*!40101 SET character_set_client = @saved_cs_client */;

--
-- Dumping data for table `default_navigation_groups`
--

LOCK TABLES `default_navigation_groups` WRITE;
/*!40000 ALTER TABLE `default_navigation_groups` DISABLE KEYS */;
INSERT INTO `default_navigation_groups` VALUES (1,'Header','header'),(3,'Footer Top','footer-top'),(4,'Footer Find Out','footer-find-out'),(5,'Footer Links','footer-links');
/*!40000 ALTER TABLE `default_navigation_groups` ENABLE KEYS */;
UNLOCK TABLES;

--
-- Table structure for table `default_navigation_links`
--

DROP TABLE IF EXISTS `default_navigation_links`;
/*!40101 SET @saved_cs_client     = @@character_set_client */;
/*!40101 SET character_set_client = utf8 */;
CREATE TABLE `default_navigation_links` (
  `id` int(11) NOT NULL AUTO_INCREMENT,
  `title` varchar(100) COLLATE utf8_unicode_ci NOT NULL DEFAULT '',
  `parent` int(11) DEFAULT NULL,
  `link_type` varchar(20) COLLATE utf8_unicode_ci NOT NULL DEFAULT 'uri',
  `page_id` int(11) DEFAULT NULL,
  `module_name` varchar(50) COLLATE utf8_unicode_ci NOT NULL DEFAULT '',
  `url` varchar(255) COLLATE utf8_unicode_ci NOT NULL DEFAULT '',
  `uri` varchar(255) COLLATE utf8_unicode_ci NOT NULL DEFAULT '',
  `navigation_group_id` int(5) NOT NULL DEFAULT '0',
  `position` int(5) NOT NULL DEFAULT '0',
  `target` varchar(10) COLLATE utf8_unicode_ci DEFAULT NULL,
  `restricted_to` varchar(255) COLLATE utf8_unicode_ci DEFAULT NULL,
  `class` varchar(255) COLLATE utf8_unicode_ci NOT NULL DEFAULT '',
  PRIMARY KEY (`id`),
  KEY `navigation_group_id` (`navigation_group_id`)
) ENGINE=InnoDB AUTO_INCREMENT=40 DEFAULT CHARSET=utf8 COLLATE=utf8_unicode_ci;
/*!40101 SET character_set_client = @saved_cs_client */;

--
-- Dumping data for table `default_navigation_links`
--

LOCK TABLES `default_navigation_links` WRITE;
/*!40000 ALTER TABLE `default_navigation_links` DISABLE KEYS */;
INSERT INTO `default_navigation_links` VALUES (1,'Halaman Utama',0,'page',1,'','','',1,0,'','0',''),(3,'Visi Misi DPM-PPTSP',5,'page',12,'','','',1,1,'','0',''),(4,'Struktur Organisasi',5,'page',13,'','','',1,3,'','0',''),(5,'Profil Badan Perizinan',0,'uri',0,'0','','',1,1,'','0',''),(9,'Info Publik',0,'uri',0,'0','http://','',1,2,'','0',''),(11,'Galeri',0,'module',0,'gallery','','',1,4,'_blank','0',''),(12,'Kontak',0,'page',2,'','','',1,7,'','0',''),(13,'Dasar Hukum',5,'module',0,'dasar_hukum','','',1,2,'','0',''),(18,'Informasi',9,'uri',0,'','','blog/category/informasi',1,0,'','0',''),(19,'Jenis-Jenis Perizinan',0,'page',11,'','','',1,3,'','0',''),(21,'Layanan Online',0,'uri',0,'0','','',1,6,'','0',''),(22,'Pengaduan Online',21,'module',0,'pengaduan_online','','',1,1,'','0',''),(23,'Halaman Utama',NULL,'page',1,'','','',5,1,'','0',''),(24,'Profil',NULL,'page',11,'','','',5,2,'','0',''),(27,'Layanan Online',NULL,'module',0,'perizinan_online','','',5,5,'','0',''),(28,'Kontak',NULL,'page',2,'','','',5,6,'','0',''),(29,'Forum',0,'module',0,'forums','','',1,8,'','0',''),(33,'Pegawai DPM-PPTSP',5,'module',0,'pegawai','','',1,4,'','0',''),(38,'Pendaftaran Online',21,'module',0,'perizinan_online','','',1,0,'','0',''),(39,'Perizinan Offline',NULL,'page',16,'','','',3,1,'','0','');
/*!40000 ALTER TABLE `default_navigation_links` ENABLE KEYS */;
UNLOCK TABLES;

--
-- Table structure for table `default_page_types`
--

DROP TABLE IF EXISTS `default_page_types`;
/*!40101 SET @saved_cs_client     = @@character_set_client */;
/*!40101 SET character_set_client = utf8 */;
CREATE TABLE `default_page_types` (
  `id` int(11) NOT NULL AUTO_INCREMENT,
  `slug` varchar(255) COLLATE utf8_unicode_ci NOT NULL DEFAULT '',
  `title` varchar(60) COLLATE utf8_unicode_ci NOT NULL,
  `description` text COLLATE utf8_unicode_ci,
  `stream_id` int(11) NOT NULL,
  `meta_title` varchar(255) COLLATE utf8_unicode_ci DEFAULT NULL,
  `meta_keywords` char(32) COLLATE utf8_unicode_ci DEFAULT NULL,
  `meta_description` text COLLATE utf8_unicode_ci,
  `body` text COLLATE utf8_unicode_ci NOT NULL,
  `css` text COLLATE utf8_unicode_ci,
  `js` text COLLATE utf8_unicode_ci,
  `theme_layout` varchar(100) COLLATE utf8_unicode_ci NOT NULL DEFAULT 'default',
  `updated_on` int(11) NOT NULL,
  `save_as_files` char(1) COLLATE utf8_unicode_ci NOT NULL DEFAULT 'n',
  `content_label` varchar(60) COLLATE utf8_unicode_ci DEFAULT NULL,
  `title_label` varchar(100) COLLATE utf8_unicode_ci DEFAULT NULL,
  PRIMARY KEY (`id`)
) ENGINE=InnoDB AUTO_INCREMENT=2 DEFAULT CHARSET=utf8 COLLATE=utf8_unicode_ci;
/*!40101 SET character_set_client = @saved_cs_client */;

--
-- Dumping data for table `default_page_types`
--

LOCK TABLES `default_page_types` WRITE;
/*!40000 ALTER TABLE `default_page_types` DISABLE KEYS */;
INSERT INTO `default_page_types` VALUES (1,'default','default','Halaman dengan 3 Kolom',2,'',NULL,'','<article class=\"pageSingle\">\r\n<h1>{{ page:title }}</h1>\r\n{{ body }}\r\n</article>','','','default.html',1393649158,'n','','');
/*!40000 ALTER TABLE `default_page_types` ENABLE KEYS */;
UNLOCK TABLES;

--
-- Table structure for table `default_pages`
--

DROP TABLE IF EXISTS `default_pages`;
/*!40101 SET @saved_cs_client     = @@character_set_client */;
/*!40101 SET character_set_client = utf8 */;
CREATE TABLE `default_pages` (
  `id` int(11) NOT NULL AUTO_INCREMENT,
  `slug` varchar(255) COLLATE utf8_unicode_ci NOT NULL DEFAULT '',
  `class` varchar(255) COLLATE utf8_unicode_ci NOT NULL DEFAULT '',
  `title` varchar(255) COLLATE utf8_unicode_ci NOT NULL DEFAULT '',
  `uri` text COLLATE utf8_unicode_ci,
  `parent_id` int(11) NOT NULL DEFAULT '0',
  `type_id` varchar(255) COLLATE utf8_unicode_ci NOT NULL,
  `entry_id` varchar(255) COLLATE utf8_unicode_ci DEFAULT NULL,
  `css` text COLLATE utf8_unicode_ci,
  `js` text COLLATE utf8_unicode_ci,
  `meta_title` varchar(255) COLLATE utf8_unicode_ci DEFAULT NULL,
  `meta_keywords` char(32) COLLATE utf8_unicode_ci DEFAULT NULL,
  `meta_robots_no_index` tinyint(1) DEFAULT NULL,
  `meta_robots_no_follow` tinyint(1) DEFAULT NULL,
  `meta_description` text COLLATE utf8_unicode_ci,
  `rss_enabled` int(1) NOT NULL DEFAULT '0',
  `comments_enabled` int(1) NOT NULL DEFAULT '0',
  `status` enum('draft','live') COLLATE utf8_unicode_ci NOT NULL DEFAULT 'draft',
  `created_on` int(11) NOT NULL DEFAULT '0',
  `updated_on` int(11) NOT NULL DEFAULT '0',
  `restricted_to` varchar(255) COLLATE utf8_unicode_ci DEFAULT NULL,
  `is_home` int(1) NOT NULL DEFAULT '0',
  `strict_uri` tinyint(1) NOT NULL DEFAULT '1',
  `order` int(11) NOT NULL DEFAULT '0',
  PRIMARY KEY (`id`),
  KEY `slug` (`slug`),
  KEY `parent_id` (`parent_id`)
) ENGINE=InnoDB AUTO_INCREMENT=17 DEFAULT CHARSET=utf8 COLLATE=utf8_unicode_ci;
/*!40101 SET character_set_client = @saved_cs_client */;

--
-- Dumping data for table `default_pages`
--

LOCK TABLES `default_pages` WRITE;
/*!40000 ALTER TABLE `default_pages` DISABLE KEYS */;
INSERT INTO `default_pages` VALUES (1,'home','','home','home',0,'1','1','','','','',1,1,'Portal DPM-PPTSP Kabupaten Karo',0,0,'live',1370958753,1504077275,'0',1,1,0),(2,'contact','','Kontak','contact',0,'1','2','','','','',0,0,'',0,0,'live',1370958753,1507865320,'0',0,1,1),(5,'404','','Page missing','404',0,'1','5',NULL,NULL,NULL,'',NULL,NULL,NULL,0,0,'live',1370958753,0,'',0,1,2),(11,'gambaran-umum-instansi','','Jenis-Jenis Perizinan','gambaran-umum-instansi',0,'1','13','','','','',0,0,'',0,0,'live',1393082397,1498741686,'0',0,1,3),(12,'visi-misi-bpmptsp','','Visi Misi BPMPTSP','visi-misi-bpmptsp',0,'1','14','','','','',0,0,'',0,0,'live',1393082436,1503472373,'0',0,1,4),(13,'struktur-organisasi','','Struktur Organisasi','struktur-organisasi',0,'1','15','','','Struktur Organisasi','',0,0,'',0,0,'live',1393082477,1498741090,'0',0,1,5),(14,'gambaran-umum-kabupaten-agam','','Gambaran Umum Kabupaten Karo','gambaran-umum-kabupaten-agam',0,'1','16','','','','',0,0,'',0,0,'live',1393082865,1497850877,'0',0,1,6),(15,'perizinan-online','','Perizinan Online','gambaran-umum-instansi/perizinan-online',11,'1','17','','','','',0,0,'',0,0,'live',1504077548,0,'0',0,1,0),(16,'perizinan-offline','','Perizinan Offline','gambaran-umum-instansi/perizinan-offline',11,'1','18','','','','',0,0,'',0,0,'live',1504078088,0,'0',0,1,1);
/*!40000 ALTER TABLE `default_pages` ENABLE KEYS */;
UNLOCK TABLES;

--
-- Table structure for table `default_pegawai`
--

DROP TABLE IF EXISTS `default_pegawai`;
/*!40101 SET @saved_cs_client     = @@character_set_client */;
/*!40101 SET character_set_client = utf8 */;
CREATE TABLE `default_pegawai` (
  `id` int(11) NOT NULL AUTO_INCREMENT,
  `order` int(11) DEFAULT NULL,
  `nama_pegawai` varchar(200) COLLATE utf8_unicode_ci NOT NULL,
  `nip` varchar(25) COLLATE utf8_unicode_ci NOT NULL,
  `jabatan` varchar(100) COLLATE utf8_unicode_ci NOT NULL,
  `alamat` varchar(500) COLLATE utf8_unicode_ci NOT NULL,
  `tempat_lahir` varchar(50) COLLATE utf8_unicode_ci NOT NULL,
  `tgl_lahir` date NOT NULL,
  `no_telp` varchar(20) COLLATE utf8_unicode_ci NOT NULL,
  `pendidikan` varchar(255) COLLATE utf8_unicode_ci NOT NULL,
  `foto` varchar(50) COLLATE utf8_unicode_ci NOT NULL,
  PRIMARY KEY (`id`)
) ENGINE=MyISAM AUTO_INCREMENT=36 DEFAULT CHARSET=utf8 COLLATE=utf8_unicode_ci;
/*!40101 SET character_set_client = @saved_cs_client */;

--
-- Dumping data for table `default_pegawai`
--

LOCK TABLES `default_pegawai` WRITE;
/*!40000 ALTER TABLE `default_pegawai` DISABLE KEYS */;
INSERT INTO `default_pegawai` VALUES (3,4,'Dian Simson Tarigan, S.Sos','19680626 198811 1 001','Kabid Pengolahan Data, Teknologi Informasi','Kabanjahe','Medan','1968-06-26','-','Sarjana Ilmu Sosial','459671eb1ab6fe3'),(14,15,'Herda Sri Rahayu Sebayang,S.Sos','19791028 201001 2 022','Kepala Seksi Pelayanan Perizinan dan Non Perizinan','Kabanjahe','Kabanjahe','1979-10-28','-','Sarjana Ilmu Sosial','aa3b718a7114f2e'),(4,2,'Ir. Herawati Br Sitepu','19660505 199303 2 003','Sekretaris','Kabanjahe','Kabanjahe','1967-02-06','-','Teknik Sipil','5e9bc9a27753c24'),(5,1,'Susy Iswara Bangun, SE, MSI','19660505 199303 2 003','Kepala Dinas Penanaman Modal dan PTSP','Kabanjahe','Medan','1966-05-05','-','Magister Ekonomi','eef2a1dcbb4ddf8'),(6,5,'Alexander Tarigan, ST','19741031 200212 1 003','Kabid Promosi, Deregulasi dan Pengembangan Penanaman Modal','Kabanjahe','Medan','1974-10-31','-','Sarjana Teknik','921e37364351999'),(7,3,'Unggul Perangin Angin, SE','19611208 199303 1 001','Kabid Pelayanan Terpadu Satu Pintu','Kabanjahe','Pabatu','1961-12-08','-','Sarjana Ekonomi','7a21a32f070b215'),(8,27,'Yenni Clara Br Purba, A.Md','-','Operator Komputer','Kabanjahe','Kabanjahe','1994-11-12','-','Ahli Madya','d99deaeff6a2808'),(9,32,'Nonny Indira Br Sembiring,S.Pd','-','Operator Komputer','Kabanjahe','Kabanjahe','1989-12-09','-','Sarjana Pendidikan','adcb7750ac803da'),(10,28,'Pintan Ulina Br Sembiring,S.Pd','-','Operator Komputer','Tigapanah','Tigapanah','1992-10-31','-','Sarjana Pendidikan','9940e2109dfc988'),(11,33,'Niafika Br Sitepu,A.Md','-','Operator Komputer','Kabanjahe','Kabanjahe','1994-07-02','-','Ahli Madya','962ce20b8471c22'),(12,29,'Nurdiana Br Ginting','-','Operator Komputer','Kabanjahe','Kabanjahe','1994-04-12','-','Sarjana Teknik','da2d0d1ce8aeb5f'),(13,10,'Sinarta Barus, BBA','19640107 199303 1 001','Kepala Seksi Pengawasan dan Pengendalian','Kabanjahe','Medan','1964-01-07','-','Sarjana Bisnis Administrasi','5ed08344c92deae'),(15,26,'Ramai Juliani Surbakti','-','Operator Komputer','Kabanjahe','Binjai','1984-07-03','-','-','c7581abaacbfeca'),(16,16,'Apriyanti Br Sitepu, SE','19830426 200502 2 001','Kepala Sub Bagian Perencanaan Evaluasi dan Pelaporan','Kabanjahe','Medan','1983-04-26','-','Sarjana Ekonomi','9658103bd3ee996'),(17,12,'Dra. Rustiana Br Sembiring','19650717 200604 2 001','Kepala Sub Bagian Keuangan','Kabanjahe','Kabanjahe','1965-07-17','-','Doktorandus','7814b50e3c24f9b'),(19,18,'Intaperi Ginting, SH','19770609 200604 1 017','Kepala Seksi Pengolahan Data','Berastagi','Berastagi','1977-06-09','-','Sarjana Hukum','676bbfca3e448d5'),(20,13,'Romes Surbakti, SH','19821020 201101 1 010','Kepala Seksi Perencanaan Pengembangan Penanaman','Berastagi','Surbakti','1982-10-20','-','Sarjana Hukum','962280fe68508e8'),(21,9,'Nurliana Br Perangin Angin','19630620 199303 2 004','Kepala Seksi Informasi dan Pengaduan','Kabanjahe','Kabanjahe','1963-06-20','-','-','169b99f2617d490'),(22,19,'Tinorma Saprouli Panggabean,S.Si','19850731 200903 2 009','Kepala Seksi Teknologi Informasi','Kabanjahe','Siparpar','1985-07-31','-','Sarjana Sains','c9a8c96b41abfaf'),(23,17,'Rahel Br Ginting, SE','19820312 201011 2 028','Kepala Seksi Pelayanan Non Usaha','Kabanjahe','Desa Raya','1982-03-12','-','Sarjana Ekonomi','1ce3396fc826f97'),(25,38,'Perbahanan Ginting','-','THL','Kabanjahe','Ajinembah','1982-12-29','-','-','0e7bd4f0138afd3'),(26,8,'Daretmo Sastra Keliat, SH','19781129 199903 1 002','Kepala seksi Standarisasi','Kabanjahe','Pancurbatu','1978-11-29','-','Sarjana Hukum','945ca8ed15c2b08'),(27,22,'Pricista Br Ginting, SH','19821011 201504 2 001','Staf','Kabanjahe','Sugihen','1982-10-11','-','Sarjana Hukum','01473a5fcb42ca6'),(28,23,'Endaria Cahaya Br Perangin Angin, A.Md','19870218 201001 2 021','Staf','Kabanjahe','Kutambaru','1987-02-18','-','Ahli Madya','cb493b1a666bd4b'),(29,6,'Arbadianto Albert S Depari, S.Sos, M.M','19691111 200212 1 002','Kepala Seksi Pelayanan Perizinan Usaha','Kabanjahe','Medan','1969-11-11','-','Magister Management','fd5b36e2f5cd5c4'),(30,7,'Ita Krina Sembiring, SH','19670625 199703 2 002','Kepala Seksi Dokumentasi','Kabanjahe','Medan','1967-06-25','-','Sarjana Hukum','8d8335f470990f7'),(31,20,'Asianna Pandiangan, SE','19720323 200701 2 011','Bendahara Pengeluaran','Kabanjahe','Siantar','1972-03-23','-','Sarjana Ekonomi','6797d8e81530d36'),(32,21,'Alva Xarisma Purba, A.Md','19770101 200502 1 003','Bendahara Penerimaan','Kabanjahe','Tigabinanga','1977-01-01','-','Ahli Madya','85a195728c175b7'),(33,14,'Risma Antani Br Pelawi, SE','19780203 201001 2 006','Kepala Seksi Promosi Penanaman Modal','Kabanjahe','Raya','2017-08-17','-','Sarjana Ekonomi','481e9955cb2e902'),(34,25,'Deviany Erika Wati Br Ginting','19771217 199703 2 001','Staf','Kabanjahe','Kabanjahe','2017-08-17','-','-','0ae4f38677074b1'),(35,30,'Marletti Br Ginting','-','Operator Komputer','Kabanjahe','Kabanjahe','2017-08-11','-','-','25448e1319e9d20');
/*!40000 ALTER TABLE `default_pegawai` ENABLE KEYS */;
UNLOCK TABLES;

--
-- Table structure for table `default_pengaduan_online`
--

DROP TABLE IF EXISTS `default_pengaduan_online`;
/*!40101 SET @saved_cs_client     = @@character_set_client */;
/*!40101 SET character_set_client = utf8 */;
CREATE TABLE `default_pengaduan_online` (
  `id` int(11) NOT NULL AUTO_INCREMENT,
  `order` int(11) DEFAULT NULL,
  `nama` varchar(200) COLLATE utf8_unicode_ci NOT NULL,
  `alamat` varchar(500) COLLATE utf8_unicode_ci NOT NULL,
  `provinsi` int(11) DEFAULT NULL,
  `provinsi_text` varchar(150) COLLATE utf8_unicode_ci DEFAULT NULL,
  `kabupaten` int(11) DEFAULT NULL,
  `kabupaten_text` varchar(150) COLLATE utf8_unicode_ci DEFAULT NULL,
  `kecamatan` int(11) DEFAULT NULL,
  `kecamatan_text` varchar(150) COLLATE utf8_unicode_ci DEFAULT NULL,
  `kelurahan` int(11) DEFAULT NULL,
  `kelurahan_text` varchar(150) COLLATE utf8_unicode_ci DEFAULT NULL,
  `deskripsi_pengaduan` varchar(500) COLLATE utf8_unicode_ci DEFAULT NULL,
  `urut` int(11) DEFAULT NULL,
  `tanggal` date DEFAULT NULL,
  PRIMARY KEY (`id`)
) ENGINE=MyISAM AUTO_INCREMENT=4 DEFAULT CHARSET=utf8 COLLATE=utf8_unicode_ci;
/*!40101 SET character_set_client = @saved_cs_client */;

--
-- Dumping data for table `default_pengaduan_online`
--

LOCK TABLES `default_pengaduan_online` WRITE;
/*!40000 ALTER TABLE `default_pengaduan_online` DISABLE KEYS */;
/*!40000 ALTER TABLE `default_pengaduan_online` ENABLE KEYS */;
UNLOCK TABLES;

--
-- Table structure for table `default_perizinan_online`
--

DROP TABLE IF EXISTS `default_perizinan_online`;
/*!40101 SET @saved_cs_client     = @@character_set_client */;
/*!40101 SET character_set_client = utf8 */;
CREATE TABLE `default_perizinan_online` (
  `id` int(11) NOT NULL AUTO_INCREMENT,
  `order` int(11) DEFAULT NULL,
  `id_pemohon` varchar(25) COLLATE utf8_unicode_ci NOT NULL,
  `jenis_identitas` varchar(10) COLLATE utf8_unicode_ci NOT NULL,
  `nama_pemohon` varchar(200) COLLATE utf8_unicode_ci NOT NULL,
  `telp_pemohon` varchar(25) COLLATE utf8_unicode_ci NOT NULL,
  `alamat_pemohon` varchar(500) COLLATE utf8_unicode_ci NOT NULL,
  `provinsi_pemohon` varchar(50) COLLATE utf8_unicode_ci DEFAULT NULL,
  `kabupaten_pemohon` varchar(50) COLLATE utf8_unicode_ci DEFAULT NULL,
  `kecamatan_pemohon` varchar(50) COLLATE utf8_unicode_ci DEFAULT NULL,
  `kelurahan_pemohon` varchar(50) COLLATE utf8_unicode_ci DEFAULT NULL,
  `npwp_perusahaan` varchar(50) COLLATE utf8_unicode_ci DEFAULT NULL,
  `no_register_perusahaan` varchar(50) COLLATE utf8_unicode_ci DEFAULT NULL,
  `nama_perusahaan` varchar(200) COLLATE utf8_unicode_ci DEFAULT NULL,
  `alamat_perusahaan` varchar(500) COLLATE utf8_unicode_ci DEFAULT NULL,
  `telepon_perusahaan` varchar(25) COLLATE utf8_unicode_ci DEFAULT NULL,
  `provinsi_perusahaan` varchar(50) COLLATE utf8_unicode_ci DEFAULT NULL,
  `kabupaten_perusahaan` varchar(50) COLLATE utf8_unicode_ci DEFAULT NULL,
  `kecamatan_perusahaan` varchar(50) COLLATE utf8_unicode_ci DEFAULT NULL,
  `kelurahan_perusahaan` varchar(50) COLLATE utf8_unicode_ci DEFAULT NULL,
  `lampiran` varchar(200) COLLATE utf8_unicode_ci DEFAULT NULL,
  `jenis_izin` int(11) DEFAULT NULL,
  `urut` int(11) DEFAULT NULL,
  `nama_perizinan` varchar(150) COLLATE utf8_unicode_ci DEFAULT NULL,
  `no_pendaftaran` varchar(50) COLLATE utf8_unicode_ci DEFAULT NULL,
  `provinsi_pemohon_text` varchar(200) COLLATE utf8_unicode_ci DEFAULT NULL,
  `kabupaten_pemohon_text` varchar(200) COLLATE utf8_unicode_ci DEFAULT NULL,
  `kecamatan_pemohon_text` varchar(200) COLLATE utf8_unicode_ci DEFAULT NULL,
  `kelurahan_pemohon_text` varchar(200) COLLATE utf8_unicode_ci DEFAULT NULL,
  `provinsi_perusahaan_text` varchar(200) COLLATE utf8_unicode_ci DEFAULT NULL,
  `kabupaten_perusahaan_text` varchar(200) COLLATE utf8_unicode_ci DEFAULT NULL,
  `kecamatan_perusahaan_text` varchar(200) COLLATE utf8_unicode_ci DEFAULT NULL,
  `kelurahan_perusahaan_text` varchar(200) COLLATE utf8_unicode_ci DEFAULT NULL,
  `unit_kerja_id` int(11) DEFAULT NULL,
  `unit_kerja_text` varchar(200) COLLATE utf8_unicode_ci DEFAULT NULL,
  PRIMARY KEY (`id`)
) ENGINE=MyISAM AUTO_INCREMENT=118 DEFAULT CHARSET=utf8 COLLATE=utf8_unicode_ci;
/*!40101 SET character_set_client = @saved_cs_client */;

--
-- Dumping data for table `default_perizinan_online`
--

LOCK TABLES `default_perizinan_online` WRITE;
/*!40000 ALTER TABLE `default_perizinan_online` DISABLE KEYS */;
INSERT INTO `default_perizinan_online` VALUES (117,NULL,'12','KTP','tomas milala','0922213','gang samura','2','29','367','7358','','','','ud tomas keren','','2','29','367','7358',NULL,31,27,'PENERBITAN IZIN KLINIK PERTAMA','0005603101102017','SUMATERA UTARA','KARO','KABANJAHE','GUNG LETO','SUMATERA UTARA','KARO','KABANJAHE','GUNG LETO',1,'DINAS PENANAMAN MODAL DAN PELAYANAN PERIZINAN TERPADU SATU PINTU'),(116,NULL,'1206015108670003','KTP','LI HAU / ESTER','0811624024','JALAN KAPTEN BANGSI SEMBIRING NO. 96 KEL. LAU CIMBA KECAMATAN KABANJAHE KAB. KARO','2','29','367','7357','02.342.578.8-128.001','0','PT. PRIMA TANI','JALAN PASAR BARU NO. 14 KEL. PADANG MAS KEC. KABANJAHE','0811624024','2','29','367','7356',NULL,1,26,'IZIN GANGGUAN MENDIRIKAN USAHA (HO)','0005500101092017','SUMATERA UTARA','KARO','KABANJAHE','LAU CIMBA','SUMATERA UTARA','KARO','KABANJAHE','PADANG MAS',1,'DINAS PENANAMAN MODAL DAN PELAYANAN PERIZINAN TERPADU SATU PINTU'),(115,NULL,'1206090107650013','KTP','JASWAN GINTING','081376176535','LAU BALENG','2','29','375','7514','098235062119000','0','PO. DALINTA RAS','LAU BALENG','0','2','29','375','7514',NULL,2,25,'SURAT IZIN USAHA PERDAGANGAN','0005400201092017','SUMATERA UTARA','KARO','LAUBALENG','LAU BALENG','SUMATERA UTARA','KARO','LAUBALENG','LAU BALENG',1,'DINAS PENANAMAN MODAL DAN PELAYANAN PERIZINAN TERPADU SATU PINTU'),(114,NULL,'12345677789','KTP','Tongat Karo-Karo','08126310102','Jl. Jamin Ginting No. 1101 Berastagi','2','29','368','7376','1235468854','','CV. TONGAT JAYA','Jl. Jamin Ginting No. 1101 Berastagi','0628324655','2','29','368','7376',NULL,16,24,'IMB GEDUNG ','0005301601082017','SUMATERA UTARA','KARO','BERASTAGI','RUMAH BRASTAGI','SUMATERA UTARA','KARO','BERASTAGI','RUMAH BRASTAGI',1,'DINAS PENANAMAN MODAL DAN PELAYANAN PERIZINAN TERPADU SATU PINTU'),(113,NULL,'1234567890','KTP','Tongat Karo-Karo','08126310102','Jl. Jamin Ginting No. 111 Berastagi','2','29','368','7376','1235468854','12334','CV. TONGAT JAYA','Jl. Jamin Ginting No. 111 Berastagi','0628324655','2','29','368','7376',NULL,16,23,'IMB GEDUNG ','0005201601082017','SUMATERA UTARA','KARO','BERASTAGI','RUMAH BRASTAGI','SUMATERA UTARA','KARO','BERASTAGI','RUMAH BRASTAGI',1,'DINAS PENANAMAN MODAL DAN PELAYANAN PERIZINAN TERPADU SATU PINTU'),(112,NULL,'1206056606770003','KTP','SURYANI','081375881556','DESA GARINGGING','2','29','371','7442','816027403128000','-','CV. SURYA ANGGUN MANDIRI ( S. A. M)','JL.RAYA KABANJAHE MEREK KM 21 DESA GARINGGING','-','2','29','371','7442',NULL,2,22,'SURAT IZIN USAHA PERDAGANGAN','0004700201082017','SUMATERA UTARA','KARO','MEREK','MEREK','SUMATERA UTARA','KARO','MEREK','MEREK',1,'DINAS PENANAMAN MODAL DAN PELAYANAN PERIZINAN TERPADU SATU PINTU'),(111,NULL,'1255787456','KTP','PINTAN MELIALA','082167631293','JALAN JAMIN GINTING NO. 90','2','29','367','7363','718707169128000','-','JAYA SENTOSA SIMELEKETE','JALAN JAMIN GINTING','0','2','29','367','7363',NULL,1,21,'IZIN GANGGUAN MENDIRIKAN USAHA (HO)','0004400101082017','SUMATERA UTARA','KARO','KABANJAHE','KETAREN','SUMATERA UTARA','KARO','KABANJAHE','KETAREN',1,'DINAS PENANAMAN MODAL DAN PELAYANAN PERIZINAN TERPADU SATU PINTU'),(110,NULL,'1206015504820003','KTP','MUNTAMAH SE','081260626273','JLN.JAMIN GINTING GG.LAU KAWAR','2','29','367','7359','768361107128000','-','-','-','-','2','29','367','7359',NULL,16,20,'IMB GEDUNG ','0004101601082017','SUMATERA UTARA','KARO','KABANJAHE','GUNG NEGERI','SUMATERA UTARA','KARO','KABANJAHE','GUNG NEGERI',1,'DINAS PENANAMAN MODAL DAN PELAYANAN PERIZINAN TERPADU SATU PINTU'),(109,NULL,'1206012808840004','KTP','DR FADLI ARMANTO KARO-KARO','08126045544','JALAN JAMIN GINTING NO. 81','2','29','367','7363','718707169128000','-','PT. TUNAS JAYA ENERGY','JALAN JAMIN GINTING NO. 81','-','2','29','367','7363',NULL,4,19,'IZIN GANGGUAN  USAHA (HO)','0004000401082017','SUMATERA UTARA','KARO','KABANJAHE','KETAREN','SUMATERA UTARA','KARO','KABANJAHE','KETAREN',1,'DINAS PENANAMAN MODAL DAN PELAYANAN PERIZINAN TERPADU SATU PINTU'),(108,NULL,'1206014107930095','KTP','TRIA FEBA SITEPU','085212341234','JALAN VETERAN KOMPLEK PERTANIAN','2','29','367','7358','-','-','-','-','-','3','','','',NULL,26,18,'IZIN REKLAME','0003702601082017','SUMATERA UTARA','KARO','KABANJAHE','GUNG LETO','','','','',1,'DINAS PENANAMAN MODAL DAN PELAYANAN PERIZINAN TERPADU SATU PINTU'),(107,NULL,'3175030401830003','KTP','EDWIN ARIFIN','081264771001','JALAN KAPTEN BANGSI SEMBIRING NO. 18','2','29','367','7356','','','','','-','3','','','',NULL,16,17,'IMB GEDUNG ','0003401601082017','SUMATERA UTARA','KARO','KABANJAHE','PADANG MAS','','','','',1,'DINAS PENANAMAN MODAL DAN PELAYANAN PERIZINAN TERPADU SATU PINTU'),(106,NULL,'-','KTP','Afira Arva','-','Jln Jamin Ginting Gang Cahaya','2','29','368','7372','789456123','789456123','PT GONOGINI','Jalan Jamin Ginting Gang Cahaya','062893313','2','29','368','7372',NULL,4,16,'IZIN GANGGUAN  USAHA (HO)','0003100401082017','SUMATERA UTARA','KARO','BERASTAGI','GUNDALING II','SUMATERA UTARA','KARO','BERASTAGI','GUNDALING II',1,'DINAS PENANAMAN MODAL DAN PELAYANAN PERIZINAN TERPADU SATU PINTU'),(105,NULL,'1463547','KTP','EPRISKA JENINTA GEA, SE','082168552144','PERUMAHAN TELKOM DESA SAMURA, KABANJAHE','2','29','367','7364','-','-','CV. JAYA UTAMA','JL. JAMIN GINTING NO 113, DESA KETAREN','-','2','29','367','7363',NULL,5,15,'TANDA DAFTAR PERUSAHAAN (CV)','0003000501082017','SUMATERA UTARA','KARO','KABANJAHE','SAMURA','SUMATERA UTARA','KARO','KABANJAHE','KETAREN',1,'DINAS PENANAMAN MODAL DAN PELAYANAN PERIZINAN TERPADU SATU PINTU'),(104,NULL,'188','KTP','drs tenangmin surbakti','09995555','jl.uka','2','29','367','7363','1399988312','','XXX','Jl. jamin ginting','062820130','2','29','367','7359',NULL,16,14,'IMB GEDUNG ','0002901601082017','SUMATERA UTARA','KARO','KABANJAHE','KETAREN','SUMATERA UTARA','KARO','KABANJAHE','GUNG NEGERI',1,'DINAS PENANAMAN MODAL DAN PELAYANAN PERIZINAN TERPADU SATU PINTU'),(103,NULL,'12345','KTP','Novianti','085270662888','Jl. Abdul Kadir No. 30','2','29','367','7356','','','','','','3','','','',NULL,16,13,'IMB GEDUNG ','0002801601082017','SUMATERA UTARA','KARO','KABANJAHE','PADANG MAS','','','','',1,'DINAS PENANAMAN MODAL DAN PELAYANAN PERIZINAN TERPADU SATU PINTU'),(102,NULL,'19000','KTP','dion','0813554422','Gang Madu','2','29','367','7360','190391312','','CV. Kolangkaling','Gang Madu','091334','2','29','367','7360',NULL,4,12,'IZIN GANGGUAN  USAHA (HO)','0002700401072017','SUMATERA UTARA','KARO','KABANJAHE','KAMPUNG DALAM','SUMATERA UTARA','KARO','KABANJAHE','KAMPUNG DALAM',1,'DINAS PENANAMAN MODAL DAN PELAYANAN PERIZINAN TERPADU SATU PINTU'),(101,NULL,'1676','KTP','bambang 12','89899898','ketaren','2','29','367','7360','0892982','','CV.bangbang','','','2','29','367','7360',NULL,4,11,'IZIN GANGGUAN  USAHA (HO)','0002600401072017','SUMATERA UTARA','KARO','KABANJAHE','KAMPUNG DALAM','SUMATERA UTARA','KARO','KABANJAHE','KAMPUNG DALAM',1,'DINAS PENANAMAN MODAL DAN PELAYANAN PERIZINAN TERPADU SATU PINTU'),(100,NULL,'22223344','KTP','Nunung','0809887776','Tigabinanga','2','29','374','7506','22111221','125','','Tigabinanga','080980000000','2','29','374','7506',NULL,4,10,'IZIN GANGGUAN  USAHA (HO)','0002300401072017','SUMATERA UTARA','KARO','TIGA BINANGA','BUNGA BARU','SUMATERA UTARA','KARO','TIGA BINANGA','BUNGA BARU',1,'DINAS PENANAMAN MODAL DAN PELAYANAN PERIZINAN TERPADU SATU PINTU'),(99,NULL,'1111222333','KTP','Nining','08123456789','Berastagi','2','29','368','7376','22211112','124','CV. SEKERAJANGTA','Berastagi','0809000999','2','29','368','7376',NULL,16,9,'IMB GEDUNG ','0002201601072017','SUMATERA UTARA','KARO','BERASTAGI','RUMAH BRASTAGI','SUMATERA UTARA','KARO','BERASTAGI','RUMAH BRASTAGI',1,'DINAS PENANAMAN MODAL DAN PELAYANAN PERIZINAN TERPADU SATU PINTU'),(98,NULL,'21212','KTP','Purba','08097878','Kabanjahe','2','29','367','7359','2222111','123','CV. PURBA','Kabanjahe','080999999','2','29','367','7359',NULL,16,8,'IMB GEDUNG ','0002101601072017','SUMATERA UTARA','KARO','KABANJAHE','GUNG NEGERI','SUMATERA UTARA','KARO','KABANJAHE','GUNG NEGERI',1,'DINAS PENANAMAN MODAL DAN PELAYANAN PERIZINAN TERPADU SATU PINTU'),(97,NULL,'1234567890000','KTP','Lingga','0890000001','Kabanjahe','2','29','367','7359','2222222','123','CV. DOTA KARO','Kabanjahe','080900000002','2','29','367','7359',NULL,1,7,'IZIN GANGGUAN MENDIRIKAN USAHA (HO)','0002000101072017','SUMATERA UTARA','KARO','KABANJAHE','GUNG NEGERI','SUMATERA UTARA','KARO','KABANJAHE','GUNG NEGERI',1,'DINAS PENANAMAN MODAL DAN PELAYANAN PERIZINAN TERPADU SATU PINTU'),(96,NULL,'12713613','KTP','babmama','0921937121','berastagi desa sempajaya','2','29','368','7377','1234567','1122','ud kita','berastagi sempajaya','09992','2','29','368','7377',NULL,2,6,'SURAT IZIN USAHA PERDAGANGAN','0102900201072017','SUMATERA UTARA','KARO','BERASTAGI','SEMPAJAYA','SUMATERA UTARA','KARO','BERASTAGI','SEMPAJAYA',1,'DINAS PENANAMAN MODAL DAN PELAYANAN PERIZINAN TERPADU SATU PINTU'),(94,NULL,'12345566','KTP','Alibaba','0987654321','Jl. Abal-Abal','2','29','368','7376','','','','','','3','','','',NULL,16,4,'IMB GEDUNG','0000201601072017','SUMATERA UTARA','KARO','BERASTAGI','RUMAH BRASTAGI','','','','',1,'DINAS PENANAMAN MODAL DAN PELAYANAN PERIZINAN TERPADU SATU PINTU'),(95,NULL,'1234.56789','KTP','Dian Alfrica Sembiring','062893313','Jl. Jamin Ginting Gang Cahaya Asrama NO. 7','2','29','368','7371','12345678909876','0987654321','CV. Tower','Jl Jamin Ginting No.7 Kabanjahe','062892212','2','29','367','7358',NULL,27,5,'IMB TOWER','0102602701072017','SUMATERA UTARA','KARO','BERASTAGI','GUNDALING I','SUMATERA UTARA','KARO','KABANJAHE','GUNG LETO',1,'DINAS PENANAMAN MODAL DAN PELAYANAN PERIZINAN TERPADU SATU PINTU'),(93,NULL,'123456789000','KTP','Febrian T Purba','081263102727','Jl. Jamin Ginting','2','29','368','7376','','','','','','3','','','',NULL,16,3,'IMB GEDUNG','0000101601072017','SUMATERA UTARA','KARO','BERASTAGI','RUMAH BRASTAGI','','','','',1,'DINAS PENANAMAN MODAL DAN PELAYANAN PERIZINAN TERPADU SATU PINTU'),(92,NULL,'123456789000','KTP','Alva Xarisma Purba','081263102727','Jl. Jamin Ginting 17','2','29','368','7376','01234567890','1234','CV. XARISMA','Jl. Jamin Ginting No.17','0628 324655','2','29','368','7376',NULL,16,2,'IMB GEDUNG','0000101601072017','SUMATERA UTARA','KARO','BERASTAGI','RUMAH BRASTAGI','SUMATERA UTARA','KARO','BERASTAGI','RUMAH BRASTAGI',1,'DINAS PENANAMAN MODAL DAN PELAYANAN PERIZINAN TERPADU SATU PINTU'),(91,NULL,'1','KTP','herawati sitepu','082212341234','jl. veteran komplek pertanian kelurahan gung leto kecamatan kabanjahe','2','29','367','7358','0121971628001','1234','cv. vii','kabanjahe','082212341234','2','29','367','7358',NULL,3,1,'IZIN GANGGUAN (HO)','0001500301062017','SUMATERA UTARA','KARO','KABANJAHE','GUNG LETO','SUMATERA UTARA','KARO','KABANJAHE','GUNG LETO',7,'BPMPTSP KABUPATEN TANGERANG');
/*!40000 ALTER TABLE `default_perizinan_online` ENABLE KEYS */;
UNLOCK TABLES;

--
-- Table structure for table `default_permissions`
--

DROP TABLE IF EXISTS `default_permissions`;
/*!40101 SET @saved_cs_client     = @@character_set_client */;
/*!40101 SET character_set_client = utf8 */;
CREATE TABLE `default_permissions` (
  `id` int(11) NOT NULL AUTO_INCREMENT,
  `group_id` int(11) NOT NULL,
  `module` varchar(50) COLLATE utf8_unicode_ci NOT NULL,
  `roles` text COLLATE utf8_unicode_ci,
  PRIMARY KEY (`id`),
  KEY `group_id` (`group_id`)
) ENGINE=InnoDB AUTO_INCREMENT=110 DEFAULT CHARSET=utf8 COLLATE=utf8_unicode_ci;
/*!40101 SET character_set_client = @saved_cs_client */;

--
-- Dumping data for table `default_permissions`
--

LOCK TABLES `default_permissions` WRITE;
/*!40000 ALTER TABLE `default_permissions` DISABLE KEYS */;
INSERT INTO `default_permissions` VALUES (17,4,'articles','{\"put_live\":\"1\",\"edit_live\":\"1\",\"delete_live\":\"1\"}'),(18,4,'business',NULL),(19,4,'embrio',NULL),(20,4,'templates',NULL),(21,4,'files','{\"wysiwyg\":\"1\",\"upload\":\"1\",\"download_file\":\"1\",\"edit_file\":\"1\",\"delete_file\":\"1\",\"create_folder\":\"1\",\"set_location\":\"1\",\"synchronize\":\"1\",\"edit_folder\":\"1\",\"delete_folder\":\"1\"}'),(22,4,'keywords',NULL),(23,4,'magazine',NULL),(24,4,'maintenance',NULL),(25,4,'navigation',NULL),(26,4,'pages','{\"put_live\":\"1\",\"edit_live\":\"1\",\"delete_live\":\"1\",\"create_types\":\"1\",\"edit_types\":\"1\",\"delete_types\":\"1\"}'),(27,4,'qa',NULL),(28,4,'settings',NULL),(29,4,'streams','{\"admin_streams\":\"1\",\"admin_fields\":\"1\"}'),(30,4,'users','{\"admin_profile_fields\":\"1\"}'),(31,4,'widgets',NULL),(32,3,'articles','{\"put_live\":\"1\",\"edit_live\":\"1\",\"delete_live\":\"1\"}'),(33,3,'business',NULL),(34,3,'embrio',NULL),(35,3,'magazine',NULL),(36,3,'pages','{\"put_live\":\"1\",\"edit_live\":\"1\",\"delete_live\":\"1\",\"create_types\":\"1\",\"edit_types\":\"1\",\"delete_types\":\"1\"}'),(37,3,'qa',NULL),(92,5,'blog','{\"put_live\":\"1\",\"edit_live\":\"1\",\"delete_live\":\"1\"}'),(93,5,'templates',NULL),(94,5,'files','{\"wysiwyg\":\"1\",\"upload\":\"1\",\"download_file\":\"1\",\"edit_file\":\"1\",\"delete_file\":\"1\",\"create_folder\":\"1\",\"set_location\":\"1\",\"synchronize\":\"1\",\"edit_folder\":\"1\",\"delete_folder\":\"1\"}'),(95,5,'groups',NULL),(96,5,'maintenance',NULL),(97,5,'navigation',NULL),(98,5,'pages','{\"put_live\":\"1\",\"edit_live\":\"1\"}'),(99,5,'polls',NULL),(100,5,'redirects',NULL),(101,5,'settings',NULL),(102,5,'streams',NULL),(103,5,'users','{\"admin_profile_fields\":\"1\"}'),(104,5,'variables',NULL),(105,5,'widgets',NULL),(107,6,'discussion',NULL),(108,6,'forums',NULL),(109,6,'users','{\"admin_profile_fields\":\"1\"}');
/*!40000 ALTER TABLE `default_permissions` ENABLE KEYS */;
UNLOCK TABLES;

--
-- Table structure for table `default_poll_options`
--

DROP TABLE IF EXISTS `default_poll_options`;
/*!40101 SET @saved_cs_client     = @@character_set_client */;
/*!40101 SET character_set_client = utf8 */;
CREATE TABLE `default_poll_options` (
  `id` smallint(11) unsigned NOT NULL AUTO_INCREMENT,
  `poll_id` tinyint(11) unsigned NOT NULL,
  `type` enum('defined','other') NOT NULL DEFAULT 'defined',
  `title` varchar(256) NOT NULL,
  `order` tinyint(2) unsigned DEFAULT NULL,
  `votes` mediumint(11) unsigned NOT NULL DEFAULT '0',
  PRIMARY KEY (`id`),
  KEY `poll_id` (`poll_id`)
) ENGINE=InnoDB AUTO_INCREMENT=7 DEFAULT CHARSET=utf8;
/*!40101 SET character_set_client = @saved_cs_client */;

--
-- Dumping data for table `default_poll_options`
--

LOCK TABLES `default_poll_options` WRITE;
/*!40000 ALTER TABLE `default_poll_options` DISABLE KEYS */;
INSERT INTO `default_poll_options` VALUES (1,1,'defined','Bagus',0,1),(2,1,'defined','Sedang',1,0),(3,1,'defined','Kurang Bagus',2,0),(4,3,'defined','a. Bagus',0,0),(5,3,'defined','b. Kurang Bagus',1,0),(6,3,'defined','c. Buruk',2,0);
/*!40000 ALTER TABLE `default_poll_options` ENABLE KEYS */;
UNLOCK TABLES;

--
-- Table structure for table `default_poll_other_votes`
--

DROP TABLE IF EXISTS `default_poll_other_votes`;
/*!40101 SET @saved_cs_client     = @@character_set_client */;
/*!40101 SET character_set_client = utf8 */;
CREATE TABLE `default_poll_other_votes` (
  `id` mediumint(8) unsigned NOT NULL AUTO_INCREMENT,
  `parent_id` smallint(11) unsigned NOT NULL,
  `text` tinytext NOT NULL,
  `created` int(16) NOT NULL,
  PRIMARY KEY (`id`),
  KEY `parent_id` (`parent_id`)
) ENGINE=InnoDB DEFAULT CHARSET=utf8;
/*!40101 SET character_set_client = @saved_cs_client */;

--
-- Dumping data for table `default_poll_other_votes`
--

LOCK TABLES `default_poll_other_votes` WRITE;
/*!40000 ALTER TABLE `default_poll_other_votes` DISABLE KEYS */;
/*!40000 ALTER TABLE `default_poll_other_votes` ENABLE KEYS */;
UNLOCK TABLES;

--
-- Table structure for table `default_poll_voters`
--

DROP TABLE IF EXISTS `default_poll_voters`;
/*!40101 SET @saved_cs_client     = @@character_set_client */;
/*!40101 SET character_set_client = utf8 */;
CREATE TABLE `default_poll_voters` (
  `id` mediumint(32) unsigned NOT NULL AUTO_INCREMENT,
  `poll_id` tinyint(11) unsigned NOT NULL,
  `user_id` smallint(5) unsigned DEFAULT NULL,
  `session_id` varchar(40) NOT NULL,
  `ip_address` varchar(16) NOT NULL,
  `timestamp` int(11) unsigned NOT NULL,
  PRIMARY KEY (`id`),
  KEY `poll_id` (`poll_id`),
  KEY `user_id` (`user_id`)
) ENGINE=InnoDB AUTO_INCREMENT=2 DEFAULT CHARSET=utf8;
/*!40101 SET character_set_client = @saved_cs_client */;

--
-- Dumping data for table `default_poll_voters`
--

LOCK TABLES `default_poll_voters` WRITE;
/*!40000 ALTER TABLE `default_poll_voters` DISABLE KEYS */;
INSERT INTO `default_poll_voters` VALUES (1,1,NULL,'f769d2e5c07c6156de58e74882fd46a2','::1',1422075905);
/*!40000 ALTER TABLE `default_poll_voters` ENABLE KEYS */;
UNLOCK TABLES;

--
-- Table structure for table `default_polls`
--

DROP TABLE IF EXISTS `default_polls`;
/*!40101 SET @saved_cs_client     = @@character_set_client */;
/*!40101 SET character_set_client = utf8 */;
CREATE TABLE `default_polls` (
  `id` tinyint(11) unsigned NOT NULL AUTO_INCREMENT,
  `slug` varchar(64) NOT NULL,
  `title` varchar(64) NOT NULL,
  `type` enum('single','multiple') NOT NULL DEFAULT 'single',
  `description` text,
  `open_date` int(16) unsigned DEFAULT NULL,
  `close_date` int(16) unsigned DEFAULT NULL,
  `created` int(16) unsigned NOT NULL,
  `last_updated` int(16) unsigned DEFAULT NULL,
  `multiple_votes` tinyint(1) unsigned NOT NULL DEFAULT '0',
  `comments_enabled` tinyint(1) unsigned NOT NULL DEFAULT '0',
  `members_only` tinyint(1) unsigned NOT NULL DEFAULT '0',
  `active` tinyint(1) NOT NULL DEFAULT '0',
  PRIMARY KEY (`id`)
) ENGINE=InnoDB AUTO_INCREMENT=4 DEFAULT CHARSET=utf8;
/*!40101 SET character_set_client = @saved_cs_client */;

--
-- Dumping data for table `default_polls`
--

LOCK TABLES `default_polls` WRITE;
/*!40000 ALTER TABLE `default_polls` DISABLE KEYS */;
INSERT INTO `default_polls` VALUES (1,'bagaimana-menurut-anda-tampilan-portal-baru-dpm-pptsp','Bagaimana menurut anda tampilan portal baru DPM-PPTSP','single','Polling untuk melihat tanggapan visitor terhadap portal baru BPMPTSP Kabupaten Tangerang',1394871160,NULL,1394871180,1497600760,0,0,0,1),(2,'polling-2','Polling 2','single','',NULL,NULL,1422076070,NULL,0,0,0,0),(3,'perizinan-kab-karo','Perizinan Kab. Karo','multiple','Bagaimana Pendapat Anda Tentang Pelayanan DPM PPTSP Kab. Karo',NULL,NULL,1497382152,1497382540,0,0,0,1);
/*!40000 ALTER TABLE `default_polls` ENABLE KEYS */;
UNLOCK TABLES;

--
-- Table structure for table `default_portal_theme`
--

DROP TABLE IF EXISTS `default_portal_theme`;
/*!40101 SET @saved_cs_client     = @@character_set_client */;
/*!40101 SET character_set_client = utf8 */;
CREATE TABLE `default_portal_theme` (
  `id` int(11) NOT NULL AUTO_INCREMENT,
  `order` int(11) DEFAULT NULL,
  `nama_instansi` varchar(500) COLLATE utf8_unicode_ci NOT NULL,
  `warna_dasar` varchar(100) COLLATE utf8_unicode_ci NOT NULL,
  `logo_portal` varchar(50) COLLATE utf8_unicode_ci DEFAULT NULL,
  `logo_instansi` varchar(50) COLLATE utf8_unicode_ci DEFAULT NULL,
  `logo_footer` varchar(100) COLLATE utf8_unicode_ci DEFAULT NULL,
  PRIMARY KEY (`id`)
) ENGINE=MyISAM AUTO_INCREMENT=2 DEFAULT CHARSET=utf8 COLLATE=utf8_unicode_ci;
/*!40101 SET character_set_client = @saved_cs_client */;

--
-- Dumping data for table `default_portal_theme`
--

LOCK TABLES `default_portal_theme` WRITE;
/*!40000 ALTER TABLE `default_portal_theme` DISABLE KEYS */;
INSERT INTO `default_portal_theme` VALUES (1,1,'DPM-PPTSP Kabupaten Karo','#cc3333','30b258dda3bc4dc','c059def895fb144','6020afceacea606');
/*!40000 ALTER TABLE `default_portal_theme` ENABLE KEYS */;
UNLOCK TABLES;

--
-- Table structure for table `default_profiles`
--

DROP TABLE IF EXISTS `default_profiles`;
/*!40101 SET @saved_cs_client     = @@character_set_client */;
/*!40101 SET character_set_client = utf8 */;
CREATE TABLE `default_profiles` (
  `id` int(9) NOT NULL AUTO_INCREMENT,
  `created` datetime DEFAULT NULL,
  `updated` datetime DEFAULT NULL,
  `created_by` int(11) DEFAULT NULL,
  `ordering_count` int(11) DEFAULT NULL,
  `user_id` int(11) unsigned NOT NULL,
  `display_name` varchar(50) COLLATE utf8_unicode_ci NOT NULL,
  `first_name` varchar(50) COLLATE utf8_unicode_ci NOT NULL,
  `last_name` varchar(50) COLLATE utf8_unicode_ci NOT NULL,
  `company` varchar(100) COLLATE utf8_unicode_ci DEFAULT NULL,
  `lang` varchar(2) COLLATE utf8_unicode_ci NOT NULL DEFAULT 'en',
  `bio` text COLLATE utf8_unicode_ci,
  `dob` int(11) DEFAULT NULL,
  `gender` set('m','f','') COLLATE utf8_unicode_ci DEFAULT NULL,
  `phone` varchar(20) COLLATE utf8_unicode_ci DEFAULT NULL,
  `mobile` varchar(20) COLLATE utf8_unicode_ci DEFAULT NULL,
  `address_line1` varchar(255) COLLATE utf8_unicode_ci DEFAULT NULL,
  `address_line2` varchar(255) COLLATE utf8_unicode_ci DEFAULT NULL,
  `address_line3` varchar(255) COLLATE utf8_unicode_ci DEFAULT NULL,
  `postcode` varchar(20) COLLATE utf8_unicode_ci DEFAULT NULL,
  `website` varchar(255) COLLATE utf8_unicode_ci DEFAULT NULL,
  `updated_on` int(11) unsigned DEFAULT NULL,
  PRIMARY KEY (`id`),
  KEY `user_id` (`user_id`)
) ENGINE=MyISAM AUTO_INCREMENT=13 DEFAULT CHARSET=utf8 COLLATE=utf8_unicode_ci;
/*!40101 SET character_set_client = @saved_cs_client */;

--
-- Dumping data for table `default_profiles`
--

LOCK TABLES `default_profiles` WRITE;
/*!40000 ALTER TABLE `default_profiles` DISABLE KEYS */;
INSERT INTO `default_profiles` VALUES (1,NULL,NULL,NULL,NULL,1,'Admin','Admin','DPM-PPTSP',NULL,'id','Administrator ',662601600,'',NULL,NULL,NULL,NULL,NULL,NULL,NULL,1497502460),(8,'2014-02-23 10:37:14',NULL,1,1,8,'Efendi','Efendi','The',NULL,'id','',0,'',NULL,NULL,NULL,NULL,NULL,NULL,NULL,1393157457),(9,'2014-04-16 15:47:00',NULL,1,2,9,'Investor','Investor','Aja',NULL,'id',NULL,0,NULL,NULL,NULL,NULL,NULL,NULL,NULL,NULL,NULL),(10,'2017-08-14 02:03:43',NULL,NULL,3,10,'sembiring','Dian Alfrica','Sembiring',NULL,'en',NULL,NULL,NULL,NULL,NULL,NULL,NULL,NULL,NULL,NULL,NULL),(11,'2017-10-11 04:34:03',NULL,NULL,4,11,'dion.sima','dion','sima',NULL,'en',NULL,NULL,NULL,NULL,NULL,NULL,NULL,NULL,NULL,NULL,NULL),(12,'2017-10-11 04:34:37',NULL,NULL,5,12,'dion.sima1','dion','sima',NULL,'en',NULL,NULL,NULL,NULL,NULL,NULL,NULL,NULL,NULL,NULL,NULL);
/*!40000 ALTER TABLE `default_profiles` ENABLE KEYS */;
UNLOCK TABLES;

--
-- Table structure for table `default_redirects`
--

DROP TABLE IF EXISTS `default_redirects`;
/*!40101 SET @saved_cs_client     = @@character_set_client */;
/*!40101 SET character_set_client = utf8 */;
CREATE TABLE `default_redirects` (
  `id` int(11) NOT NULL AUTO_INCREMENT,
  `from` varchar(250) COLLATE utf8_unicode_ci NOT NULL,
  `to` varchar(250) COLLATE utf8_unicode_ci NOT NULL,
  `type` int(3) NOT NULL DEFAULT '302',
  PRIMARY KEY (`id`),
  KEY `from` (`from`)
) ENGINE=InnoDB DEFAULT CHARSET=utf8 COLLATE=utf8_unicode_ci;
/*!40101 SET character_set_client = @saved_cs_client */;

--
-- Dumping data for table `default_redirects`
--

LOCK TABLES `default_redirects` WRITE;
/*!40000 ALTER TABLE `default_redirects` DISABLE KEYS */;
/*!40000 ALTER TABLE `default_redirects` ENABLE KEYS */;
UNLOCK TABLES;

--
-- Table structure for table `default_search_index`
--

DROP TABLE IF EXISTS `default_search_index`;
/*!40101 SET @saved_cs_client     = @@character_set_client */;
/*!40101 SET character_set_client = utf8 */;
CREATE TABLE `default_search_index` (
  `id` int(10) unsigned NOT NULL AUTO_INCREMENT,
  `title` char(255) COLLATE utf8_unicode_ci NOT NULL,
  `description` text COLLATE utf8_unicode_ci,
  `keywords` text COLLATE utf8_unicode_ci,
  `keyword_hash` char(32) COLLATE utf8_unicode_ci DEFAULT NULL,
  `module` varchar(40) COLLATE utf8_unicode_ci DEFAULT NULL,
  `entry_key` varchar(100) COLLATE utf8_unicode_ci DEFAULT NULL,
  `entry_plural` varchar(100) COLLATE utf8_unicode_ci DEFAULT NULL,
  `entry_id` varchar(255) COLLATE utf8_unicode_ci DEFAULT NULL,
  `uri` varchar(255) COLLATE utf8_unicode_ci DEFAULT NULL,
  `cp_edit_uri` varchar(255) COLLATE utf8_unicode_ci DEFAULT NULL,
  `cp_delete_uri` varchar(255) COLLATE utf8_unicode_ci DEFAULT NULL,
  `image_id` varchar(255) COLLATE utf8_unicode_ci DEFAULT NULL,
  PRIMARY KEY (`id`),
  UNIQUE KEY `unique` (`module`,`entry_key`,`entry_id`(190)),
  FULLTEXT KEY `full search` (`title`,`description`,`keywords`)
) ENGINE=MyISAM AUTO_INCREMENT=578 DEFAULT CHARSET=utf8 COLLATE=utf8_unicode_ci;
/*!40101 SET character_set_client = @saved_cs_client */;

--
-- Dumping data for table `default_search_index`
--

LOCK TABLES `default_search_index` WRITE;
/*!40000 ALTER TABLE `default_search_index` DISABLE KEYS */;
INSERT INTO `default_search_index` VALUES (566,'home','Portal DPM-PPTSP Kabupaten Karo',NULL,NULL,'pages','pages:page','pages:pages','1','home','admin/pages/edit/1','admin/pages/delete/1',NULL),(576,'Kontak','',NULL,NULL,'pages','pages:page','pages:pages','2','contact','admin/pages/edit/2','admin/pages/delete/2',NULL),(311,'Noah Buat Film, Ariel Tak Mau Kisah Asmara Diikutkan',' Noah band ​​Apa yang membuat Peter Pan, lalu Noah, bisa tetap digandrungi hingga kini? Setelah melewati pergantian personil, lalu Ariel sang&nbsp;front man&nbsp;terganjal kasus hukum, dan band ini berada di status quo karena mereka tak bisa lagi bergerak di bawah nama lama, nyatanya Noah tetap berkibar ketika kembali ke dunia musik tahun lalu. Banyak yang bilang Noah terlalu fenomenal untuk diacuhkan. Namun Ariel dan kawan-kawan menyebut diri mereka beruntung karena memiliki kesempatan kedua.\n\n&ldquo;Tidak semua grup band bisa besar dua kali. Kami sangat bersyukur bisa mendapat kesempatan kedua yang nyatanya langka untuk didapatkan,&rdquo; ujar Ariel singkat.\n\nNamun, bukan keberuntungan yang menarik hati Putrama Tuta, sutradara yang menghidupkan &ldquo;Catatan Si Boy&rdquo; dari mati suri. Sineas muda ini mengatakan kalau Noah sudah pantas mendapatkan penghargaan untuk difilmkan. Memperlihatkan teaser filmnya yang berjudul &ldquo;Noah Film&rdquo;, Putra pun menegaskan kalau ini bukan film dokumenter tentang Ariel cs, tapi film musik yang jujur mengisahkan sebuah band asal Indonesia dengan&nbsp;segala jatuh bangunnya.\n\n&ldquo;Solidaritas mereka sebagai pribadi dan insan musik itulah yang jadi garis besar film ini,&rdquo; ujarnya.\n\nMendapat kesempatan istimewa menyaksikan trailer &ldquo;Noah Film&rdquo;, kami yakin kalau film ini akan berhasil secara penjualan. Diawali dengan potongan adegan proses persidangan dan masa hukuman di bui yang dijalani oleh Ariel, film ini menceritakan kisah dari balik panggung Noah. Masa jatuh sakitnya David sang keyboardist juga diperlihatkan dalam film ini, yang semakin menguatkan kalau kehidupan pribadi mereka tetap akan diikutkan dalam jalan cerita.\n\nWalau begitu, Ariel dengan tegas mengatakan kalau tak akan ada kisah asmaranya dalam film ini. Menjadi bagian dari pemberitaan media massa, Ariel dengan bijaksana memisahkan itu dari perjalanan Noah.\n\n&ldquo;Apa yang terjadi dalam hidup saya memang berefek pada band ini, namun tidak ada kaitannya secara langsung dengan Noah,&rdquo; ujar Ariel singkat.\n\nMulai tak sabar melihat bagaimana Ariel, Andika, Lukman, Reza, dan David berakting menjadi diri mereka sendiri dalam film?&nbsp;Just wait until&nbsp;November 2013.','band, music, noah','e5f61b017eabee698e85dff1da6f94c1','articles','articles:post','articles:posts','10','articles/2013/06/noah-buat-film-ariel-tak-mau-kisah-asmara-diikutkan','admin/articles/edit/10','admin/articles/delete/10','066e0bab1295712'),(5,'Page missing','',NULL,NULL,'pages','pages:page','pages:pages','5','404','admin/pages/edit/5','admin/pages/delete/5',NULL),(329,'Get an Explainer Video for your Business','To make your company GO VIRAL you need to hire a Professional Videographer that will create a stunning explainer video for your service / App or Company.\nIt will help you to engage your audience and skyrock your online presence.\n\nA viral animation - done by a professional animation maker - is one of the most cost-effective social marketing tools available online.\n\n=== Contact us today at Info@GeniusPublicity.com to discuss about your project ===\n\nForget about low quality options you need to work only with the best Videographers to get real result.\n\nAt GeniusPublicity, we offer our video marketing services to start-ups, medium and large companies to help simplify their message in a fun and entertaining format.\n\nOur Portfolio include :\n\nWhiteboard animation / Whiteboard video explainers\n3D animations\n2D video explainers\nStop Motion animations\nStickmen video explainers and more\nProfessional Voice Over included in the price !\n\nFull corporate video production - custom made to your company needs.\n\nHire a Professional Animation Maker and get your very own Corporate viral video Explainer / Kickstarter viral Video / Viral Video Commercial / Explanation video / Company Viral Video / Explainer Animation !\n\nExplainer videos make a huge impact on any product or service they advertise.',NULL,NULL,'video','video:video','video:videos','1','video/view/get-an-explainer-video-for-your-business','admin/video/edit/1','admin/video/delete/1',NULL),(312,'Mau Sukses, Curi Rahasia 3 Perempuan Pebisnis Ini!','Beberapa perempuan pengusaha pun berbagi pengalaman mereka berjuang memenangkan keluarga,passion, dan mimpi mereka sekaligus. Dengan kunci masing-masing, mereka akhirnya berhasil membuka sendiri jalan menuju apa yang dinamakan kesuksesan.\n\nBerani menghadapi risiko dan tak cepat merasa puas\n\nBisa menikmati pencapaian, mungkin adalah hal yang kamu tunggu-tunggu selama ini. Namun, ternyata bukan itu yang dicari dan dinanti para perempuan yang kemudian meraih sukses dengan caranya sendiri. Rakhma Sinseria, Co-Owner&nbsp;coffee shop&nbsp;Coffee Toffee, pilih menikmati kesuksesan dengan terus menjalani rutinitas seperti sedang merintis usaha dari bawah. &ldquo;Sampai saat ini saya masih kurang tidur, karena sebagai perempuan karier, istri, dan ibu rumah tangga tetap saja banyak yang harus dikerjakan tiap harinya,&rdquo; ungkap ibu dua orang anak itu.\n\nBukannya tak menghargai pencapaiannya, usaha yang pernah bangkrut diakui Rakhma sebagai pelajaran berharga. Karenanya, keberhasilan bukan alasan bagi Rakhma untuk bersantai, tapi sebagai tolok ukur untuk berusaha lebih keras mempertahankan sekaligus mengembangkan bisnisnya. Rakhma mau terus belajar menyusun strategi untuk menaklukkan pasar. &ldquo;Intinya, kalau ingin berkarier secara profesional maupun terjun ke dunia bisnis, kuncinya adalah fokus. Lakukan seratus persen atau tidak sama sekali.&rdquo; Fokus, artinya apa pun yang terjadi tetap meyakini apa yang tengah dirintis, dan lakukan seratus persen artinya total tanpa keraguan. Terbukti, dengan optimism bisnis kopi lokal yang Rakhma jalankan bersama sang suami kini bahkan sanggup bersaing dengan&nbsp;brand-brand&nbsp;luar.\n\nPentingnya spirit, pengetahuan, dan jaringan\n\nDian Noeh, Co-Founder&nbsp;sekaligus&nbsp;CEO perusahaan konsultan&nbsp;PR&nbsp;Kennedy, Voice &amp; Berliner, juga contoh perempuan yang sukses berwirausaha. Setelah bekerja di dunia&nbsp;public relations&nbsp;selama belasan tahun, akhirnya tahun 2011 Dian memberanikan diri melepaskan jabatannya untuk menjadi perempuan mandiri. &ldquo;Saya pikir inilah saatnya. Saya merasa sudah cukup modal. Bukan masalah keuangan melainkan spirit, juga pengetahuan dan jaringan,&rdquo; ungkap Dian.\n\nBaginya, modal utama adalah semangat, pengetahuan dan pengalamanlah yang kemudian membantunya merealisasikan mimpi berwirausaha. Semua itu kemudian disempurnakan dengan jaringan yang didapat selama bekerja kantoran plus dukungan dari orang-orang terdekat. Makin luas&nbsp;networking, artinya makin banyak dukungan dan kepercayaan terhadap bisnis yang kita rintis.','bisnis, entrepreneur, woman empowerment','6c33b0f06a6ef1ec53e02b15b886813a','articles','articles:post','articles:posts','1','articles/2013/06/mau-sukses-curi-rahasia-3-perempuan-pebisnis-ini','admin/articles/edit/1','admin/articles/delete/1','83fbbbcb6889158'),(65,'Lenka Rocks The Show!','I&#39;m just a little bit caught in the middle\nLife is a maze and love is a riddle\nI don&#39;t know where to go, can&#39;t do it alone I&#39;ve tried and I don&#39;t know why\n\nAda yang bisa tebak itu lagu siapa? Seratus buat kamu yang menjawab&nbsp;Lenka!&nbsp;And yup, untuk ketiga kalinya Lenka menggelar konser di Jakarta, tepatnya di&nbsp;Skeeno Hall, Gandaria City. Konser yang dimulai pukul 19.00 ini dibuka oleh penampilan tiga finalis&nbsp;X Factor&nbsp;yaitu&nbsp;Nu Dimension, Novita Dewi,&nbsp;dan&nbsp;Fatin. Setelah itu, baru deh Lenka muncul di atas panggung dan menyanyikan&nbsp;Trouble is a Friend. Lenka juga sempat menunjukkan keahliannya bermainkeyboard, lho. Dan yang lebih spesialnya lagi, ia membawakan beberapa lagu dari album barunya yang berjudulShadows. Padahal, albumnya baru akan dirilis pada bulan Juni mendatang. Selain itu, Lenka juga menyanyikan beberapa lagu andalannya seperti&nbsp;Heart to the Party, Heart Skips a Beat,&nbsp;dan&nbsp;Don&#39;t Let Me Fall. Nggak ketinggalan, lagu&nbsp;Locked Out of Heaven&nbsp;dari&nbsp;Bruno Mars&nbsp;dan&nbsp;Pumped Up Kicks&nbsp;dari&nbsp;Foster The People juga dinyanyikan dengan keren banget! Akhirnya, konser ditutup dengan lagu&nbsp;The Show. Lenka kembali mengajak para finalis X Factor untuk menyanyi bersama-sama di atas panggung.&nbsp;You did great, Lenka! We heart you...','batik, gandaria city, konser, lenka kripac, music, skenoo hall','0f27a04ee867e489b3e83e8f78c74a4f','articles','articles:post','articles:posts','2','articles/2013/06/lenka-rocks-the-show','admin/articles/edit/2','admin/articles/delete/2',NULL),(64,'Natalia Kiantoro: Desainer Pilihan Penonton di Audi Star Creation 2012','\nPenghargaan tersebut diraih oleh Natalia yang lulusan Raffles Design Institute, Shanghai, Desember 2011 atas dukungan 24.000 pemilih.\n\nMenurut rilisnya, dia menampilkan koleksi berjudul Tangled yang terinspirasi dari benda-benda aneh berkaitan yang natural maupun buatan manusia, seperti dahan pohon dan tangga spiral. Dia menggunakan teknik draping dan lipitan, dengan bahan kain jersey dan sutra untuk menambah volume dan membentuk setiap produk dengan lipatan dan belokan yang ingin dia perlihatkan.\n\n&ldquo;Saya sangat senang memenangkan People&rsquo;s Choice Award dan saya ingin berterimaksih kepada semua orang yang telah memilih saya. Walaupun tidak menang Audi Star Creation 2012, saya belajar banyak dalam perjalanan menuju kompetisi ini dan saya puas hanya dengan sampai pada babak final. Para pemenang lainnya telah menginspirasikan saya untuk melihat bahan yang digunakan. Beberapa dari mereka menggunakannya dengan cara yang sangat kreatif, &rdquo; kata Natalia.\n\nMode telah menjadi impian masa kecil bagi Natalia, yang memulai untuk mendesain baju miliknya sendiri dari umur 10 tahun. Setelah lulus SMA, dia bersama orangtuanya pindah ke Shanghai untuk belajar fashion di tahun 2009. Sekarang, dia sudah kembali ke Surabaya dan berencana untuk membuka label-nya di Surabaya sebelum merambah ke Jakarta.\n\nSementara tiga pemenang terbaik masing-masing dari China, Korea Selatan dan Thailand meraih penghargaan Audi Young Designer Award tingkat Asia di Singapura pada 15 Mei.\n\nDewan juri memutuskan desainer muda Liang Wang, 27, China, sebagai juara. Dia memperlihatkan koleksi berjudul Tissue of Being yang memberi penghargaan kepada kerajinan tangan.\n\n&ldquo;Kami semua mencintai bagaimana dia mengolah bahan sendiri. Dalam hal desain, dia sangat memiliki pola pikir yang minimalis tetapi tetap menarik,&rdquo; kata juri Douglas Benjamin, Chief Executive Officer FJ Benjamin Pte Ltd dan Co-Creative Director brand Raoul.\n\nLalu juri David Wang, Vice President Textile and fashion Federation of Singapore (TaFf), menyuarakan hal yang sama dan koleksi tersebut mengeluarkan kemutakhiran dan sangat terlihat internasional.\n\nDesainer dari Thailand, Soravit Kaewkamon, 23, juga mendapat penilaian tertinggi koleksi pakaian adat pria bertema Love and Friendship.\n\n&ldquo;Semua koleksi terlihat sangat hidup di atas panggung dengan desain dan detil seperti sulaman bulu yang terlihat dengan jelas. Koleksi itu terlihat sangat rapih,&rdquo; kata Wang.\n\nPeserta yang terakhir mendapatkan kemenangan tinggi adalah desainer asal Korea Selatan, Ko Youngji, 32, dengan koleksi berjudul Li Jin yang menggambarkan warna biru, hijau, dan merah jambu dari baju nasional saekdong dan membuatnya dengan bahan Barat. Hasilnya terlihat satu koleksi yang komersil.\n\nMenurut Jo Soh, Designer dan Ownder Hansel Production Pte Ltd, koleksi dari Ko sangat dekat dari sketsa yang digambar\n\n&ldquo;Setiap tahun, Audi Star Creation menuai desainer yang sangat berbakat dari berbagai macam tempat di Asia &ndash; pemenang tahun ini dipilih dari lebih dari 250 peserta dan menjadi kesempatan kecil untuk memenangkan posisi teratas. Program ini bisa memberikan lebih banyak pekerjaan bagi para finalis, apalagi kebanyakan dari mereka mengatakan bahwa mereka ingin bekerja di Singapura untuk memperbesar akses bagi berbagai macam bakat yang ada di perusahaan Singapura,&rdquo; kata Caliia Chua, Group Director TaFT Singapore.\n\nSementara itu Christy Wong, Chief Fashion Designer, Crocodile International, mengungkapkan bahwa ketika mencari seorang yang berbakat, mereka masih menemukan kesulitan. Mereka sangat kreatif, tapi tidak semua desainer mengerti konsep branding dan bagaimana dampaknya terhadap keuntungan dan segi teknis yang benar.\n\nKoleksi yang menang itu diperlihatkan pada acara Audi Star Creation Capsule Showcase pada 18 Mei 2012. Acara itu dilihat dari berbagai macam pelaku industri mode, ahli dan pengamat mode, dan di bintangi oleh pemenang Star Creation 2011, Chen Zhi Gang, 29, dari Cina, Tiang Boon Tieon, 28, dari Malaysia, dan Tsai Ming Hung, 29, asal Singapura.\n\nAudi Star Creation yang diorganisir oleh TaFf adalah bagian dari Asia Fashion Exchange (AFX) yang bermaksud untuk menemukan bakat baru lokal dan Asia dan menjadikan mereka bintang mode masa depan. Acara tersebut telah memasuki tahun ketiganya.\n\nSetiap pemenang mendapatkan hadiah uang sebesar SGD$10.000 dari Audi Singapore, kesempatan bekerja pada perusahaan retailer F J Benjamin, dan kesempatan untuk meluncurkan capsule collection pada acara Star Creation 2013.\n\nPara itu pemenang dipilih dari 255 orang yang berpartisipasi dari 13 negara. Peserta tahun lalu mencapai 144 orang dari China, Indonesia, Jepang, Malaysia, Singapura, dan Thailand.','desainer, fashion, penghargaan','e9edfa6d0ec8af8bc43388e004ebaf6f','articles','articles:post','articles:posts','3','articles/2013/06/natalia-kiantoro-desainer-pilihan-penonton-di-audi-star-creation-2012','admin/articles/edit/3','admin/articles/delete/3',NULL),(63,'4 Tips Anti Trauma Gagal Berbisnis','Vino G. Bastian (kiri) and Dedi Petet (kanan) di film &#39;Madre&#39;.\nImage credit:&nbsp;Mizan ProductionIngin banting stir dari karyawan menjadi seorang pebisnis atau mungkin beralih dari bisnis yang satu ke bisnis lainnya? Just do it! Philippe Cahrriol melalui bisnis jam tangan mewah dan juga perhiasan yang telah ia rintis selama 30 tahun membuktikan bahwa gagal di bisnis pertama bukan halangan untuk menuai sukses di bisnis kedua. Mr. Charriol berbagi rahasia suksesnya saat mulai merintis Charriol.\n\n​Lihat peluang dan lakukan dengan optimal. Selalu ada kesempatan kedua\n\nBisnis pertama tidak terlalu sukses, bukan berarti kamu lantas mundur dan berhenti. Cari peluang bisnis lainnya dan lakukan bisnis kedua dengan optimal. Ingat, nggak ada kesuksesan yang datang secara instan.\n\n&ldquo;Bisnis pertama saya adalah bisnis wine. Namun, karena pada masa itu bisnis wine di Eropa sangat dibatasi, saya beralih ke bisnis lain, bisnis perhiasan dan jam tangan yang saya jalani hingga saat ini. Selain itu, bisnis kedua yang saya jalani juga bisa memuaskan hobi traveling saya. Jadi, saya juga sangat menikmati menjalani bisnis ini. Dan fokus dengan apa yang dijalani, jangan biarkan hambatan kecil mengganggu jalanmu,&rdquo; lelaki yang sukses menjalani bisnis keluarga ini bercerita.\n\nApapun yang kita lakukan, pasti akan menuai komentar dari orang di sekitar kita. Terkadang, banyak orang berkomentar seolah mereka tahu dengan pasti apa yang kita jalani. Maka kuncinya adalah jangan dengarkan perkataan orang lain.\n\n​Don&rsquo;t listen to anybody. Just do everything you wanna do! Banyak orang yang terlalu sering mengungkapkan kekhawatiran mereka saat kita akan memulai sesuatu. Kuncinya, jangan terlalu banyak mendengarkan perkataan orang lain, maju, dan lakukan apa yang ingin kamu lakukan,&rdquo; Mr. Charriol memberi saran.\n\nBermental nomor 1\n\n&ldquo;Kita memang tidak bisa selalu menjadi yang terbaik, tapi bercita-cita dan memasang mental untuk selalu menjadi yang pertama sangat penting kita miliki. Dalam bisnis kita selalu akan menemukan saingan dan berkompetisi untuk menjadi yang terbaik. Tidak peduli bagaimana hasilnya nanti, yang paling penting adalah kita harus selalu bermental untuk jadi yang pertama,&rdquo; Mr. Charriol menekankan.\n\nTerkadang, untuk berhati-hati agar tidak terjerumus dan cepat jatuh ke lubang kegagalan, kita terlalu banyak membuat rencana usaha bahkan hingga membuat kita terlalu fokus dan lupa memulai. Inilah yang harus dihindari menurut Mr. Charriol.\n\n&ldquo;Don&rsquo;t plan too much! Membuat rencana memang bagus dan semua pasti akan menyarankan kita untuk membuat rencana usaha. Namun, jangan terlalu larut dengan rencana-rencana dan mulailah beraksi,&rdquo; ujar Mr. Charriol.','karier, keuangan, pengusaha, perempuan, wirausaha','11577fc96051e72a9a7e2f666999d1a9','articles','articles:post','articles:posts','5','articles/2013/06/4-tips-anti-trauma-gagal-berbisnis','admin/articles/edit/5','admin/articles/delete/5',NULL),(62,'Menikmati Steak Juicy dalam &quot;Gudang&quot; Mewah Ala Victorian','Potato Head melahirkan satu lagi anggota baru keluarganya, Potato Head Garage. Terletak di Ex. Bengkel Caf&eacute; SCBD, Sudirman, Potato Head Garage hadir menyuguhkan pengalaman berbeda untuk menikmati steak.\n\nSaat masuk ruangan ini, pengunjung akan mendapatkan kesan sebuah restoran fine dining. Nggak heran juga pasalnya chandelier bergelantungan di seluruh ruangan yang didominasi oleh sofa putih dan rak-rak wine yang menghiasi dinding. Kamu akan merasa makan dalam balutan suasana Victorian atau mungkin suasana klasik saat menginjakkan kaki di tempat ini.\n\nSesuai dengan konsepnya, steak house, main course utama yang banyak ditawarkan di restoran ini pun berbagai jenis steak, mulai dari beraneka ragam wagyu hingga daging unggulan mereka. Rasanya? Nggak diragukan lagi, Fimelova! Bumbu terasa mulai dari permukaan hingga meresap ke dalam daging. Daging yang dibakar dengan cara dan waktu sempurna tidak menghilangkan rasa juicy daging saat dihidangkan. Namun, memang harga steak di sini lebih mahal dibandingkan dengan tempat-tempat steak biasa. Tapi sekali lagi, ada harga ada rasa.\n\nWalaupun mengutamakan steak, Potato Head Garage juga menyediakan menu lain, seperti pasta. Selain steak, Potato Head Garage juga mengunggulkan ragam minuman cocktail mereka, misalnya saja PTT Mojito, Ginger and Lychee Mojito, serta Mango Rosemary Mojito. Yup, mixologist asal Inggris di tempat ini memang sengaja ingin menghadirkan pengalaman eksotis menikmati paduan rempah dan buah dalam minuman. Ginger and Lychee Mojito wajib kamu coba, Fimelova.\n\nPotato Head Garage biasanya hanya buka untuk melayani makan malam. Namun, mulai tanggal 22 Mei kemarin, restoran ini sudah mulai buka sejak siang untuk melayani makan siang. Nah, kamu yang kehabisan ide untuk makan siang, bisa mulai melipir ke sini. Paket menu makan siang pun sudah dihadirkan mulai dari Rp250.000++ hingga Rp350.000,-++. Nyum!','jakarta, lifestyle, potato head, steak','dc076ca629d3211206da03735a52fd63','articles','articles:post','articles:posts','4','articles/2013/06/menikmati-steak-juicy-dalam-gudang-mewah-ala-victorian','admin/articles/edit/4','admin/articles/delete/4',NULL),(60,'Cerita Cinta Raisa: Happily Ever After dan Super Romantis!','Raisa AdrianaPerbincangan kami tentang cinta itu berlangsung di Jumat sore sebelum ia beranjak untuk latihan vokal. Raisa yang mengklaim dirinya sebagai perempuan yang sangat berjiwa romantis, mengawali kisahnya dengan bercerita tentang laki-laki apa yang seperti tepat untuknya dan berlanjut hingga ketegasannya sebagai perempuan yang tak takut untuk sendiri. Hubungan cintanya dengan Keenan Pearce yang super romantis layaknya film, adalah salah satu unsur topik obrolan kami ini.\n\nThe perfect man means happiness\n\nKalau dia bukan laki-laki yang bisa membuat saya bahagia, tandanya ia belum tepat untuk saya. Ya, logika sesederhana seperti itu saja yang membuat saya bisa yakin dan nyaman dengan sosok laki-laki untuk menjadi pasangan. Saya hidup untuk bahagia dan menurut saya kebahagiaan sangat berkaitan erat dengan personal relationship saya terhadap orang-orang tertentu. Untuk hal umum saja, saya lebih senang dikelilingi oleh orang-orang yang positif agar bisa enak beraktivitas. Apalagi untuk masa penjajakan seperti pacaran, masa belum apa-apa sudah negatif?\n\nMakanya, saya pribadi kini terus belajar untuk mengendalikan mood. Saya nggak ingin jadi orang yang memperlihatkan atau menumpahkan mood kurang baik saya kepada orang lain, karena itu nggak adil. Kadang bisa, tapi terkadang masih susah. Kalau saya ingin bahagia, saya juga harus bisa membahagiakan orang-orang di sekitar saya, kan? Termasuk, untuk lelaki yang dekat dengan saya.\n\nHappily ever after love does exist\n\nYa, saya percaya kehidupan cinta yang selalu berbahagia ada di kehidupan nyata, karena ada banyak orang yang sudah memilikinya. Percaya dengan hal itu perlu lho, karena kalau saya sudah skeptis sedari awal menjalani hubungan, hal baik itu nggak akan terjadi pada saya. Untuk mendapatkan itu, saya memang harus memperjuangkan sebuah hubungan yang saya yakin pantas untuk dipertahankan. Tapi, dengan akal sehat, ya. Karena, saya nggak jadi orang terlalu memaksakan, padahal itu sebenarnya nggak sepadan dengan usaha saya.\n\nContohnya, kalau sudah nggak banyak kecocokan, bawaannya bertengkar terus, itu menurut saya sudah masuk di zona memaksakan. Untungnya, saya bukan perempuan yang takut sendirian. Bila hubungan itu pantas dipertahankan, pasti akan saya bela. Tapi, nggak akan pernah terjadi kalau saya akan bertahan di dalam sebuah hubungan hanya karena takut sendirian dan jomblo. Kenapa dan untuk apa saya bertahan di hubungan yang membuat saya miserable? Berani untuk memutuskan hubungan yang sudah tak sehat itu adalah salah satu hak saya untuk hidup bahagia.','celebrity, news, singer','4225ca48e57414b9d269eb7a03089593','articles','articles:post','articles:posts','6','articles/2013/06/cerita-cinta-raisa-happily-ever-after-dan-super-romantis','admin/articles/edit/6','admin/articles/delete/6',NULL),(59,'Film Weekend: Kolaborasi Will dan Jaden Smith di After Earth','Salah satunya adalah film After Earth yang akan menyajikan aksi kolaborasi Jaden Smith dengan ayahnya, Will Smith, yang tentunya ditunggu-tunggu oleh penonton di Indonesia. Cerita film ini berasal dari ide Will Smith yang dituangkan dengan naskah skenario yang ditulis oleh Gary Whitta dan sutradara M. Night Shyamalan.\n\nFilm ini berkisah tentang sebuah bencana yang memaksa umat manusia untuk meninggalkan bumi dan berpetualang melewati tata surya dalam mencari rumah baru. Petualangan tersebut berakhir ketika manusia menempati dunia baru yang mereka sebut Nova Prime.\n\nSeribu tahun kemudian, The Ranger Corps, sebuah organisasi penjaga keamanan yang dipimpin oleh Jenderal Cypher Raige (Will Smith), berkonflik dengan alien yang bermaksud menaklukan Nova Prime. Senjata mereka adalah Ursa, predator yang berburu dengan &lsquo;mencium&rsquo; ketakutan manusia.\n\nCypher mempelajari bagaimana untuk menekan rasa takut itu. Teknik ini disebut &lsquo;menghantui&rsquo;. Dia mengajarkan teknik ini ke ranger lain dan membawa kemenangan untuk The Ranger Corps.\n\nSementara itu, putra Cypher, Kitai Raige (Jaden Smith), menyalahkan dirinya atas kematian kakaknya, Senshi (Zoe Kravitz), di tangan Ursa. Kitai berlatih keras untuk menjadi ranger seperti Cypher. Sayangnya, dia tidak lulus.\n\nFaia (Sophie Okonedo), Ibu Kitai sekaligus istri Cypher, membujuk Cypher untuk mengajak Kitai dalam perjalanan terakhirnya sebelum pensiun. Selama perjalanan, ayah dan anak ini mulai membuat ikatan.\n\nNamun, pesawat mereka terkena badai asteroid dan memaksa mereka mendarat di Bumi. Semua ranger tewas menyisakan Kitai dan Cypher. Di Bumi yang merupakan planet karantina kelas 1, Kitai sendirian harus menemukan suara darurat yang berada si ekor pesawat karena kedua kaki Cypher patah dan suar darurat di kokpit rusak.\n\nTentu saja sebagai film fiksi ilmiah Hollywood, kemasannya tidak mengecewakan. Film ini mendapatkan respon yang memuaskan dari penonton di Amerika Utara dan Korea. After Earth berhasil menduduki di peringkat ketiga box office setelah Fast &amp; Furious 6 dan Now You See Me.\n\n​After Earth telah dirilis di sejumlah negara, termasuk di Indonesia pada hari ini, Jumat (7/6). Saat ini After Earth sudah bisa disaksikan di Cineplex 21 dan Blitz Megaplex.','film, will smith','d53bd17bbe4f959e4d59d348ac028e9c','articles','articles:post','articles:posts','7','articles/2013/06/film-weekend-kolaborasi-will-dan-jaden-smith-di-after-earth','admin/articles/edit/7','admin/articles/delete/7',NULL),(313,'Pegagan Smart Coffee','Pada takaran yang tepat kandungan kafein di dalam kopi dapat menstimulasi otak dan sistem saraf, membantu berpikir lebih cepat, meningkatkan kewaspadaan, tidak mengantuk, dan menyegarkan badan, Pegagan (Centella asiatica L.) merupakan tanaman yang banyak mengandung asiaticoside, thankuniside, isothankuniside, madecassosid, tannin, caretonoids&nbsp;dan beberapa garam mineral seperti kalium, natrium, magnesium, kalsium dan besi. Berdasarkan penelitian pegagan mampu mempengaruhi sistem saraf pusat, meningkatkan daya rangsanag saraf otak, serta meningkatkan kemampuan belajar dan mengingat. Berdasarkan fakta ini, dibuatlah minuman campuran kopi dan pegagan. Hasilnya, selain bisa meningkatkan fokusa dalam belajar, juga meningkatkan kemampuan mengingat. (Djs)','coffee, pegagan','764791ffbd347d0ee8001967be8f2808','embrio','embrio:embrio','embrio:embrios','1','embrio/view/pegagan-smart-coffee','admin/embrio/edit/1','admin/embrio/delete/1','999181c1ac3ca02'),(314,'Rendang Jamur Tiram &quot;Uni Murti&quot;','Tekstur jamur tiram yang lembut dan kelezatannya yang mirip dengan ayam membuatnya digemari masyarakat. Kandungan gizi panganan ini juga cukup tinggi berupa vitamin, protein, asam amino esesial, lemak dan mineral. Dibanding jenis sayuran lain, kandungan nutrisi jamur tiram lebih banyak dan lebih lengkap. Tak heran, olahan jamur tiram ini kerap dijadikan sebagai makanan alternatif bagi penderita darah tinggi, obesitas, dan mereka yang berkadar kolesterol tinggi. Tidak ketinggalan para vegetarian yang tidak suka makan daging, namun ingin merasakan sensasi &quot;makanan olahan daging&quot;. Dibuatlah kemudian rendang jamur tiram. Alasannya, penggemar rendang banyak, dan berpotensi untuk diekspor. Untuk tujuan ekspor, rendang jamur tiram beremerek Uni Murti ini dikemas dengan menggunakan plastik kedap udara. Kemasan ini bisa memperpanjang masa simpan, hingga lebih awet. (Budi)','jamur, rendang','734ec8112b6b4cf2b797d6c9155a7cec','embrio','embrio:embrio','embrio:embrios','2','embrio/view/rendang-jamur-tiram-uni-murti','admin/embrio/edit/2','admin/embrio/delete/2','6116eaf99c56329'),(28,'Biskuit Tulang Sapi','Selama ini tulang sapi dibuang begitu saja setelah diambil dagingnya atau dimasak untuk pembuatan kaldu. Padahal, tulang tersebut masih bisa digunakan sebagai sumber kalsium karena mengandung banyak CaCO3. Senyawa ini lebih mudah diserap tubuh dan memiliki kualitas food grade lebih baik dibandingkan dengan sumber mineral kalsium lainnya.\n\nHasil pengukuran laboratorium dengan metode Atomic Absorption Spectrophotometry diketahui, kadar kalsium tulang sapi berkisar 23 - 37%. Selain kalsium, tulang sapi juga mengandung mineral lain seperti magnesium, zink, dan fosfor, dalam jumlah proporsional bagi tubuh makhluk hidup. Mineral-mineral tersebut yang juga berguna untuk tubuh manusia.\n\nPemanfaatan tulang sapi sebagai bahan biskuit ini telah diteliti Ong Lu Ki dan kawan-kawan dari Universitas Katolik Widya Mandala Surabaya. Untuk memanfaatkannya, tulang sapi yang sudah dijadikan serbuk ditambahkan ke dalam adonan biskuit. Penambahan tulang sapi tidak mengganggu kerenyahan biskuit. Keunggulan tulang sapi sebagai sumber kalsium di antaranya mudah didapat karena cukup melimpah di Indonesia dan aman untuk dikonsumsi karena diolah tanpa menggunakan bahan kimia. (Indonesia 103 Innovations/Gede) ​','biskuit, tulang sapi','55f5ddf11ff00077e12432eb4d8d8eaa','embrio','embrio:embrio','embrio:embrios','3','embrio/view/biskuit-tulang-sapi','admin/embrio/edit/3','admin/embrio/delete/3',NULL),(47,'Steak JAPI, Lezat &amp; Sehat','​Salah satunya hasil alam yang banyak terdapat di tanah air adalah pisang. Umumnya, yang diambil dari tanaman ini buahnya. Padahal, selain buahnya banyak yang bisa dimanfaatkan seperti daun, jantung pisang, gedebog, dan bonggol. Jantung pisang dapat dimanfaatkan sebagai produk makanan, antara lain sebagai pengganti daging. Kita tahu steak adalah makanan berbahan daging yang banyak diminati masyarakat. Namun ada beberapa kendala yang membuat&nbsp; sebagian orang tidak mau mengkonsumsi makanan ini. Selain harganya relatif&nbsp;mahal, makanan ini dapat memicu peningkatan kadar kolesterrol dalam tubuh jika dikonsumsi berlebihan.\n\nJantung pisang&nbsp; memiliki tekstur seperti daging. Mengandung zat gizi yang bermanfaat bagi tubuh&nbsp;seperti protein, karbohidrat, lemak, tannin (antioksidan alami), mineral terutama fosfor, kalsium dan besi, serta vitamin A, B1, dn C. Selain itu&nbsp; juga kaya serat, dan&nbsp; membantu mengendalikan berat badan. Dengan demikian&nbsp; jantung pisang dapat menjadi alternatif diversifikasi pangan&nbsp;untuk mengurangi risiko penyakit berbahaya.\n\nMelihat berbagai fakta tersebut,&nbsp;usaha pemanfaatan&nbsp;steak JAPI (jantung pisang)&nbsp;layak dikembangkan, apalagi&nbsp;bahan bakunya sangat mudah didapat. Sebagai peluang bisnis pun&nbsp;produk ini berpotensi mendatangkan keuntungan, mengingat&nbsp;selain pangsa pasarnya juga luas, harga jualnya pun amat terjangkau.','jantung pisang, steak','0e194ca603a8ab5b3ba18e82ffc884ec','embrio','embrio:embrio','embrio:embrios','4','embrio/view/steak-japi-lezat-and-sehat','admin/embrio/edit/4','admin/embrio/delete/4',NULL),(32,'D’Wulls Crepes, Tiwul Modern','Tiwul adalah hasil tumbukan singkong yang telah dikeringkan. Selama ini, tiwul sering dianggap makanan tradisional &ldquo;kelas rendah&rdquo;. Maklum, citra itu melekat lantaran makanan ini banyak dikonsumsi warga pedesaan yang kurang mampu mengkonsumsi nasi. Padahal tiwul ini sarat akan gizi. Karena berbahan dasar singkong, kadar karbohidratnya juga tinggi, menyerupai nasi. Untuk memasyarakatkan konsumsi tiwul, dibuat modifikasi dari makanan tiwul, yaitu crepes. Ini merupakan konsep modernisasi bisnis pangan tradisional yang unik, yakni perpaduan antara makanan lokal (tiwul) dengan makanan modern khas Prancis (crepes). Kreasi yang disebut D&rsquo;Wulls Crepes diproduksi dengan berbagai macam rasa. Seperti rasa buah-buahan, cokelat, dan, keju. Dengan kreasi ini akan terbentuk penganekaragaman produk pangan tradisional menjadi makanan yang menarik, sehat, dan bergizi. Pada akhirnya bisnis ini diharapkan bisa menjadi usaha yang mendatangkan profit.','crepes, tiwul','e7987ca0f329e64d583ea962b4c0830a','embrio','embrio:embrio','embrio:embrios','5','embrio/view/dwulls-crepes-tiwul-modern','admin/embrio/edit/5','admin/embrio/delete/5',NULL),(33,'Bubur Sumsum Lidah Buaya','Lidah buaya (Aloe vera) merupakan salah satu tanaman multi khasiat yang banyak tumbuh di Indonesia. Selain kaya serat, lidah buaya mempunyai kandungan gizi yang&nbsp; tinggi, seperti&nbsp; kalsium, potasium, sodium, choline, magnesium, zinc dan beberapa bitamin seperti B1, B2, B6, C, folic acid dan lain-lain.&nbsp;Zat-zat ini berguna bagi pertumbuhan tulang, pembentukan dan penggantian jaringan, pengaturan metabolism tubuh dan pengaturan gerak syaraf. Lidah buaya juga berguna untuk menurunkan kadar gula bagi penderita diabetes, mengontrol tekanan darah, menstimulasi kekebalan tubuh dan lain-lain.\n\nMelihat beragam manfaatnya tanaman ini kemudian dimanfaatkan untuk berbagai bahan makanan dan minuman. Seperti nata de aloe vera, cincau lidah buaya dan dodol lidah buaya. Salah satu inovasi yang baru, lidah buaya dijadikan bubur sumsum. Panganan ini sengaja dibuat untuk melancarkan pencernaan. Bubur sumsum dibuat dari 70% tepung lidah buaya dan 30% tepung beras.','bubur, lidah buaya','34fa80fabd87c7e17a1a0c249159029c','embrio','embrio:embrio','embrio:embrios','6','embrio/view/bubur-sumsum-lidah-buaya','admin/embrio/edit/6','admin/embrio/delete/6',NULL),(38,'SyCop, Mudah dan Aman','Barangkali&nbsp;banyak di antara kita yang pernah&nbsp;jengkel setiap kali mencabut cop kabel listrik dari tempat colokan listrik.&nbsp;Maklum seringkali cop susah dilepaskan. Kalau dalam sehari kita melakukan kegiatan, colok, lepas, colok dan lepas lagi cop listrik beberapa kali tentu ini amat mengganggu.&nbsp;Karena itulah kemudian diciptakan&nbsp;cop listrik yang mudah dalam penggunaannya yaitu Easy cop (SyCop). Cop ini tidak memerlukan banyak tenaga saat memasukkan dan melepaskannya dari colokan listrik. Selain itu kabel yang digunakan tetap aman. Rahasianya terletak pada 2 saklar pengunci yang terdapat pada cop. Saklar pengunci ini akan mengencang bila cop dimasukan ke dalam colokan listrik. Bila hendak membuka, cukup dengan membuka menekan saklar pengunci, cop listrik akan mudah dilepaskan.','cop, listrik','c9dbeedd604c2a9ed578709e6bfb12df','embrio','embrio:embrio','embrio:embrios','7','embrio/view/sycop-mudah-dan-aman','admin/embrio/edit/7','admin/embrio/delete/7',NULL),(40,'Kampas Rem Pulp','Serat pulp umumnya digunakan untuk kertas. Namun, bahan ini ternyata juga layak digunakan sebagai kampas rem kendaraan bermotor. Penelitiannya telah dilakukan oleh Wawan Kartiwa Haroen dari Balai Besar Pulp dan Kertas (BBPK), Kementerian Perindustrian. Keunggulan bahan ini dibandingkan dengan bahan lain di antaranya ramah lingkungan lantaran tidak menimbulkan polusi yang membahayakan seperti pada bahan asbes.\n\nPemanfaatan serat pulp ini dilandasi oleh karakteristik serat pulp yang memiliki daya serap panas dan friksi yang memenuhi kriteria sebagai bahan kampas rem. Campuran pulp dengan beberapa bahan pengikat lainnya menghasilkan kekerasan, daya gesek, daya cengkeram, daya tahan panas yang baik, serta bebas debu asbes.\n\nKampas rem berbahan serat pulp ini mengandung 25 &ndash; 60%&nbsp; serat pulp. Untuk mobil persentase serat pulp-nya bisa rendah, sebaliknya untuk sepeda motor bisa tinggi. Selain serat pulp, kampas rem juga menggunakan beberapa bahan pengikat di antaranya steel fiber, friction dush, nitrobutan rubber, dan resin. Kampas rem ini memiliki tingkat kekerasan 65 &ndash; 70 HRS dan koefisien gesek 0,45. (Indonesia 103 Innovations/Gede)','kampas rem, pulp, rem','029f57a1da5fbb72e047069e3f387b05','embrio','embrio:embrio','embrio:embrios','8','embrio/view/kampas-rem-pulp','admin/embrio/edit/8','admin/embrio/delete/8',NULL),(48,'Tahu Besi, Rendah Lemak &amp; Tahan Lama','Biji trembesi merupakan hasil hutan bukan kayu yang potensial dikembangkan sebagai bahan baku tahu. Pasalnya, biji trembesi mengandung kadar protein yang hampir sama dengan kedelai. Sedangkan kandungan zat lain yang terdapat di dalam biji trembesi bisa untuk menurunkan kadar kolesterol dalam darah dan rendah lemak. Penggunaan biji trembesi sebagai bahan baku tahu, selain bisa meningkatkan hasil hutan bukan kayu, juga merupakan diversifikasi pangan pengganti kedelai. Untuk menunjang nilai kesehatan, pengawet yang digunakan adalah wood vinegar&nbsp; yang tidak berbahaya bila dikonsumsi oleh manusia. Wood venegar merupakan cairan alami multifungsi yang diolah dari destilasi asap yang dihasilkan dari proses arang kayu. Zat ini aman digunakan, karena tidak bersifat racun.','tahu','ceb0b213179663c4656d46b12981fc00','embrio','embrio:embrio','embrio:embrios','9','embrio/view/tahu-besi-rendah-lemak-and-tahan-lama','admin/embrio/edit/9','admin/embrio/delete/9',NULL),(46,'Payung 2 in 1','Musim hujan sudah mulai datang. Tentu saja bawaan barang yang harus kita sediakan adalah payung. Selama ini kita menggunakan payung hanya untuk diri kita sendiri, mestinya kita juga kita bisa berbagi dengan orang lain. Karena itulah dibuat inovasi NIH (payung) yaitu satu payung yang bisa dijadikan 2 payung. Pada hakekatnya payung tersebut berjumlah dua buah. Hanya saja salah satunya&nbsp; dilipat dan diletakan di dalam gagang dan batang payung yang sengaja dibuat berongga. Kalau kita ingin menggunakan payung tersebut, tinggal mengambilnya dari payung &ldquo;induk&rdquo; dengan memutar pegangan payung yang bawah berlawanan arah jarum jam. Maka kunci dengan sistem interlock akan terbuka. Payung siap dibuka dan dipinjamkan ke orang lain.','payung','e8a479dcc3ea7cbb56e73b8602687bc2','embrio','embrio:embrio','embrio:embrios','10','embrio/view/payung-2-in-1','admin/embrio/edit/10','admin/embrio/delete/10',NULL),(115,'Kirei Bedcover Gallery','Bedcover &amp; Sheet Wholesale. Online Retailer.',NULL,NULL,'business','business:business','business:businesses','13','directories/business/view/kirei-bedcover-gallery','admin/directories/business/edit/13','admin/directories/business/delete/13',NULL),(116,'Mulia Sejati Gallery','',NULL,NULL,'business','business:business','business:businesses','14','directories/business/view/mulia-sejati-gallery','admin/directories/business/edit/14','admin/directories/business/delete/14',NULL),(117,'Ruang Desain Arsitektural','Kami adalah sebuah biro konsultan profesional yang memberikan jasa perancangan yang mencakupi arsitektur, ruang dalam, maupun ruang luar. Kami tidak memberikan batasan terhadap jenis pekerjaan; rumah tinggal, komersil, kantor, hotel, pendidikan, religius, sosial, atau apapun lainnya - kami akan dengan sepenuh hati mengerjakannya sebagai bagian dari sarana berkarya, bereksplorasi, dan curahan ide-ide kami. Setiap pekerjaan akan kami tanggapi sebagai sebuah tantangan untuk melahirkan yang terbaik.',NULL,NULL,'business','business:business','business:businesses','12','directories/business/view/ruang-desain-arsitektural','admin/directories/business/edit/12','admin/directories/business/delete/12',NULL),(118,'PT. Surya Toto Indonesia., Tbk','Best quality and best price sanitary and fitting products http://www.toto.co.id/',NULL,NULL,'business','business:business','business:businesses','15','directories/business/view/pt-surya-toto-indonesia-tbk','admin/directories/business/edit/15','admin/directories/business/delete/15',NULL),(295,'PT. Sinar Meadow International Indonesia','Merupakan produsen edible oil yang dipasarkan untuk pangsa pasar dalam negeri maupun ekspor ke negara-negara Asia Pasifik dan Timur Tengah. Berpusat di Jakarta, SMII menjalankan usaha penyulingan minyak kelapa sawit mentah (CPO) dengan kapasitas 110.000 ton setiap tahun. SMII mendistribusikan berbagai macam produk berkualitas.&nbsp; Misalnya: margarin, mentega, dan minyak goreng. Selain itu SMII juga menyalurkan produknya ke berbagai industri makanan (seperti produsen biskuit, permen, mie) hingga ke perusahaan roti, hotel, restoran, katering, dan resto cepat saji.&nbsp;\nSMII berkomitmen untuk selalu membangun dan mengembangkan hubungan bisnis yang profesional. Gold Bullion menjadi merek berkualitas tinggi yang menjadi andalan dan direkomendasikan oleh para profesional yang bergerak dalam bidang bakery dan sektor komersial lainnya yang ada di Indonesia. Produk lainnya yaitu Mother&#39;s Choice. Digunakan untuk berbagai macam aplikasi seperti kue, roti, biskuit dan krim.',NULL,NULL,'business','business:business','business:businesses','19','business/view/pt-sinar-meadow-international-indonesia','admin/business/edit/19','admin/business/delete/19',NULL),(144,'PINSIL EKSTENSI, ekonomis &amp; ekologis','Tujuan dari inovasi ini adalah untuk penghematan dalam pembelian&nbsp; pinsil karena bisa digunakan dalam waktu lebih lama,&nbsp; memanfaatkan limbah kayu yang ada, serta&nbsp; bisa memberi inspirasi bisnis&nbsp; kepada masyarakat untuk memproduksi dan memasarkan Pinsil Ekstensi ini dengan modal yang tidak besar.','ekonomis & ekologis, ekstensi, penghematan pinsil, pinsil','39cb0a8d5d95a56e1811cdb8d1a4cb86','embrio','embrio:embrio','embrio:embrios','11','embrio/view/pinsil-ekstensi-ekonomis-and-ekologis','admin/embrio/edit/11','admin/embrio/delete/11',NULL),(142,'KAMPAS REM LIMBAH PULP','Pemanfaatan serat pulp ini dilandasi oleh karakteristik serat pulp yang memiliki daya serap panas dan friksi yang memenuhi kriteria sebagai bahan kampas rem. Campuran pulp dengan beberapa bahan pengikat lainnya menghasilkan kekerasan, daya gesek, daya cengkeram, daya tahan panas yang baik, serta bebas debu asbes.\n\nKampas rem berbahan serat pulp ini mengandung 25 &ndash; 60%&nbsp; serat pulp. Untuk mobil persentase serat pulp-nya bisa rendah, sebaliknya untuk sepeda motor bisa tinggi. Selain serat pulp, kampas rem juga menggunakan beberapa bahan pengikat di antaranya steel fiber, friction dush, nitrobutan rubber, dan resin. Kampas rem ini memiliki tingkat kekerasan 65 &ndash; 70 HRS dan koefisien gesek 0,45. (Indonesia 103 Innovations/Gede)','frinction dush, kampas rem limbah pulp, notrobutan rubber, rem kendaraan bermotor, resin, serat pulp, steel filber','b7f37401646266f31a2e826e1f3923b5','embrio','embrio:embrio','embrio:embrios','12','embrio/view/kampas-rem-limbah-pulp','admin/embrio/edit/12','admin/embrio/delete/12',NULL),(140,'Heliksmart, Helm Pintar Alternantif Headphone','Seiring dengan populasi jumlah kepemilikan sepeda motor yang terus meningkat dari tahun ke tahun, pemakaian helm pun semakin banyak. Maklum, pemakaian sepeda motor sebagai wahana transportasi tunggal dan helm sebagai piranti keselamatan berkendara, nyaris tidak terpisahkan. Dengan latar belakang pentingnya peran helm sebagai pelindung dan penjaga keamanan pemakainya, maka diciptakanlah Heliksmart, yakni helm pintar yang berfungsi sebagai headphone alternatif untuk penyeimbang otak kanan dan otak kiri. Piranti ini dilengkapi dengan headphone dan MP3 player secara terintegrasi. Untuk menggugah rasa cinta tanah air, di bagian luar helm ditulis slogan slogan nasionalisme. Plus rumus rumus mata pelajaran, agar para murid pemakai helm terbantu dalam belajar.\n\nHelm ini membantu para pengendara motor agar rileks pada saat terjebak macet, dan memberikan daya tarik masyarakat dan pelajar agar tidak malas memakai helm pada saat mengendarai motor. Di samping itu, pembuatan dan pemasaran heliksmart sangat potensial dijadikan usaha atau bisnis. Pasalnya, pasar produk ini amat luas dan menjanjikan keuntungan.','handphone, heliksmart, helm, rileks saat macet, sepeda motor','f04553717ce654caee32bd1dc91ec767','embrio','embrio:embrio','embrio:embrios','13','embrio/view/heliksmart-helm-pintar-alternantif-headphone','admin/embrio/edit/13','admin/embrio/delete/13',NULL),(124,'Sepeda Motor, PENGUPAS KULIT KOPI','','kopi, kopi lebih cepat kering, kulit buah kopi basah, penghargaan, sepeda motor','ba40c96b0e37387a540e93496d516208','embrio','embrio:embrio','embrio:embrios','14','embrio/view/sepeda-motor-pengupas-kulit-kopi','admin/embrio/edit/14','admin/embrio/delete/14',NULL),(135,'Super Crispy, Keripik Kelinci','Dibanding daging ayam, sapi, atau kambing, kandungan gizi yang terdapat pada &nbsp;daging kelinci lebih besar. Secara umum, daging kelinci tersusun atas serat halus yang rasanya cukup lezat. Lemaknya &nbsp;didominasi oleh lemak tak jenuh yang sangat baik bagi tubuh. Jumlah proteinnya paling tinggi di banding ayam, dan daging merah. Kolesterol pada daging kelinci sebesar 1,39 mg per kilogram dan natriumnya &nbsp;399 mg per kilogram-nya. Daging kelinci sangat baik untuk kesehatan. Bermanfaat untuk menurunkan kolesterol dan penyakit jantung. &nbsp;Sayangnya daging kelinci belum dimanfaatkan secara maksimal. Kalaupun ada, jumlahnya tidak banyak seperti dibuat sate, tongseng, sop atau digoreng. Mengingat banyak kelebihan daging kelinci, dibuatlah panganan yang mudah dikonsumsi orang yaitu keripik &ldquo;Super Crispy&rdquo; daging kelinci. &nbsp;Agar terasa lebih lezat, keripik daging kelinci ini ditambah bumbu spesial dengan menggunakan rempah-rempah asli Indonesia.','kelinci, keripik, kolesterol, penyakit jantung, super crispy','f04454eadaa8ee73a8437dca956a9a4e','embrio','embrio:embrio','embrio:embrios','15','embrio/view/super-crispy-keripik-kelinci','admin/embrio/edit/15','admin/embrio/delete/15',NULL),(216,'F-16 MOTOR: Kemitraan Butik Modifikasi Motor','&nbsp; Jika selama ini banyak pengusaha yang berlomba mendirikan bengkel servis motor, Willy Dresskandar justru menawarkan bengkel lifestyle yang memadukan unsur life style, fashion, boutique, modification &amp; service. Bermodalkan Rp 300 juta, Willy mendirikan F-16 Motor. &ldquo;Jasa servis saya tempatkan pada urutan terakhir karena saya melihat modifikasi motor lebih prospektif dibandingkan jasa servis yang ruang geraknya semakin sempit. Sehingga saya lebih suka menyebut F-16 sebagai butik, bukan bengkel.\n\nSebagai gambaran, saat kami mendirikan F-16 Motor tahun 2008, di sepanjang Jl. Ciledug Raya, Tangerang hampir tiap 20 meter saya menemukan bengkel. Kian hari pertumbuhannya semakin pesat. Bahkan sekarang, jarak 10 meter saja, bengkel motor dari berbagai macam karakter mudah untuk ditemui. Mulai dari bengkel resmi pabrikan, hingga bengkel servis milik perorangan,&rdquo; jelas Willy.\n\nIa menambahkan, seandainya dirinya hanya mengusung konsep servis saja dan tidak punya konsep atau diferensiasi yang jelas, hitungan bisnisnya tidak akan cukup. &ldquo;Pastinya kami akan mudah dilibas oleh bengkel-bengkel besar yang lebih dulu eksis di sini,&rdquo; lanjutnya.\n\nKeuntungan 40 &ndash; 60 Persen \n\nPria yang pernah bekerja di sebuah tabloid otomotif ini mengatakan, motor zaman sekarang relatif punya daya tahan yang bagus, sehingga boleh dibilang jarang rusak. Jika bengkel servis ukurannya selalu angka, di bengkel life style ukurannya adalah kepuasan. Dalam artian, bengkel resmi atau bengkel servis akan mendapat order jika motor sudah mencapai 3.000 km, atau 30 hari, atau bahkan kalau pemilik mengeluh, motornya sudah terasa berat.\n\nSementara bengkel yang mengusung life style, ukurannya adalah kepuasan, kebanggaan, dan gaya untuk tampil beda. &ldquo;Sehingga mereka yang ingin memodifikasi motornya tidak perlu menunggu sampai motornya rusak. Customer bisa datang tiap hari kepada kami kapanpun mereka mau,&rdquo; ujarnya.\n\nBahkan demi kepuasan, seorang customer rela menghabiskan uang hingga Rp 39 juta untuk mengubah sepeda motor merek Yamaha Mio keluaran 2009 menjadi lebih garang. Tidak ada bagian yang lepas dari modifikasi. Seluruh bagian mulai dari ban, knalpot, hingga mesin motor pun ikut dirombak.\n\nTarif yang dipatok F-16 Motor bervariasi. Untuk servis, biasanya Rp 100.000 per motor, sedangkan untuk modifikasi mulai Rp 250 ribu hingga puluhan juta rupiah. Dari setiap tarif yang dipasang, keuntungannya bisa 40 &ndash; 60 persen.\n\nPeluang Kemitraan F-16 Motor\n\nSetelah merasakan keuntungan yang cukup besar dari bisnisnya, di tahun 2010, Willy memberanikan diri untuk membuka peluang kemitraan F-16 Motor. Ia yakin bahwa bisnis bengkel lifestyle sangat menjanjikan. Penawaran ini disambut baik oleh calon pengusaha yang ingin membuka bisnis otomotif. Kini, lulusan S1 Teknik Mesin, Institut Sains dan Teknologi Nasional ini sudah memiliki 18 mitra yang tersebar di berbagai daerah, seperti Medan, Bandar Lampung, Jakarta, Surabaya, Pekanbaru, Balikpapan, dan Samarinda.\n\nDalam kemitraan ini, Willy hanya menawarkan satu paket kerja sama senilai Rp 80 juta. Dengan membayar sebesar itu, mitra akan mendapatkan peralatan bengkel standar. Jika ingin menambah aksesori untuk modifikasi, mitra harus menambah investasi untuk perlengkapan suku cadang dan aksesori sepeda motor senilai Rp 150 juta. Aksesori ini penting karena bengkel F16 melayani juga modifikasi sepeda motor. &ldquo;Namun Rp 150 juta bukan harga mati. Nilai belanja onderdil dan aksesori itu masih bisa dinego sesuai budget mitra,&rdquo; kata suami dari Dewi Rachel.\n\nDari pengalamannya selama ini, umumnya mitra membuka bengkelnya di sebuah ruko. &ldquo;Untuk ukuran ruko standar pada umumnya, paket barang seharga Rp 150 juta adalah yang paling pas. Jumlah jenis dan quantity barang tersebut cukup untuk memenuhi kebutuhan awal bengkel / butik yang lengkap dan meyakinkan. Dalam waktu 18 bulan, bisa dipastikan mitra sudah BEP,&rdquo; kata Willy.','bengkel lifestyle, modifikasi motor, service','fd35e7f987e7d4069d86c7699a25a5ac','articles','articles:post','articles:posts','12','articles/2013/07/f16-motor-kemitraan-butik-modifikasi-motor','admin/articles/edit/12','admin/articles/delete/12',NULL),(218,'Gamer Xtreme: Main Game di Dalam Kafe','&nbsp; Kenyamanan tempat inilah yang menjadi nilai lebih GX dibanding game center yang ada. Mengky Mangarek, Business Development Manager GX mengungkapkan, konsep yang diusung GX meniru dari Korea Selatan. &ldquo;Saya pernah ke Korea, di sana saya melihat gaming cafe di sana tumbuh dengan pesat. Di sana jumlahnya sudah lebih dari 600 gaming cafe berdiri. Kami pikir ini peluang, konsep ini kemudian kami terapkan di Indonesia. Boleh dibilang kami adalah satu-satunya yang menyatukan kegiatan entertainment dengan permainan,&rdquo; jelas Mengky.\n\nPermainan yang dihadirkan bukan hanya berasal dari komputer, tapi juga konsol (seperti PS3, WII, XBOX dengan layar LCD/3D) dan gadget. Tempat ini juga dilengkapi dengan kafe yang melayani penjualan aneka makanan dan minuman. Agar lebih menyatu, nama makanan dan minuman yang ada dinamai dengan nama-nama permainan. Selain itu GX juga menyediakan tempat para gammers berkumpul, hang out dan bersosialisasi. Berbagai macam kebutuhan game, seperti headset, keyboard, mouse, dan joystick juga disediakan di tempat ini. Ini yang membedakan GX dengan game center lainnya yang sudah ada.\n\nPeluangnya Besar\n\nMengky berkeyakinan, usaha yang telah dijalankan sejak tahun 2008 ini peluangnya besar dan menjanjikan. Ini lantaran, menurut, Mengky kelas menengah di Indonesia tumbuh dengan pesat. Dimana 40% dari jumlah kelas menengah tersebut berusia 10-29 tahun yang merupakan pasar GX. Merasa usaha ini menguntungkan, dan ingin membagi kesuksesan dengan yang lain, tahun 2010 GX diwaralabakan. Sampai akhir tahun 2012 sudah berdiri 8 tempat. Lokasi yang direkomendasikan untuk pendirian G meliputi area perumahan padat (termasuk apartemen) kelas menengah atas, wilayah yang dekat sekolah atau kampus dan daerah yang berada dekat dengan kegiatan entertainment (seperti waterpark, mal, tempat rekreasi umum, dan tempat bermain.\n\nSelalu Up To date\n\nInvestasi kemitraan berkisar Rp 375 juta - Rp1,6 miliar tergantung luasan tempat yang digunakan. Untuk menjadi mitra, syaratnya memiliki KTP, NPWP, badan usaha yang menaungi perusahaan ini dan tentu saja modal. Pengetahuan dibidang IT / game tidak dibutuhkan. Yang dibutuhkan adalah passion, care, tekun dan keingingan kuat dalam mewujudkan pertumbuhan bisnisnya. Dari mulai mengisi form aplikasi sampai dengan grand opening akan memakan waktu hingga 3 bulan. &ldquo;Usaha ini akan kami support dari mulai store layout, interior dan eksterior design, perancangan IT dan support logistic yang menjamin tersedianya supply dan dukungan teknis atas pengembangan gerai,&rdquo; terang Mengky.\n\nKarena berkaitan dengan teknologi, usaha ini juga selalu up to date dengan perkembangan tekonologi terkini. Mengky menambahkan, musuh dari usaha ini bukan dari pesaing, tapi dari kecanggihan teknologi. &ldquo;Kunci dari bisnis ini adalah up to date, maintencane, unik dan fresh. Seperti karaoke, kalau lagunya itu-itu saja enggak bakalan laku. Sama halnya dengan game. Kalau permainannya itu-itu aja, yah lama-lama enggak laku juga. apalagi hardware-nya itu-itu aja. Game-nya udah baru, tapi jalannya pelan yah enggak laku juga.&rdquo;\n\nLantaran itu setiap ada perubahan, baik itu di hardware, software, atau permainan yang baru, GX selalu memperbaharuinya. Prosesor merek Intel dan AMD, setiap 6 bulan diganti dengan yang baru. Itu ada di perjanjiannya. Nantinya, pihak franchisee hanya dikenakan tambahan biaya charge sebesar 15% per tahun dari harga barang.\n\nHarga bermain di GX dibedakan menjadi dua, mal dan bukan mal. Bila berada di mal dipatok Rp 10.000/jam, tetapi yang berada di ruko, dekat dengan sekolah atau kampus, harga berkisar Rp 5000 - Rp 6000/jam. Balik modal usaha ini diperkirakan 18 bulan-24 bulan. Belakangan GX sedang membuat di Pantai Mutiara, Pluit, Jakarta Utara, dengan sistem cover charge. Jadi pengunjung silahkan main sepuasnya selama 24 jam dengan hanya membayar Rp 150.000. Plus mendapat minuman gratis. Konsep ini, cerita Mengky, meniru tiket terusan di Dunia Fantasi, Ancol. Tertarik invest?','game centre, gaming cafe','6f6712af786dd245a3c8903d68336c35','articles','articles:post','articles:posts','13','articles/2013/07/gamer-xtreme-main-game-di-dalam-kafe','admin/articles/edit/13','admin/articles/delete/13',NULL),(221,'Penuhi Kebutuhan Air Bersih dengan HYDRO','&nbsp; Konsumennya kini sudah merambah beberapa perumahan, klinik dan perkantoran yang ada di kota Solok. &ldquo;Tidak hanya menjual produk, kami juga melakukan perawatan alat dengan melakukan pemeriksaan secara berkala terhadap unit HYDRO yang sudah terpasang,&rdquo; papar Harry, panggilannya. Pengguna terbesar produk ini adalah konsumen rumah tangga, yang memang menjadi target utama pasar HYDRO.\n\nSetidaknya sudah lebih dari 50 unit dari berbagai model yang sudah ia jual. Dengan kisaran harga berkisar antara Rp 4,9 juta &ndash; Rp 12 juta. Potensi pasar HYDRO di Solok, tambah Harry, sangat besar. Karena daerah ini sedang bergeliat, pertumbuhan secara ekonomi baik. Tidak heran kalau kemudian kebutuhan akan air bersih semakin meningkat. Apalagi, kualitas air tanah di sana beragam, tidak semuanya baik.\n\nProduk Berkualitas\n\nSalah satu hal yang membuat Harry yakin HYDRO disukai pasar adalah produknya berkualitas. &ldquo;Hasil output alat dan daya tahan filter bagus dibandingkan dengan produk lain yang sejenis. Ini yang menjadi nilai plus untuk menjual produk ini, disamping kebutuhan filter air memang semakin tinggi,&rdquo; terang Harry. Air hasil saringan HYDRO bagus digunakan untuk keperluan sehari-hari. Tidak hanya untuk keperluan mandi, cuci atau hal lainnya, tapi juga untuk keperluan memasak dan airnya dikonsumsi.\n\nSelama menjual HDYRO, Harry mendapatkan respon positif dari pelanggannya. Selain mendapatkan air bersih yang lebih baik dibanding sebelumnya, pelanggan puas oleh pelayanan perawatan alat. HYDRO sendiri memiliki tabung yang terbuat dari stainless steel anti karat, mempunyai lubang tabung besar hingga memudahkan penggantian media maupun filter. Pengadaan suku cadangnya terjamin karena pabriknya ada di Indonesia.\n\nDalam hal pemasaran, Harry dibantu oleh HYDRO pusat berupa pelatihan teknis, alat peraga dan alat pengujian kualitas air. Usaha Harry juga terbantu dengan ikut dipromosikan oleh HYDRO pusat lewat website www.HYDRO.co.id. Tak ketinggalan, brosur dan pamplet, pembuatannya ikut dibantu.\n\nPeluangnya Besar\n\nUntuk menjadi reseller penjualan produk HYDRO, menurut Harry tidaklah susah. &ldquo;Prosesnya hanya beberapa hari saja.&rdquo; Tempat penjualannya sendiri tidak membutuhkan tempat yang luas, cukup berukuran 5m x 5m. Tenaga penjualan hanya 2 orang. &ldquo;Kecuali untuk proses pengerjaan di lapangan, seperti pemasangan alat, kami dibantu oleh pekerja lapangan proyek,&rdquo; jelas Harry lagi.\n\nHal menarik dari produk HYDRO adalah garansi yang diberikan. HYDRO memberikan garansi 100 hari uang kembali 100%, bila produk yang dibeli customer, tidak bisa memberikan manfaat. Kedua, garansi tabung seumur hidup. HYDRO juga memberikan garansi servis gratis dan spare part gratis selama 1 tahun pemakaian. Kecuali media filter 0-3 bulan gratis, dan 4-12 bulan diskon 50% bila diperlukan penggantian filter.\n\nSecara bisnis, Harry berkeyakinan usahanya ini ke depan bakalan &ldquo;tambah bersinar&rdquo;. Karena di Solok, kebutuhan akan air bersih meningkat setiap tahunnya. Namun secara umum, pemerintah di sana belum mampu mengimbangi pertumbuhan akan kebutuhan air bersih di masyarakat. Disinilah peranan swasta membantu memenuhi kebutuhan masyarakat.\n\nUntuk informasi lebih lanjut mengenai kemitraan/keagenan HYDRO Silahkan mengubungi:\n\nAsri Sumarni\n\nPT HYDRO water technology\n\nTelp: 021 41388928\n\nSMS: 021 1855 9577','air bersih, filter air','b50d7b3e565365205ce94040a8c0f636','articles','articles:post','articles:posts','14','articles/2013/07/penuhi-kebutuhan-air-bersih-dengan-hydro','admin/articles/edit/14','admin/articles/delete/14',NULL),(232,'Kedai Kopi Torabika: Didukung Supply Chain Kuat, Balik Modal Cepat','&nbsp; ​Konsep KKT diperuntukan bagi penggemar kopi yang berada di pusat keramaian dengan tingkat moblitas yang tinggi. &ldquo;Sistemnya take away, mereka memesan kopi, setelah jadi langsung dibawa ke tempat aktivitas konsumen. Kami tidak menyediakan kursi dan meja,&rdquo; papar H. Wardi Lubis, Head of Division Business Partnership PT Mayora Indah Tbk yang membawahi KKT. Dengan kata lain KKT memakai konsep penjualan Delivery Order &amp; Cash and Carry (DELCO).\n\nDengan konsep seperti ini, menurut Dimas Wicaksono, Trainer Executive KKT investasinya hanya sekitar Rp 10 juta. &ldquo;Biaya sebesar itu sudah termasuk pembelian perlengkapan booth, training karyawan dan bahan baku kopi sachet 1 karton,&rdquo; ucap Dimas. Satu karton biasanya berisi 120 sachet kopi. Karena ada 4 rasa kopi yang diberikan yaitu kopi hitam, kopi susu, moka dan cappuccino, total semua ada sekitar 480 sachet kopi yang diberikan. Itu diluar pembelian cup dan sewa tempat. Pramusaji yang melayani penjualan cukup hanya satu orang.\n\nTidak Perlu Tempat Luas\n\nDengan booth berukuran 120cm x 60cm, usaha ini tidak memerlukan tempat yang luas. Disarankan memilih lokasi usaha di medium traffic area, seperti kompleks perumahan, ruang perkantoran dan tempat-tempat umum lainnya seperti sekolah, kampus, mal dan lain-lain. &ldquo;Target konsumen kami adalah orang yang berada di tempat-tempat tersebut, bukan orang yang sekedar lewat,&rdquo; tukas Dimas. Calon mitra bisa mengajukan tempat lebih dahulu, kemudian pihak KKT mensurveynya. Bila memenuhi standar lokasi yang diinginkan, bisa dilanjutkan ke proses kemitraan berikutnya.\n\nKemitraan yang dibangun merupakan kerjasama ekslusif antara pihak Mayora yang membawahi KKT dengan pihak investor yang menjadi mitranya. Karena itu, menurut Dimas, KKT ini hanya menjual secara ekslusif produk Torabika dan tidak menjual produk kompetitor lainnya. Kemitraan ini tidak dibatasi waktu sampai kapan. Selama pihak mitra masih menjual produk kopi Torabika, kerjasama masih terus dilakukan.\n\nYang menarik, harga sachet kopi yang dijual ke pihak mitra merupakan harga distributor. &ldquo;Jadi kalau misalnya pihak mitra membeli kopi sachet Torabika dari tempat lain, pasti lebih mahal,&rdquo; senyum Dimas. Penjualan satu sachet kopi Torabika bisa untung lebih dari 50%. Tidak heran beberapa mitra KKT berinvestasi lebih dari satu booth.Setiap 3 hari sekali, pihak KKT akan mensuplai kebutuhan kopi mitra.\n\nSirup Khusus\n\nSalah satu yang menjadi kelebihan kopi Torabika adalah beragamnya varian rasa kopinya. Ada Tora Melek (kopi robusta hitam) Tora Susu (kopi dan susu), Tora Moka (kopi, susu dan cokelat), Tora Cinno (kopi cappucinno), Tora Cinno Avocado, Tora Cinno Tiramisu, cokelat susu sereal dan susu coklat. Produk ini disajikan dalam cup Torabika dalam keadaan panas dan dingin. Untuk kopi dalam keadaan dingin, KKT membuat sirup khusus sesuai dengan citra khas Torabika. Sirup tersebut khusus dijual di KKT, tidak ditempat lain. Biasanya kopi dalam keadaan panas enak dinikmati, tapi bila dalam keadaan dingin ditambah dengan es rasanya jadi berubah.\n\n&ldquo;Karena itulah kami membuat sirup bercitra rasa Torabika, agar dalam keadaan dingin kopi ini juga enak dinikmati. Ini menjadi bagian dari pelayanan kami. Paling tidak dalam setahun kami membuat 6 produk baru,&rdquo; jelas Wardi.\n\nDengan kemitraan KKT selain bisa meningkatkan daya saing kopi buatan dalam negeri, juga menambah lowongan pekerjaan. Apalagi kemitraan yang dijalankan tidak terikat waktu. Mitra juga tidak dibebani dengan biaya franchise fee, hingga keuntungan sepenuhnya menjadi milik mitra. KKT juga bisa menambah jualannya dengan berbagai macam makanan kecil produk Mayora.','kedai kopi, kopi','703e11410118320d58176193b32a7774','articles','articles:post','articles:posts','16','articles/2013/07/kedai-kopi-torabika-didukung-supply-chain-kuat-balik-modal-cepat','admin/articles/edit/16','admin/articles/delete/16',NULL),(227,'Quemama: Jaminan Pengalaman Dalam Pembuatan Snackbox','&nbsp; Quemama menyediakan aneka kue lezat seperti bola-bola cokelat atau keju, soes strawberry atau choho chip, pastel panggang, risoles cocktail atau risoles mayonnaise (risonaise), cake pudding, pie buah, dan masih banyak lagi. &ldquo;Sebenarnya menu jenis kue yang kita produksi jumlahnya ratusan, tapi yang paling banyak dicari konsumen hanya sekitar 20 jenis saja. Makanya kita fokus dengan kue favorit tersebut,&rdquo; kata Asdwin Noor pemilik Quemama.\n\nMenurut Asdwin, pembeli BO mirip fungsinya dengan agen pemasaran dari kue-kue tersebut. Yang membedakan, mitra BO tak hanya berhak menyandang brand Quemama tapi juga memperoleh berbagai dukungan yang diperlukan dalam pengembangan bisnis, seperti layaknya model franchise atau waralaba pada umumnya Tak heran, Asdwin memperoleh penghargaan sebagai pemenang kategori spirit dalam ajang Small Medium Enterpreneur Award 2010.\n\nDukungan yang ditawarkan Asdwin antara lain problem solving soal strategi bisnis. Berkaca pada pengalaman keluarganya dalam melayani pasar kue selama 20 tahun, ia pun mengenal berbagai strategi penjualan yang cocok untuk bisnis ini.\n\nUtamakan kontinyuitas \n\nMeski usaha catering makanan dan kue sudah dilakukan oleh Sartje Panigoro, ibunda Asdwin sejak puluhan tahun lalu. Namun baru tahun 2008, Asdwin mengemas bisnis kue atau snackbox dalam brand Quemama. Modal Rp 70 jutaan yang ia keluarkan, digunakan untuk mempersiapkan semuanya. Antara lain dengan membuat status badan hukum untuk usahanya dan mendirikan perusahaan dengan nama PT. Pandan Nuri Bersama.\n\nDalam kurun waktu 2008 hingga 2010, Asdwin mampu membuka tiga gerai sekaligus. &ldquo;Omset di gerai pertama mampu meraih BEP, karena per bulan bisa Rp 20 &ndash; Rp 30 jutaan. Setelah BEP, keuntungan selanjutnya saya gunakan membuka dua cabang lagi, yakni di Mall Ambasador dan Jatiwaringin Pondok Gede. Pembukaan 3 outlet milik sendiri ini ternyata mampu menarik calon investor untuk membeli BO Quemama,&rdquo; jelas Asdwin.\n\n. &ldquo;Saat ini jumlah mitra sudah 15 outlet yang tersebar di Jabodetabek dan Bandung. Kebanyakan mereka ambil paket booth. Bahkan ada yang dua minggu sudah balik modal, tergatung dari lokasi dan kelihaian mitra dalam mencari market,&rdquo; sebutnya.\n\nUntuk mitra harga kue dari Asdwin adalah Rp 2.200, sedangkan mitra menjual ke konsumen seharga Rp 4.000. &ldquo;Memang keuntungan saya sebagai supplier untuk per pieces kue lebih kecil dari mitra, tapi yang saya utamakan adalah kontinyuitas,&rdquo; lanjut Asdwin.\n\nMenjaga prinsip 4 P \n\nDalam menjalankan usahanya prinsip 4P, yaitu Product, Price, Place, and Promotion, benar benar diperhatikan Asdwin. Hal pertama yang dilakukan agar nama produk menancap di benak konsumen adalah membuat brand yang menarik. Ia sengaja menggunakan jasa desainer grafis untuk membuat logo Quemama. &ldquo;Saya memikirkan sampai detil, misalnya soal pemilihan warna. Misalnya warna oranye dipilih karena bisa menggugah selera makan, lalu paduannya dengan kuning dan cokelat supaya serasi,&rdquo; papar Asdwin yang sebelumnya bekerja di sebuah perusahaan pengeboran minyak dan gas nasional.\n\nTagline : More than just snack in the box. It&rsquo;s art, dipilih lantaran terilhami pesan sang ibu. &ldquo;Ibu saya bilang, membuat kue bukan sekedar teknik mencampur bahan-bahan sesuai resep yang ada. Membuat kue sama seperti membuat karya seni,&rdquo; katanya menirukan.\n\nDalam menentukan harga Asdwin mematok sama untuk setiap jenis kue yaitu Rp 4.000. &ldquo;Pertama kita kan paling banyak melayani pesanan snackbox. Nah jika harga satu box Rp 13.500, konsumen bebas memilih tiga jenis kue apa saja seharga Rp 12.000, sisanya yang Rp 1.500 adalah air mineral dan box-nya,&rdquo; terangnya.\n\nMemang sekilas terkesan mahal. &ldquo;Kami memang menyasar konsumen yang mau membeli kue dengan harga tersebut. Jadi, kualitas rasa pun harus sesuai dengan harga itu,&rdquo; kata Asdwin.\n\nAsdwin juga mengalokasikan dana tersendiri untuk promosi. Setiap mengikuti pameran, Asdwin selalu menyediakan kue gratis bagi para pengunjung. Adapula bonus beli 5 gratis 1 agar konsumen mau jadi pelanggan tetap. Selain melalui pameran dan website, pendekatan dengan berbagai komunitas diakui sangat efektif karena melalui event-event yang diadakan beragai perusahaan, Quemama selalu mendapat bagian sebagai penyedia konsumsi.\n\nBulan Ramadhan kemarin, Quemama mendapat pesanan dari Pertamina untuk menyediakan takjil 2.500 box /hari di 50 SPBU di Jabodetabek dan Bandung. &ldquo;Saya menyediakan takjil selama 28 hari penuh. Karena saya harus berbagi keuntungan dengan mitra, akhirnya saya bagi sesuai daerah masing-masing. Untuk mitra di Bandung melayani kebutuhan untu 10 SPBU, mitra di Tangerang kebagian 6 SPBU, mitra di Bogor dapat 3 SPBU, di Bekasi 1 SPBU, sedangkan sisanya 30 SPBU di Jakarta saya yang pegang. Dengan begitu mitra merasa terbantu omsetnya,&rdquo; jelas pria kelahiran 17 Maret 1976 ini bersemangat.','snack','6263351a2f7d1a0a66369eb3ce0063f9','articles','articles:post','articles:posts','26','articles/2013/07/quemama-jaminan-pengalaman-dalam-pembuatan-snackbox','admin/articles/edit/26','admin/articles/delete/26',NULL),(321,'Edisi 37','3 Tahun Idebisnis\n\nJuni 2013 ini, tanpa terasa, majalah ini menapak tahun ke 3. Seperti halnya bocah, kami terus belajar berjalan agar bisa berdiri tegak dan melangkah lebih mantap. Untuk itu, kami terus berbenah. Tampilan muka (cover) menjadi sasaran pertama yang kerap kami poles dan ubah. Di awal terbit, hingga kurun waktu setahun, kami memilih sosok artis sebagai gambar sampul. Alasannya, wajah yang familiar bisa menjadi daya tarik bagi pembaca.\n\nNamun kemudian terpikir, mestinya bukan keartisannya yang ditonjolkan, melainkan sosok wirausahanya. Sejak itu, pelaku usaha orang biasa mulai muncul, menghiasi sampul majalah ini. Memasuki tahun ke 3, konsep cover kembali dipertajam. Sosok yang muncul &ldquo;didandani&rdquo; sesuai usaha yang digeluti. Maka ketika kami menurunkan laporan utama tentang resto bernuansa kungfu. Foto cover menampilkan pemilik usaha bergaya kungfu.\n\nDi halaman dalam, kami juga melakukan reorganisasi, menyatukan rubrik dengan bahasan yang sama. Kini kami berkonsentrasi pada 3 hal yang berdasar survei paling disukai pembaca. Yakni laporan utama, peluang usaha, dan tips serta trik.\n\nBegitulah, kami menata, untuk memuaskan Anda, para pembaca.',NULL,NULL,'magazine','magazine:magazine','magazine:magazines','3','magazine/2013/06/edisi-37','admin/magazine/edit/3','admin/magazine/delete/3','a2c1557e47e0507'),(206,'CV. Organik Agro Indonesia: Dolar Dari Briket Tempurung Kelapa',' Bahan bakar fosil yang berlimpah pun murah, sempat membuat manfaat arang dipandang sebelah mata. Namun, pada gilirannya ketersediaan bahan bakar fosil kian menyusut, peluang manis ramah lingkungan arang sebagai sumber bahan bakar alternatif mulai dilirik.&nbsp; Menurut Agung Anggoro M.sc, pengusaha briket arang tempurung kelapa di Medan peluang ekspor briket tempurung kelapa terbuka lebar. Begitu pun dengan ketersediaan bahan baku di Indonesia.&nbsp; &ldquo;Permintaan briket besar dari Timur Tengah, dan berpotensi besar dipasarkan ke Eropa,&rdquo; kata Agung.\n\nSebelum memulai usaha ini, Agung menggeluti profesi sebagai produsen pupuk berbahan cangkang kelapa sawit.&nbsp; Ia juga menuturkan bahwasannya, bisnis briket kelapa dan briket cangkang kelapa sawit masih jarang ditekuni.&nbsp; Sehingga untuk saat ini tingkat persainganya masih kecil. Disamping itu, ketersediaan bahan bakunya sangat berlimpah. &ldquo;Di daerah sumatera dan Jawa banyak diproduksi kelapa dan kelapa sawit,&rdquo; papar Agung.\n\nDibutuhkan 500 ton / bulan\n\nUntuk memenuhi permintaan ekspor, baku mutu yang diberlakukan ketat. Jadi spesifikasi yang diinginkan oleh konsumen harus ditepati. Setiap negara memiliki standar mutu briket berlainan. Anda bisa menyesuaikan mutu produk dengan kebutuhan negara yang akan dibidik sebagai target pasar. Syarat utama mutu diantaranya yaitu tidak banyak mengandung serat dan memiliki daya tahan pembakaran selama 1 &ndash; 2 jam. Menurut pengakuan Agung, kualitas produk briket tempurung kelapa nasional tak kalah dengan mutu briket tempurung kelapa buatan bangsa asing.&nbsp; Bahkan dari segi kapasitas bahan baku, Indonesia termasuk negara berpotensi besar sebagai pemasok briket tempurung kelapa.\n\nAgung memaparkan, saat ini daya serap pangsa pasar ekspor briket tempurung kelapa sebesar 500 ton / bulan. Permintaan terbesar berasal dari Timur Tengah. Untuk memenuhi kebutuhan kawasan tersebut, terbuka ceruk &nbsp;sebesar &nbsp;300 ton / bulan. Pria bertutur kata santun ini mengaku mampu memproduksi briket tempurung kelapa sebanyak 4 &ndash; 5 ton&nbsp; / hari. Briket arang kelapa itu dijual seharaga Rp 5.000 / kg untuk pangsa pasar lokal. Sementara harga jual ekspor sebesar 500 Dolar Amerika &ndash; 530 Dolar Amerika / ton.\n\nBeberapa negara yang telah berhasil ditembus meliputi: Yunani, Mediterania, Bulgaria, India dan Latvia. Negara-negara tersebut memanfaatkan briket arang untuk memenuhi keperluan rumah tangga. Di timur Tengah, briket arang kalapa dipasarkan di supermarket. Sementara di dalam negeri, briket tempurung kelapa &nbsp;berpotensi sebagai sumber energi pengganti minyak, juga bisa dimanfaatkan sebagai pemanas kandang unggas dan pemanas (boiler) di pabrik kelapa sawit.\n\nAgar dapat menembus pasar dalam negeri, Agung melakukan edukasi terlebih dulu kepada calon konsumen. Sementara pasar luarnegeri ia tembus secara online melalui internet. &ldquo;Pangsa pasar dalam negeri memang belum banyak. Padahal, banyak keuntungan yang bisa diperoleh dari briket arang kelapa,&rdquo;&nbsp; katanya. Briket arang kelapa tidak menghasilkan asap. Balok briket berukuran 5 cm dapat bertahan selama 2 jam.&nbsp;\n\nDulu, sebelum dutemukan arang tempurung kelapa, Indonesia banyak mengekspor arang kayu bakau. Namun dikarenakan ekploitas yang berlebihan, hutan bakau banyak mengalami kerusakan. Sehingga saat ini pemerintah telah melindungi tanaman pencegah erosi pantai itu. Briket arang tempurung kelapa lebih tahan lama bila dibanding briket cangkang kelapa sawit. Sebab, cangkang kalapa sawit lebih banyak mengandung serat daripada briket tempurung kelapa (Teguh).','arang, briket, kelapa, kualitas tempurung, sawit, tempurung kelapa','81f4319feac84283d70751beadf1db14','articles','articles:post','articles:posts','18','articles/2013/07/cv-organik-agro-indonesia-dolar-dari-briket-tempurung-kelapa','admin/articles/edit/18','admin/articles/delete/18',NULL),(514,'Gambaran Umum Kabupaten Karo','',NULL,NULL,'pages','pages:page','pages:pages','14','gambaran-umum-kabupaten-agam','admin/pages/edit/14','admin/pages/delete/14',NULL),(563,'Visi Misi BPMPTSP','',NULL,NULL,'pages','pages:page','pages:pages','12','visi-misi-bpmptsp','admin/pages/edit/12','admin/pages/delete/12',NULL),(549,'Struktur Organisasi','',NULL,NULL,'pages','pages:page','pages:pages','13','struktur-organisasi','admin/pages/edit/13','admin/pages/delete/13',NULL),(222,'Lawson: Garap Pasar Convenience Store Di Indonesia','&nbsp; Kehadiran Lawson sendiri menurut M. Deni Firmanto, Franchise Manager PT Midi Utama Indonesia Tbk (Midi) bukan lantaran ingin menjadi pesaing 7-Eleven di kancah retail convenience store. &ldquo;Tapi kita melihat peluang pasar di convenience store cukup besar, pemainnya baru satu. Itu yang membuat kami tertarik menghadirkan waralaba asal Jepang ini ke sini,&rdquo; jelas Deni, panggilannya. Sebenarnya, tambah Deni, ada satu pemain lagi yaitu Circle K. Tapi Circle K lebih banyak bermain pada kawasan tertentu saja. Khususnya di Bali.\n\nConvenience store merupakan toko pengecer yang menjual item produk tertentu yang terbatas, dalam hal ini makanan dan minuman pada tempat yang nyaman dengan jam buka yang panjang. Karena itu dalam bentuk fisik, selain ada gerai tertutup yang menjual makanan dan minuman, juga dilengkapi meja dan kursi untuk menikmatinya. Izin usaha Lawson didapat dari Kementerian Perdagangan RI. Izinnya sama dengan pendirian kafe atau resto.\n\nSukses di Jepang\n\nLawson di negara asalnya sendiri, Jepang, merupakan convenience store yang paling banyak gerainya. Setelah sukses di Jepang, Lawson melebarkan sayap waralabanya ke Vietnam, China dan beberapa negara di Asia. &ldquo;Lawson di Jepang kemudian tertarik untuk ikut berinvestasi di Indonesia, karena penduduknya yang banyak. Tapi karena peraturan di Indonesia waralaba asing tidak boleh langsung membuka gerainya, mereka kemudian bekerjasama dengan kita,&rdquo; jelas Deni. Tentu saja, bagi Midi sendiri ini merupakan peluang yang menjanjikan.\n\nUntuk Lawson Indonesia, kepemilikan sahamnya 30% dimiliki Lawson Jepang, 10% dimiliki umum (karena Midi sudah berbentuk perusahaan terbuka) dan saham sisanya dimiliki oleh Midi. Meski bentuk dan pasar yang dituju dengan 7-Eleven sama, dalam penyajiannya kedua bentuk convenience store ini berbeda. Bila 7-Eleven lebih banyak menampilkan makanan western (barat), Lawson menyajikan makanan asal Jepang, seperti model makanan bento atau oden, rebusan daging yang sehat terasa hangat dinikmati dengan kuahnya. Maklum saja memang, asal kedua gerai ini berbeda. 7-Eleven berasal dari Amerika Serikat, sedangkan Lawson dari Jepang.\n\nSejak Juli 2011, sudah lebih dari 10 gerai Lawson berdiri di sekitar Jakarta, Depok dan Tangerang. Gerai pertama berdiri di daerah Kemang, Jakarta Selatan. &ldquo;Kenapa pilih Kemang? Karena di sana, kita lihat ada komunitas orang-orang bule di sana. Begitu juga saat kita mendirikan gerai ini dekat kampus Universitas Mercubuana (Jakarta Barat) atau Kampus Gunadharma (Jakarta Timur). Kita ingin menyasar komunitas mahasiswa di sana yang senang nongkrong,&rdquo; papar Deni.\n\nSasar Komunitas\n\nMemang untuk pasar yang dituju, Deni menandaskan menyasar pada komunitas usia produktif. Untuk usia sekitar 18-40 tahun. Tidak terbatas pada kalangan mahasiswa, atau orang-orang yang senang berkumpul, tapi juga para pekerja kantoran dan ibu-ibu rumah tangga, yang senang hidup praktis dan simpel. Karena itu dipilihlah, lokasi-lokasi yang memang berdekatan dengan pasar yang dituju. Tempat-tempat umum yang strategis di daeran perkotaan, juga kawasan rest area.\n\nSampai akhir 2012 nanti, mengutip pernyataan Suantopo Po, Finance Director dan Corporate Secretary Midi pada beberapa media, rencananya akan berdiri sebanyak 100 gerai. Semua gerai tersebut masih dibuat sendiri oleh Midi. &ldquo;Hal ini berkaitan dengan peraturan yang dibuat oleh pemerintah, bahwa untuk waralaba asing baru bisa dishare ke masyarakat setelah 2 tahun,&rdquo; ucap Deni. Karena itu, Lawson sendiri rencananya baru bisa diwaralabakan sekitar awal tahun 2013. Padahal saat ini, tambah Deni, sudah sudah banyak pihak yang mengajukan diri untuk menjadi mitra Lawson.\n\nMeski kemitraannya baru mulai tahun depan, pihak Midi sudah rajin mengadakan berbagai macam promosi. Ini dimaksudkan untuk penetrasi pasar. Di gerai Lawson sendiri juga, sering diadakan berbagai macam kegiatan bekerjasama dengan perusahaan rokok. Ini untuk lebih mengenalkan Lawson ke masyarakat.\n\n&ldquo;Untuk nilai investasi Lawson, saat ini masih kita godok berapa nilai yang tepat,&rdquo; ucap Deni. Sebelumnya Suantopo dalam pernyataan di berbagai media menyebutkan angka investasi sebesar Rp 2 miliar &ndash; Rp 3 miliar. Deni sendiri mempethitungkan, investasi sebesar itu sudah termasuk dengan biaya sewa dan pembangunan tempat. Tapi kalau diluar masalah tempat tersebut, Deni memperkirakan investasi kemitraan yang akan dipakai dibawah Rp 1 miliar. Rencananya hubungan kemitraan dilakukan selama 5 tahun.\n\nWaralaba Murni\n\nKemitraan Lawson yang hendak dijalankan dalam bentuk waralaba murni. Dimana pihak franchisee (mitra) hanya akan membeli sistem usaha dan mereknya. Meski tetap diberikan pendampingan usaha. Jadi seperti beli putus. Produk makanan yang hendak dijual dibeli dari pihak Lawson pusat. Lawson Indonesia sendiri mengimpor makanan tersebut langsung dari Jepang. Jadi maju mundurnya gerai, tergantung dari si franchisee sendiri.\n\nHal ini tentu saja berbeda dari waralaba minimarket atau supermarket, sepertia Alfamart atau Alfamidi. &ldquo;Mereka lebih banyak berlaku seperti investor yang menanamkan investasinya diawal usaha, kemudian tiap bulan meneriman hasil pendapatannya. Sementara yang mengelola usahanya adalah kita,&rdquo; jelas Deni. Meski belum popular di Indonesia, ia yakin sistem waralaba murni ini bisa berjalan di Indonesia.\n\n\n	Lawson merupakan waralaba asal Jepang. Di Indonesia, waralaba ini menggandeng PT Midi Utama Indonesia Tbk sebagai master franchise.\n	Nilai investasi berkisar di atas Rp 500 juta &ndash; Rp 2 miliar\n	Lawson menjual makanan sehat khas Jepang. Semua bahan baku diimpor dari Jepang.\n	Lokasi yang dipilih untuk dijadikan tempat usaha, berada di daerah perkotaan. Dekat dengan keramaian dan lingkungan komunitas. Seperti kampus, kawasan ex-patriat, rest area dan lain-lain.\n\n\nKontak\n\nPT Midi Utama Indonesia Tbk\n\nJl. MH. Thamrin No.9 Cikokol\n\nTangerang 15117\n\nTelp: (021) 5543445\n\nFaks: (021) 5549505\n\nwww.alfamidiku.com','convenience store, jepang','057a2dec87ce0153ca5eda3bb4b9a9b5','articles','articles:post','articles:posts','20','articles/2013/07/lawson-garap-pasar-convenience-store-di-indonesia','admin/articles/edit/20','admin/articles/delete/20',NULL),(223,'Bengkel Sepeda Motor Mr. Montir: Memetik Laba Di Tahun Kedua','&nbsp; Jumlah sepeda motor yang beroperasi di Indonesia saat ini sekitar 87 juta unit. Dengan asumsi setiap unit sepeda motor harus menjalani servis setiap 1,5 bulan dan setiap bengkel mampu melayani 1.000 unit sepeda motor per bulan, dibutuhkan 58.000 bengkel. Sementara, jumlah bengkel resmi (Honda, Yamaha, Suzuki) yang ada hanya sekitar 7.000 bengkel. Artinya, masih dibutuhkan sekitar 51.000 bengkel lagi. Saat ini jumlah bengkel umum mungkin sudah mencapai 51.000, atau mungkin malah lebih. Namun, bagaimana pelayanan bengkel-bengkel tersebut? Umumnya, tidak sebaik bengkel resmi.\n\nPeluang inilah yang mendorong PT Techno Motor Indonesia (TMI) mewaralabakan bengkel sepeda motor Mr. Montir. Okto Larido, Direktur Operasional Mr. Montir, menyatakan, sejak diwaralabakan pada 2009, sudah ada 48 bengkel yang telah menggunakan nama Mr. Montir, empat bengkel di antaranya milik pemberi waralaba.\n\nDukungan Dari Perencanaan Hingga Operasional\n\nUntuk membuka bengkel sepeda motor Mr. Montir, perlu biaya investasi Rp 250 juta &ndash; Rp 350 juta. Dengan investasi sebesar itu pemberi waralaba akan menyiapkan semua keperluan usaha bengkel, dari studi kelayakan, penyiapan bengkel dan kelengkapannya (bangunan, sistem administrasi, peralatan, suku cadang), penyiapan sumber daya manusia (SDM) sampai siap bekerja, hingga promosi.\n\nKonsep bengkel sepeda motor Mr. Montir adalah menyatukan keunggulan bengkel motor resmi (mekanik yang terlatih, peralatan lengkap dan ramah lingkungan, suku cadang lengkap dan orisinal, serta fasilitas lengkap dan nyaman) dan keunggulan bengkel sepeda motor umum (ongkos murah, melayani semua merek sepeda motor, serta menyediakan banyak merek suku cadang dan oli). Bengkel ini juga didukung manajemen profesional untuk menangani bidang administrasi, pemasanan, dan SDM. &ldquo;Jadi, ketika orang membuka bengkel umum (dengan nama Mr. Montir), di belakangnya ada perusahaan yang mem-back up semuanya,&rdquo; ujar Okto berpromosi.\n\nPenerima waralaba akan dibantu dalam pembangunan bengkel, mulai dari analisis lokasi bengkel hingga bengkel siap beroperasi. Penerima waralaba juga mendapat dukungan perekrutan dan pelatihan untuk mekanik dan non-mekanik dari PT Techno Motor Academy, sekolah teknik sepeda motor yang merupakan salah satu unit usaha TMI. &ldquo;Sekolah ini sifatnya independen. Kalau calon karyawan dites tidak lulus ya tidak bisa dipakai, titik!,&rdquo; tegas Okto.\n\nUntuk menjalankan aktivitas bisnis, bengkel dilengkapi dengan sistem teknologi informasi berbasis internet. Setiap aktivitas yang melibatkan suku cadang dan uang langsung dicatat. Dengan sistem tersebut, setiap hari penerima dan pemberi waralaba bisa membaca laporan laba-rugi. &rdquo;Ketika bisnis ini dijalankan sesuai dengan standart operational procedure (SOP), semuanya terukur, terarah, dan menjaga owner dari hal-hal yang merugikan,&rdquo; tutur Okto.\n\nBegitu semua sistem bengkel sudah siap, pemberi waralaba juga bertanggungjawab untuk melakukan launching dan promosi. &ldquo;Ketika soft launching, belum ada serah-terima dengan pemilik bengkel,&rdquo; ungkap Okto. Tujuan soft launching ini untuk melihat apakah SDM dan sistem di bengkel sudah berfungsi baik. Setelah semuanya berjalan baik, grand launching dilakukan selama lima hari. Program promosi pun diluncurkan oleh pemberi waralaba. Setelah grand launching berjalan baik, serah terima dilakukan kepada penerima waralaba.\n\nHasilnya, sebuah bengkel sepeda motor umum yang beroperasi layaknya bengkel resmi. Saat bengkel beroperasi, pemberi waralaba masih melakukan supervisi. Pada setiap bengkel akan dilekatkan seorang business controller (BC). Tugasnya, melakukan pengecekan terhadap pelaksanaan SOP, mendampingi kepala bengkel melakukan promosi, serta melakukan kunjungan dan pertemuan dengan manajer dan pemilik bengkel secara rutin.\n\nDengan dukungan total dari pemberi waralaba itu diharapkan biaya investasi penerima waralaba kembali dan mulai memetik hasil setelah tahun kedua.','bengkel, sepeda motor','f950994554d672e82570316860cc0238','articles','articles:post','articles:posts','22','articles/2013/07/bengkel-sepeda-motor-mr-montir-memetik-laba-di-tahun-kedua','admin/articles/edit/22','admin/articles/delete/22',NULL),(224,'Waralaba Sticky Indonesia','&nbsp; Franchise asal Australia yang berdiri sejak tahun 2001 ini mulai merambah Indonesia pada Desember 2011 lalu. Selain di Indonesia, Sticky juga hadir di beberapa negara seperti Singapura, Hongkong, Malaysia, dan Amerika Serikat. Di Indonesia sendiri, Sticky masih berada di bawah naungan PT Gading Food, sebuah perusahaan yang bergerak dalam pengelolaan resto dan gerai makanan di Indonesia yang juga menjadi pemegang lisensi Sticky Indonesia.\n\nSeperti yang terlihat di Mall Taman Anggrek, Jakarta Barat, interior Sticky tampak ceria dengan pernak-pernik berwarna cerah. Tak heran jika gerai ini terlihat mencolok di antara gerai lainnya. Atraksi para pembuat permen (candy maker) yang tengah memainkan adonan gula secara manual pun menjadi daya tarik tersendiri bagi pengunjung.\n\nGerai Sticky memang tak pernah sepi. Pengunjung yang awalnya hanya melihat-lihat kesibukan para candy maker yang good looking itu, pada akhirnya tergoda juga untuk membeli permen buatan Sticky. Bahkan menurut pengakuan Marketing &amp; Promotions Manager Sticky Indonesia Juliwina, sebelum membeli Sticky, banyak pengunjung yang minta foto bareng dengan para candy maker. Memang, ini adalah strategi andalan Sticky untuk menggaet pelanggan.\n\nUniknya, pembuatan permen secara tradisional ini dikolaborasikan dengan keterampilan khusus, seperti teknik memahat dan menghibur pengunjung. Dengan tangkas, para candy maker mengolah adonan gula yang telah matang di atas cooling table. Setelah dicampur dengan perasa dan pewarna makanan, adonan tersebut diuleni dan dibentuk memanjang berdasarkan susunan warna menyerupai batang bambu, untuk kemudian dipotong kecil-kecil. Agar lebih menarik, tiap potongan permen selalu dihias dengan gambar-gambar lucu ataupun tulisan. Alhasil, lapisan luar permen tampak berwarna-warni sedangkan bagian dalamnya putih bergambar. Meskipun bentuk dan gambarnya tidak sama persis, namun nilai seninya begitu terlihat. Hal ini karena permen Sticky dibuat langsung menggunakan tangan manusia.\n\n&ldquo;Sticky terbuat dari campuran gula pasir, air, pewarna, dan perasa makanan alami, tanpa pengawet dan tanpa perekat (gluten). Aman dikonsumsi segala usia. Dan satu lagi, meskipun sebenarnya gula itu tidak ada masa expired, namun disarankan permen Sticky dikonsumsi paling lama enam bulan setelah kemasan dibuka,&rdquo; himbau Juli.\n\n&nbsp;\n\nHabiskan 70 kg &ndash; 100 kg Gula Pasir Per Hari\n\nAda dua jenis permen yang ditawarkan Sticky, yakni rock candy dan lolipop. Semua dikreasikan dalam 200 varian bentuk dan rasa, mulai dari buah-buahan, kopi, mint dan lain-lain. Harga per kemasan mulai Rp 12.000 &ndash; Rp 89.000, untuk ukuran 35 gram &ndash; 225 gram. Selain berisi satu jenis permen, ada juga kemasan yang berisi rasa campuran.\n\nSetiap harinya, gerai Sticky mampu mengolah sekitar 70 &ndash; 100 kg gula pasir untuk dijadikan permen. Meskipun enggan menyebutkan nominal omzetnya, namun diperkirakan pendapatan per harinya mencapai jutaan rupiah. &ldquo;Karena handmade, apapun kita bisa bikin sesuai permintaan customer. Misalnya motif dan inisial huruf. Bahkan, banyak customer yang memesan Sticky untuk dijadikan suvenir pernikahan. Sejak pertama kali buka, kami sudah menerima lebih dari ribuan order, dengan batasan minimum pemesanan adalah 6 kg,&rdquo; jelasnya.\n\nTawarkan Kemitraan\n\nKini, Sticky Indonesia telah membuka tiga cabang baru di Living World Serpong, Kuningan Jakarta Selatan, dan Bandung.&nbsp; &ldquo;Jika ada calon investor yang ingin bergabung menjadi mitra Sticky, ada beberapa persyaratan yang memang ketat dari kami. Sebab, jika ada satu pemegang franchise yang tidak menjalani kewajibannya dengan baik atau menyalahgunakan peraturan, maka yang akan kena dampaknya adalah seluruh gerai Sticky yang lebih dulu berdiri. Itu mengapa hampir dua tahun kami berdiri, belum ada calon investor yang sesuai dengan standar yang telah ditetapkan oleh Sticky. Yang mendaftar sangat banyak, tapi setelah diseleksi, ternyata masih belum ada yang tepat,&rdquo; urainya.\n\nJuli menambahkan, jika berminat, calon investor bisa langsung menghubungi manajemen Sticky Indonesia. Mengenai angka investasinya pun Juli tidak bisa menyebutkan karena beberapa alasan. &ldquo;Tim kami akan kembali menghubungi calon investor untuk wawancara mengenai data diri, background bisnis mereka sebelumnya, alasan mereka ingin mengambil franchise Sticky, dan project ke depannya setelah ia membuka Sticky, serta apakah dia sudah memilih lokasi yang tepat untuk membuka gerai Sticky?&rdquo; terangnya panjang lebar.\n\nDiakuinya, kebanyakan setelah melewati beberapa tahapan seleksi, calon investor banyak yang berguguran. &ldquo;Komitmen franchise itu kan harus dijalani selama lima tahun, sehingga kalau hanya setengah hati kami takut akan berhenti di tengah jalan,&rdquo; ungkapnya.\n\nLokasi memang menjadi faktor penting, sebab Sticky hanya akan memilih lokasi di mana kelasnya harus premium. &ldquo;Kami lebih mengutamakan lokasi yang berada di mal premium. Pengunjung yang datang ke mal kecil bukan tidak mungkin membeli Sticky, namun daya belinya yang kita lihat. Daripada brand kita rugi lalu tutup. Image seperti itulah yang akhirnya kami hindari. Kami sangat melihat jangka panjang. Investasi tebesar Sticky adalah di peralatan dan main power. Kami sangat menjaga itu. Jangan sampai setelah mengeluarkan investasi yang cukup besar, investor merasa dirugikan karena usahanya berhenti di tengah jalan,&rdquo; katanya memberi alasan.','candy, handmade, live candy making','ba516881892130e54cadc7c0e1b35d76','articles','articles:post','articles:posts','23','articles/2013/07/waralaba-sticky-indonesia','admin/articles/edit/23','admin/articles/delete/23',NULL),(209,'PT Joy International: Rupiah dari Bahan Bakar Jel',' Selama ini, industri katering menggunakan pemanas berbahan bakar spiritus saat menyajikan masakan dalam sebuah pesta atau untuk keperluan hotel. Namun, wujud spiritus yang cair membuat banyak pelaku usaha katering mengeluhkan penggunaan bahan bakar ini, yakni gampang menguap, kurang praktis, dan kurang ekonomis. Atas dasar itu Achmad Ferdiansyah, bersama Ahmed Tessario, mulai meneliti bahan bakar yang tidak cepat menguap ketika kontak dengan udara. Setelah melakukan penelitian selama dua bulan, mereka menemukan formula yang cocok untuk penggantikan spiritus. Ia membuat bahan bakar baru berwujud jel. Bahan dasarnya, alkohol 80% dan bahan pengental. Bahan bakar tersebut&nbsp; dikemas dalam kaleng bekas kemasan susu kental manis. &ldquo;Penggunaan kaleng bekas ini untuk mengurangi pencemaran lingkungan,&rdquo; kata Ferdiansyah. Ia kemudian menamai bahan bakal ini Green Flame.\n\nBahan bakar berwujud jel ini tidak akan menguap ketika dalam keadaan tertutup baik. &ldquo;Distributor ataupun end user tidak perlu ragu untuk menyimpan stok banyak dalam waktu yang lama,&rdquo; tuturnya.\n\nBerkat ciptaannya, Ferdiansyah mendapat berbagai penghargaan. Di antaranya juara 2 Mandiri Young Technopreneur (2011), juara 2 Kompetisi Bisnis Technopreneur Inovasi Untuk Kesejahteraan Rakyat dari Kementerian Riset dan Teknologi RI (2011), dan Special Award &ndash; Inspiring Business - E-Ideas dari British Council Indonesia (2011).\n\n20 DISTRIBUTOR\n\nFerdiansyah tidak hanya mencipta. Ia juga melihat protensi pasar yang begitu besar untuk ciptaannya. Maka, ia segera memproduksinya pada April 2011 dengan modal awal sekitar Rp 14 juta. Produk pertamanya sebanyak 100 kaleng. Produk itu ternyata bisa dijual dengan mudah. &ldquo;Ini sangat luar biasa, dan membuat kami yakin bahwa produk kami dapat diterima oleh pasar,&rdquo; tuturnya. Kini, produk yang ditawarkan telah dibuat menjadi dua macam, dalam bentuk kaleng dan dalam bentuk refill untuk tungku mini.\n\nUntuk memasarkan, Ferdiansyah menggunakan jaringan distributor yang menguasai satu kota atau kabupaten tertentu. Para distributor ini kemudian mencari rekanan agen di wilayahnya. Pola ini dipilih agar ia bisa melakukan penetrasi pasar secara efektif dan efisien. &ldquo;Hanya orang-orang yang mengerti daerah itulah yang dapat mengerti pasar tersebut sehingga percepatan bisnis ini dapat tinggi,&rdquo; jelasnya.\n\nFerdiansyah pun mempersiapkan sistem bisnisnya. &ldquo;Kami merancang pola distribusi dengan share keuntungan yang menarik sehingga semua orang berkesempatan menjual produk Green Flame di daerahnya masing-masing,&rdquo; tambahnya.\n\nPola bisnis yang ia pilih ternyata cukup berhasil. Jumlah distributornya terus meningkat. Sampai awal Juni 2013 telah ada 20 distributor di seluruh Indonesia. Mereka di antaranya berada di Surabaya, Malang, Jember, Yogyakarta, Solo, Bandung, Jakarta, Tangerang, Bekasi, Depok, Palembang, Makassar, Balikpapan, Samarinda, dan Pontianak.\n\nDari usaha ini, kini Ferdiansyah bisa meraih omzet 10.000 unit kaleng dan refill untuk stove per bulan, sebagian besar berupa Green Flame kaleng. Menurut Ferdiansyah, tingkat keuntungan bersih yang ia dapatkan sekitar&nbsp; 30%. Ia mematok harga untuk para distributor Rp 250.000 per dos. Setiap dos berisi 100 kaleng. Sampai di pengguna akhir, Green Flame dijual dengan harga Rp 350.000 per dos. Sementara, stove Green Flame ia jual pada distributor seharga Rp 25.000 per unit dan distributor akan menjual ke pengguna akhir seharga Rp 45.000 per unit.\n\nPASAR SANGAT LUAS\n\nMemperkenalkan produk baru memang tidak gampang. Itulah yang dirasakan Ferdiansyah ketika memulai usaha ini. Masih banyak pengusaha katering yang belum mau menggunakan produknya. Sempat pula muncul rasa pesimis karena ada produk sejenis dengan harga lebih murah.\n\nNamun, berbekal tekad yang besar Ferdiansyah berkeliling Surabaya untuk menawarkan produk menggunakan sepeda motor. Untung tak dapat diduga. Ada seorang pengusaha katering yang memesan dua dos (200 kaleng) dan harus diterima sore harinya. &ldquo;Karena sangat gembira saya langsung pulang mengambil stok barang. Saya tidak menyadari kalau dengan hanya satu sepeda motor saya tidak mungkin membawa dua dos tersebut. Tapi karena sangat gembira, saya tetap memaksa untuk dapat mengangkut dua dos dalam satu motor.&rdquo;\n\nFerdiansyah yakin, bisnis bahan bakar jel ini dapat berkembang pesat dan produk dapat diterima oleh pasar. Soalnya, produk Green Flame merupakan bahan habis pakai yang penggunaannya rutin dibutuhkan. &ldquo;Sekali end user memesan maka dalam waktu tertentu mereka pasti akan memesannya kembali. Hal ini tentunya mampu menjaga pemasukan rutin bagi agen dan distributor,&rdquo; ujarnya.\n\nPasar produk Green Flame juga sangat luas. Mulai dari pengusaha katering, hotel, rumah makan, sampai TNI/Polri. Selain itu, pencinta alam dan pramuka, laboratorium penelitian, toko penyedia alat masak bagi pengusaha katering, dan toko bangunan yang biasa menjual spiritus juga menjadi target pasar bahan bakar ini. Target pasar tesebut mudah sekali didapatkan di setiap daerah dan jumlahnya juga sangat banyak.\n\nUntuk memikat dan memperbanyak pelanggan, Ferdiansyah selalu mendatangi pelanggan satu per satu dan memberikan edukasi kepada mereka. Ia juga menanyakan masukan untuk memperbaiki produknya. &ldquo;Setelah dilakukan edukasi tentang produk yang kami tawarkan, banyak pelanggan kami yang merasa puas dengan produk kami.&rdquo; Dari sini, kepercayaan diri terus menerus tumbuh untuk memasarkan produk ini. (Gede).\n\nLEBIH EKONOMIS\n\nGreen Flame bisa menutupi kelemahan spiritus. Beberapa kelebihannya dibadingkan dengan bahan bakar spiritus di antaranya:\n\n\n	Lebih hemat 30% dibandingkan dengan spiritus karena proses pembakarannya lebih lambat. Satu Green Flame dapat menyala selama 2,5 &ndash; 3 jam.\n	Lebih praktis karena dikemas di dalam kaleng.\n	Apinya berwarna biru bersih sehingga tidak merusak chafing dish (wadah makanan prasmanan).\n	Mudah dan aman untuk didistribusikan karena dikemas dalam kaleng.\n	Bisa disimpan dalam waktu lebih lama karena tidak akan menguap ketika dalam keadaan tertutup baik.\n','bahan bakar, green flame, jel, pengganti spirtus, rupiah','0e06f08fd586e32e6484ddcf2b6adeda','articles','articles:post','articles:posts','24','articles/2013/07/pt-joy-international-rupiah-dari-bahan-bakar-jel','admin/articles/edit/24','admin/articles/delete/24',NULL),(328,'Sekolah Putik: Berbasis Nilai Lokal, Mendidik Anak Mandiri','&nbsp;Sekolah Putik didirikan oleh Nina Estanto (40), pada tanggal 7 April 2002. Ide ini muncul terdorong keprihatinannya akan sistem pendidikan prasekolah di tanah air, yang menurutnya tidak tepat. Suatu ketika Nina hendak memasukkan putri pertamanya ke tingkat prasekolah. &rdquo;Saya sudah berkeliling menyurvei hampir semua sekolah, namun tak ada yang sesuai dengan idealisme saya. Semua hanya menawarkan janji agar anak bisa secara instan menguasai bahasa asing, teknologi internet, dan sebagainya,&rdquo; ujar Nina. &ldquo;Anak-anak bukanlah mesin yang bisa diatur untuk menuruti kemauan orang tua,&rdquo; tambah wanita yang pernah bekerja sebagai jurnalis media cetak ini. Menurutnya, anak bisa jenuh dan kehilangan minat belajar jika di usia dini sudah dipaksa untuk berpikir. Apalagi menguasai berbagai bahasa di usia yang belum waktunya.\n\nSebelumnya Nina sempat ikut sang suami, Bob Dafonso Estanto yang berdinas di Skotlandia. Sambil menemani sang suami, Nina melanjutkan pendidikan jurnalistik di University of Strathclyde. Pengalamannya tinggal di negeri orang, memberi pelajaran berharga. Hatinya terketuk saat menemukan fakta baru tentang pola pendidikan anak usia dini. Di Inggris, anak-anak usia balita tidak dipaksa untuk belajar baca tulis. Mereka justru diajarkan tentang kemandirian. Misalnya bagaimana cara memegang roti atau sendok supaya bisa makan sendiri, bagaimana memakai sepatu, toilet training, bagaimana mereka bisa bersosialisasi dengan teman. Kebanyakan orang tua di sana tidak menerapkan gaya pendidikan modern, tapi justru menerapkan budaya lokal sejak dini. &ldquo;Seperti contohnya, anak-anak dibiasakan mengucapkan kata&quot;please&quot; jika ingin meminta sesuatu dari orang lain,&rdquo; lanjutnya.\n\nSekolah Berbasis Nilai Lokal\n\nDalam proses belajar-mengajar Sekolah Putik lebih menerapkan aspek-aspek sosial, emosional, budi pekerti, dan agama. Awalnya pendidikan prasekolah Sekolah Putik berdiri dengan modal sekitar Rp 200 &ndash; Rp 300 juta. Uang itu digunakan untuk merombak sebuah ruangan kosong di samping rumah orang tuanya menjadi kelas, beserta segala peralatan belajar mengajar. &ldquo;Saya rangkul teman-teman saya dari jurusan psikologi dan teman yang sudah berpengalaman sebagai pengajar prasekolah anak untuk membantu program saya merintis sekolah ini,&rdquo; lanjutnya.\n\nDalam waktu kurang dari seminggu, Nina berhasil mendapatkan 20 murid. Setahun kemudian, Sekolah Putik membuka cabang baru di Jalan Binamarga Cipayung yang akhirnya kini justru menjadi sekolah pusat. Gedung sekolah yang diberi nama &ldquo;Rumah Putik&rdquo; memadukan unsur pendidikan, permainan, galeri, dan rumah modern.\n\nDi sini, para murid diajarkan nilai-nilai lokal seperti menyapa guru dengan sebutan &ldquo;Ibu&rdquo;, bukan &ldquo;Miss&rdquo;, dan menyebut pegawai lain di sekolah dengan panggilan &ldquo;Mbak&rdquo; atau &ldquo;Mas&rdquo;. Selain itu sosialisasi seperti menyapa teman dan guru setiap berpapasan, serta toilet training demi kemandirian sang anak.\n\nHasilnya, sebagian besar lulusan Sekolah Putik tampil sebagai anak yang penuh percaya diri. Salah satunya adalah Cinta Kuya (anak dari artis Uya Kuya) &ldquo;Sebagai pendiri Sekolah Putik, saya juga menjadikan anak pertama sebagai percobaan. Semua guru di sini saya pesan untuk memperlakukan anak saya layaknya murid yang lain. Saya ingin buktikan idealisme terbukti atau tidak? Ketika masuk SD, dia sama sekali tidak bisa bahasa Inggris. Tapi, seiring dengan usianya yang sudah mampu menerima bahasa asing, dengan sendirinya ia bisa menangkap dengan mudah setiap materi yang diajarkan guru,&rdquo; jelasnya.\n\nPeluang kemitraan\n\nKonsep Putik yang unik, menjadi daya tarik tersendiri bagi beberapa investor yang ingin bermitra. Namun Nina tidak sembarang menerima mitra usaha. Baginya, bermitra adalah salah satu cara untuk memperluas konsep dan metode pendidikan yang ia terapkan.\n\n&ldquo;Jika bermitra dengan Putik, jangan harap mendapat keuntungan instan. Yang terpenting adalah mempertahankan idealisme Putik dan terjun langsung dalam kegiatan operasional,&rdquo; katanya. Salah satu mitra pertama dari tahun 2005 hingga saat ini masih membuka cabang di Duren Sawit, Jakarta Timur. Untuk menjaga idealisme dan kualitas pendidikan, Nina tak segan untuk mengontrol dan mendampingi mitranya dalam kegiatan operasional.\n\nSaat ini sekolah Putik memiliki 300 siswa yang tersebar di Cipayung, Duren Sawit, dan Cinere. Atas permintaan para orang tua pula, pada 2009 berdirilah Sekolah Dasar Putik di Cipayung. &ldquo;Untuk tingkat SD, bahasa bilingual mulai kami terapkan, karena mereka sudah memiliki kemampuan untuk mempelajari bahasa lebih dari satu, misalnya Indonesia dan Bahasa Inggris,&rdquo; jelas Nina.\n\nInfo Franchise\n\nSekolah Putik Cipayung\nCP : Nina Estanto\nJl. Raya Binamarga No. 45 A\nCipayung, Jakarta Timur 13840\n​Telp : 021- 8455138','budaya lokal, pendidikan prasekolah, sekolah putik','71570b707c45760a559a7c4af63791c6','articles','articles:post','articles:posts','29','articles/2013/07/sekolah-putik-berbasis-nilai-lokal-mendidik-anak-mandiri','admin/articles/edit/29','admin/articles/delete/29','5da10340664e107'),(293,'CV. Riko Jaya','Memproduksi asap cair dengan merk Deogreen yang berkhasiat untuk penghilang bau (limbah pabrik, Sampah, WC, Perkantoran, Perumahan,&nbsp; Asap cair didapat dari pembakaran 300 kg tempurung kelapa melalui proses pirolisis dan destilasi. Proses pertama mengubah tempurung menjadi asap dengan pembakaran bersuhu 400-500 derajat C. Asap lalu didestilasi-maksudnya diembunkan, destilasi berarti mengembunkan uap hasil pembakaran, red-menjadi asap cair.',NULL,NULL,'business','business:business','business:businesses','20','business/view/cv-riko-jaya','admin/business/edit/20','admin/business/delete/20',NULL),(274,'Ocean’s Resto','Merupakan restoran yang menyajikan masakan unik fusi empat gaya memasak.&nbsp; Yaitu Indonesia, Cina, Eropa dan India, menjadi merek dagang kami sendiri.',NULL,NULL,'business','business:business','business:businesses','21','business/view/oceans-resto','admin/business/edit/21','admin/business/delete/21',NULL),(294,'PT. Pronic Indonesia','Produsen&nbsp; probiotk untuk keperluan agribisnis.&nbsp; Probiotiak adalah organisme mikroskopis yang mendukung pertumbuhan dan kesehatan dari setiap makhluk hidup. Jadi probiotik memiliki kemampuan meningkatkan kualitas hidup organisme hidup serta kualitas makanan yang mereka hasilkan.&nbsp; PT Pronic Indonesia menjual PROBIO ayam, produk daging ayam dengan keterlibatan Probiotik dalam sistem peternakan. Perusahaan mulai menjualnya dalam jumlah terbatas di outlet tunggal salah satu dari Supermarket Eksklusif.',NULL,NULL,'business','business:business','business:businesses','22','business/view/pt-pronic-indonesia','admin/business/edit/22','admin/business/delete/22',NULL),(276,'PT. Campina Ice Cream Industry','Produsen Ice cream. Selalu melakukan &nbsp;riset untuk mengembangkan varian produk demi menyesuaikan berbagai segmen pelanggan. Baik untuk anak-anak, remaja, dewasa dan keluarga. Produk terbarunya, yaitu LuVe Litee, merupakan hasil nyata riset berkesinambungan yang telah berhasil diterima masyarakat sebagai es krim&nbsp;low-fatnon-dairy&nbsp;pertama di Indonesia.',NULL,NULL,'business','business:business','business:businesses','23','business/view/pt-campina-ice-cream-industry','admin/business/edit/23','admin/business/delete/23',NULL),(279,'Kedayogurt','Produsen Yogurt.&nbsp; Kedayogurt menggunakan kultur Caspia Sea Yogurt yang memiliki kelebihan dibandingkan yogurt yang lain. Tekstur yogurt yang semi-solid menjadikan yogurt kami jadi minuman yang mengeyangkan. Yogurt tidak terlalu asam, sehingga aman dikonsumsi oleh penderita maag.',NULL,NULL,'business','business:business','business:businesses','24','business/view/kedayogurt','admin/business/edit/24','admin/business/delete/24',NULL),(226,'Six Pack Gym: Segarnya Dana Cash Dari Tempat Olah Kebugaran','&nbsp; Khususnya menggarap ceruk pasar kelas menengah yang peduli dengan kesehatan dan kebugaran. &ldquo;Selama ini tempat fitness itu terbagi menjadi 2. Kelas menengah atas, yang diwakili oleh tempat fitness besar macam Go Gym, Fitness Center, dan Celebrity Fitness. Kedua, tempat fitness untuk kelas menengah bawah. Biasanya tempatnya kecil, dekat perumahan atau kampus, dan tidak berpendingin udara,&rdquo; ucap Djoko Kurniawan (38), Co-Founder Six Pack Gym.\n\nKarena itulah, bulan Juli tahun 2010, bersama dengan seorang temannya, Djoko, panggilannya mendirikan Six Pack Gym. Sebuah pusat kebugaran dengan ruang yang tidak terlalu besar, namun ber-AC, dan bersih. Tujuannya, agar setiap orang, merasa nyaman berada di tempat ini. Namun dengan biaya keanggotaan yang terbilang murah, hanya Rp 235.000 per bulannya. Dengan biaya sebesar itu, anggota sudah bebas menggunakannya kapan saja. Tak heran kemudian, kalau Six Pack Gym dijadikan sebagai rumah kedua bagi para mahasiswa. Kebetulan salah satunya berada di dekat kampus Universitas Bina Nusantara, Jakarta.\n\nKhas Indonesia\n\nSebelum membuat Six Pack Gym, Djoko sempat mencari-cari konsep tempat fitness yang cocok. Ia pun mendatangi beberapa tempat olah kebugaran, sampai mendapatkan konsep yang pas. &ldquo;Hal yang kita utamakan di sini dalam pelayanan, yaitu kenyamanan dan kebersihan. Kami memakai prinsip 2H (Healthy &amp; Happy), 2C (Clean &amp; Cheap) dan 2F (Fit &amp; Fun),&rdquo; papar bapak satu anak ini. Mahasiswa dan karyawan menjadi pasar terbesar. Diikuti oleh bapak-bapak dan ibu-ibu. Karena selain tempat olah tubuh, Six Pack Gym juga menyediakan tempat yang bisa digunakan untuk kelas yoga, senam, koreografer dan lainnya.\n\nAda yang unik dari kehadiran Six Pack Gym dibanding tempat nge-gym lainnya. Yaitu hampir semua peralatan yang dipakai buatan dalam negeri alias lokal. Djoko mengaku mendapatkan berbagai macam peralatan tersebut dari seorang produsen pembuat alat olah tubuh di Bandung. Hanya beberapa alat saja yang masih diimpor dari luar negeri. Seperti treadmill. Djoko mengaku, sebenarnya sudah ada peralatan treadmill yang diproduksi Indonesia namun kualitasnya tidak sebagus yang dari impor.\n\nSelain memakai peralatan lokal, Six Pack Gym juga mengecat semua peralatannya dengan warna merah. Padahal selama ini, perangkat fitness biasanya berwarna hitam atau biru. &ldquo;Warna ini selain menjadi ciri Indonesia, juga berarti semangat. Saya pernah mensurvei pelanggan saya, ternyata mereka lebih menyukai warna merah ketimbang biru,&rdquo; papar Djoko. Untuk mendampingi pelanggan, Six Pack Gym menyediakan trainer. Trainer ini dapat dimanfaatkan oleh siapa saja yang datang ke tempat tersebut.\n\nJanji 1,5 Tahun BEP\n\nBelum lama dibuka, banyak para pelanggan Six Pack Gym yang ingin ikut mengembangkan usaha ini. Baru dua tahun kemudian, tepatnya di tahun 2012 Djoko meluluskan permintaan pelanggannya tersebut. &ldquo;Banyak yang antusias terhadap usaha kami ini. Terutama saat ikut pameran waralaba IFRA kemarin,&rdquo; papar Djoko. Bekasi, Pekanbaru, Tangerang, dan Yogyakarta, merupakan tempat-tempat yang akan didirikan Six Pack Gym di tahun 2012 dengan jalan kemitraan. Tahun depan mitra yang akan digarap sekitar 12. Hingga dalam tempo 5 tahun, ditargetkan sekitar 40-50 mitra di seluruh Indonesia.\n\nMasa kemitraan berlangsung selama 3 tahun dengan investasi sekitar Rp 1 miliar. Biaya itu sudah termasuk di dalamnya sewa tempat, alat-alat fitness baru, renovasi, perizinan, promosi dan persiapan karyawan. &ldquo;Yang masuk ke kita hanya sekitar Rp 125 juta sebagai initial fee,&rdquo; papar Djoko. Dengan perhitungan umlah anggota sekitar 200-250 orang, omzet sebesar Rp 60 juta-Rp 70 juta per bulan bakal diraup. Itu berarti dalam 16 bulan-18 bulan, diprediksi akan balik modal. Perhitungan ini, tambah Djoko sesuai dengan pengalamannya mengelola Six Pack Gym.\n\nUntuk tempat, Djoko mengisyaratkan harus berada dekat beberapa perumahan atau kampus. Kalau bisa berada di pinggir jalan yang ramai. &ldquo;Sebenarnya bisa saja berada di tempat yang agak sepi, tapi biaya promosinya akan lebih besar lagi. Sedangkan bila berada di tempat yang strategis, bisa memotong biaya promosi. Djoko optimis usaha yang dijalankannya bakalan terus berkembang. Apalagi, fitness sudah dijadikan sebagian gaya hidup.','alat buatan lokal, fitness, gaya hidup, gym','37ee57ae0a5b24f9e03cd57020475fba','articles','articles:post','articles:posts','32','articles/2013/07/six-pack-gym-segarnya-dana-cash-dari-tempat-olah-kebugaran','admin/articles/edit/32','admin/articles/delete/32',NULL),(326,'Washy Washy Car Care Center: Jadi Mitra Diajarkan Cara Mandiri','Bahkan Hafid Zen BKN, Direktur Washy Washy mengungkapkan, kemitraan yang dilakukan bisa dianggap sebagai latihan oleh mitra agar kelak ia bisa mandiri. &ldquo;Karena selama menjadi mitra kami 5 tahun akan kami ajarkan semuanya cara berbisnis. Mulai dari manajemen usaha, pelatihan karyawan sampai dengan promosi,&rdquo; terang Hafid. Hal tersebut ia niatkan untuk menularkan kesuksesannya mengelola bisnis car wash &amp; car care.\n\nWashy Washy didirikan sejak tahun 2006 di Bintaro, Tangerang. Segmen pasar yang disasar adalah konsumen kelas menengah ke atas. Ternyata memang pilihannya tidak salah. Dalam tempo tidak berapa lama, berdiri 3 tempat pencucian dan salon mobil tidak jauh dari tempat usaha pertama yang didirikan. Uniknya semua tempat perawatan mobil tersebut selalu ramai. Bahkan di tempat lama pun tidak berkurang konsumennya. Hal itu lantaran, lanjut Hafid, Washy Washy sudah mempunyai konsumen fanatik.\n\nTularkan Keberhasilan\n\nKeberhasilan itulah yang coba ia tularkan ke orang lain, setelah 6 tahun sukses berbisnis perawatan mobil. Mulai tahun tahun 2012 ini Washy Washy membuka keran waralaba untuk usahanya. Meski baru dibuka, sudah 3 gerai waralaba yang sudah berdiri. Yaitu, di Pondok Indah Jakarta Selatan, Bogor, dan Lampung. Para franchisee tersebut umumnya adalah para pelanggan Washy Washy sebelumnya.\n\n&ldquo;Ada 3 paket franchise yang kita tawarkan. Yaitu paket Bronze, Gold, dan Platinum,&rdquo; papar Hafid. Paket Bronze merupakan paket terkecil. Usaha ini bisa dilakukan dalam skala rumahan, paling tidak bisa memuat 2 mobil untuk perawatan. Lahan yang digunakan untuk usaha ini juga cukup 50 m&sup2; atau lebih, dengan jumlah pegawai berkisar antara 5-10 orang. Paket ini hanya membutuhkan investasi sebesar Rp 300 juta.\n\nBerbeda dengan 2 paket lainnya yaitu Gold dan Platinum, kedua paket ini memang untuk ukuran besar. Lahan yang digunakan untuk paket Gold minimal 600 m&sup2; dengan paket investasi sebesar Rp 700 juta. Sedangkan paket Platinum lahan yang disediakan minimal 800 m&sup2; dengan paket investasi sebesar Rp 800 juta. &ldquo;Pada paket ini, semua peralatan yang kita berikan sama. Hanya pada jumlah hidroliknya saja berbeda. Bila paket Gold kami berikan 4 hidrolik, paket Platinum 6 hidrolik,&rdquo; jelas Hafid. Untuk jumlah karyawan paket Gold membutuhkan hingga 25 orang karyawan, sedangkan paket Platinum sekitar 33 orang.\n\nDibantu Sampai Berhasil\n\nPihak franchisee akan dalam mengembangkan usahanya oleh pihak Washy Washy pusat sebagai franchisor. Mulai dari training karyawan, pengelolaan manajemen usaha, promosi ke berbagai macam media sampai dengan grand opening. Bahkan dalam perjalanan rentang waktu kemitraan selama 5 tahun, pihak Washy Washy juga menyediakan waktu sebagai konsultan usaha. Dengan harapan dalam rentang waktu 2-2,5 tahun, pihak mitra sudah bisa balik modal.\n\n&ldquo;Kami mendorong para mitra-mitra kami, nantinya bisa menjadi pengusaha yang mandiri. Tidak apa-apa, bentuk usahanya nanti sama dengan kami setelah lepas menjadi mitra. Berdasarkan pengalaman, ada usaha yang sejenis dengan kami, tidak mengurangi omzet usaha kami,&rdquo; jelas Hafid.\n\nIa cukup percaya diri, kalau pelanggan tidak akan lari ke jasa perawatan mobil lainnya. Ada beberapa kelebihan, menurut Hafid, yang membuat Washy Washy patut dijadikan pilihan dalam berbisnis perawatan mobil. Pertama, sudah teruji dan berpengalaman dalam usaha. Kedua, bahan-bahan yang digunakan membersihkan dan merawat mobil, menggunakan bahan yang berkualitas. Karena semua bahan yang dipakai diproduksi sendiri. Pelayanan yang diberikan selain jasa cuci mobil, juga ada jasa perawatan mobil (mesin, badan, jendela, interior) dan jasa lainnya, seperti cuci jok, semir mesin, ganti peredam lantai dan sebagainya.','car care, car wash','fa9220deeb4a33c1a1c8d4f91eeebf82','articles','articles:post','articles:posts','33','articles/2013/07/washy-washy-car-care-center-jadi-mitra-diajarkan-cara-mandiri','admin/articles/edit/33','admin/articles/delete/33','dummy'),(265,'Eka Walet Center','Perusahaan yang bergerak dibidang perdagangan sarang burung walet, beserta sarana beternak burung walet.&nbsp; Eka Walet Center juga melayani kursus budidaya walet.',NULL,NULL,'business','business:business','business:businesses','18','directories/business/view/eka-walet-center','admin/directories/business/edit/18','admin/directories/business/delete/18',NULL),(271,'Eka Walet Center','Perusahaan yang bergerak dibidang perdagangan sarang burung walet, beserta sarana beternak burung walet.&nbsp; Eka Walet Center juga melayani kursus budidaya walet.',NULL,NULL,'business','business:business','business:businesses','26','business/view/eka-walet-center','admin/business/edit/26','admin/business/delete/26',NULL),(256,'Girik Buka Bukti Hak Atas Tanah','Lima tahun lalu saya membeli tanah seluas 600m2&nbsp;di kabupaten Bogor. karena tidak mengerti, surat-surat yang saya miliki hanya sertifikat jual beli yang ditandatangani oleh saya (pihak 1), pemilih tanah (pihak 2), dan saksi (lurah setempat). Belakangan saya baru sadar, tanah tersebut berstatus girik. Itu pun suratnya masih disimpan pemilik terdahulu. Apakah saya bisa &quot;menyelamatkan&quot; tanah tersebut, dan menyertifikatkannya menjadi hak milik? Bagaimana prosedurnya? Butuh waktu berapa lama? Perkiraan biaya berapa?\n\nTerima kasih','girik, hak tanah','402ef46ff57de4567ad0875afe7ea404','qa','question:question','question:directories','3','qa/view/girik-buka-bukti-hak-atas-tanah','admin/qa/edit/3','admin/qa/delete/3',NULL),(258,'Girik Buka Bukti Hak Atas Tanah','Masalah yang dihadapi tidak akan menjadi sulit jika si penjual itu beritikad baik. Jual beli yang dimaksud tersebut baru merupakan bukti pengalihan hak atas tanah milik adat antara anda dengan penjual, dan belum cukup untuk mengajukan permohonan hak atas tanah (sertifikat).\n\nPerlu diketahui bahwa girik bukanlah tanda bukti hak atas tanah, tetapi bukti bahwa si pemilik girik menguasai tanah milik adat dan sebagai pembayar pajak atas tanah tersebut. Girik dapat dijadikan dasar untuk memohon hak atas tanah karena pada dasarnya hukum pertanahan kita berseumber pada hukum tanah adat yang tidak tertulis. Hal ini dapat dilihat pada pasal 5 undang-undang Pokok Agraria tahun 1960.\n\nLangkah selanjutnya yang perlu dilakukan adalah:\nMintalah girik asli dari si penjual, dan pastikan bahwa nama si penjual yang tercantum dalam girik tersebut. Jika tidak, harus ada hubungan hukum antara si penjual dengan orang yang tercantum dalam girik tersebut.\nPastikan objek tanah tersebut sama dengan yang dimaksud dalam girik. Kemudian kuasai secara fisik dengan tanda batas yang jelas.\nAjukan permohonan hak atas tanah tersebut langsung ke Kantor Pertanahan setempat, dengan tahapan yang secara garis besarnya sebagai berikut:\n\n Pengukuhan fisik &nbsp;tanah dilanjutkan dengan pembuatan Gambar situasi.\n Penelitian dan pembahasan Panitia A\n Pengumuman atas permnohonan tersebut.\n Penerbitan SK &nbsp;pemberian Hak\n Pencetakan sertifikat tanah. &nbsp;Total waktu yang dibutuhkan kurang lebih 90 hari. Adapun biaya pemasukan ke kas negara sekitar 5% x NJOP (Nilai Jual Objek Pajak) x luas tanah, ditambah dengan dana operasional petugas lapangan. Mudah-mudahan Anda dapat memiliki tanah itu secara sempurna, yaitu bukti fisik  dan bukti surat (sertifikat)  berada di satu tangan.\n\n\nSemoga penjelasan singkat ini bermanfaat.','girik, hak tanah','402ef46ff57de4567ad0875afe7ea404','qa','answer:answer','answer:answers','4','qa/view/girik-buka-bukti-hak-atas-tanah','admin/qa/answer/edit/4','admin/qa/answer/delete/4',NULL),(259,'Dapur Dipindah Ventilasi Lebih Baik','',NULL,NULL,'qa','question:question','question:directories','5','qa/view/dapur-dipindah-ventilasi-lebih-baik','admin/qa/edit/5','admin/qa/delete/5',NULL),(262,'Dapur Dipindah Ventilasi Lebih Baik','\n Dapur sebaiknya dipindahkan ke bagian belakang agar mendapatkan space  yang lebih luas dan ventilasi lebih baik. Ruang keluarga pun menjadi lebih besar.\n Bagian saluran disisakan untuk tempat cuci baju dan tangga ke atas untuk jemuran.\n Rumah dengan gaya seperti ini lebih baik disentuh dengan warna-warna pastel, seperti krem, off-white,  hijau muda dan abu-abu muda.\n Jumlah dapat dikalkulasi dengan asumsi standar harga di Jawa Timur atau sekitar Rp2 juta/m2\n',NULL,NULL,'qa','answer:answer','answer:answers','6','qa/view/dapur-dipindah-ventilasi-lebih-baik','admin/qa/answer/edit/6','admin/qa/answer/delete/6',NULL),(215,'Kreasi Inovasi Modul: Peluang Pengembangan Konverter Kit','Menurut Abdul Kosasih, staf ahli dari Kreasi Inovasi Modul yang telah berhasil berinovasi menemukan converter kit untuk LPG, converter kit pada dasarnya adalah produk &ldquo;manufactures after markets&rdquo; yang berfungsi untuk mengkonversi bahan bakar CNG, LPG dan ethanol kendaraan atau pembangkit tenaga listrik. Dalam hal ini, bahan bakar yang dikonversi disesusuaikan dengan kerja mesin. Sehingga pemanfaatan bahan bakar gas atau ethanol dapat diterapkan pada mesin berbahan bakar minyak. Bagian terpenting dari converter kit yaitu GCU (Gas Control Unit). Perangkat ini dibangun dengan komponen elektronik yang berupa&nbsp; IC dan microcontroller. Berfungsi sebagai pengatur besaran - besaran bahan bakar dan pengapian. Dengan demikaian,&nbsp; performa dan efiosiensi yang diperoleh dapat dimaksimalkan. Dalam perkembangannya, alat ini disebut sebagai tuning dan setting.\n\nPria yang juga anggota Koperasi Industri Komponen Otomotif Indonesia ini menandaskan, bahwasannya konverter gas ada 2 macam. Meliputi konver kit jenis open dan tertutup. Konverter tertutup diaplikasikan untuk mobil EFI. Dis sisi lain, mobil berkarburator menggunakan converter terbuka. Menurutnya, konverter tertutup lebih aman bila dibandingkan dengan converter terbuka. Sehingga teknologi seperti ini aman diterapkan untuk mobil EFI. Mobil seperti ini seluruh aliran gas nya tertutup. Namun demikian, bukan berarti kendaraan dengan sistem bahan bakar karburator tidak memiliki harapan menggunakan BBG. &ldquo;Sistem karburator harus dimodifikasi terlebih dulu menjadi semi EFI. Sehingga konverter yang diterapkan menggunakan sistem tertutup,&rdquo;imbuhnya.\n\nCNG vs LPG\n\nSaat ini, converter yang banyak diterapkan adalah converter&nbsp; CNG (Compressed Natural Gas). Abdul nengukapkan, CNG adalah gas bertekanan tinggi sehingga mengandung risiko lebih tinggi dibanding LPG (Liquid Petoleum Gas).&nbsp; Disamping itu, CNG memiliki kapasitas kecil. &ldquo;Makanya sering mengisi 1 hari bisa 3 kali pengisian,&rdquo; paparnya. Kira-kira 6 tahun lalu, kebijakan penerapan CNG pernah diberlakukan.&nbsp; Dua puluh persen taksi yang beroperasi di Jakarta wajib menggunakan&nbsp; bahan bakar CNG. Akan tetapi, kebijakan tersebut tak berlangsung lama. &ldquo;Soalnya kapasitasnya kecil. Ketika habis dan dipaksakan, dapat menyebabkan kendaraan mengalami kerusakan,&rdquo; tuturnya. Di Malaysia, pengaplikasian bahan bakar CNG dimungkinkan. Sebab, di negara tersebut setiap 300 &ndash; 400 meter terdapat stasiun pengisian bahan bakar gas.\n\nMencermati fenomena tersebut, Abdul pun berinovasi. Terciptalah converter kit untuk LPG. Penerapan converter LPG lebih aman dibanding dengan converter CNG. Kelebihan lain yaitu, memiliki kapasitas lebih besar. Satu buah tabung LPG 12 kg bisa digunakan untuk menggerakkan mesin mobil dengan jarak tempuh 220 km. Dari sisi keamanan, perangkat ini dilengkapi dengan sistem keamanan ganda. &ldquo;Tabungnya telah aman karena terstandar SNI. Tabung gas dibalut lagi dengan pengaman kedap gas,&rdquo; cetusnya. Kemasan pengaman selubung tabung gas terbuat dari plastik polyetilen. Dilengkapi dengan rangka dengan sensor temperatur.\n\nKetika beroperasi, tabung akan mengalami penurunan suhu. Agar suhu bisa tetap konstan, kemasan tabung dilapisi aluminium&nbsp; yang dihubungkan dengan kenalpot. Kalor yang bersumber dari kenalpot akan menjaga suhu tabung agar tidak terlalu dingin. Sedangkan besar-kecilnya aliran gas diatur dengan regulator. &ldquo;Tekanan dalam pipa dijaga agar tetap konstan sebesar 18 &ndash; 20 psi,&rdquo; kata Abdul. Setelah mendekati jarak tempuh 220 km, gas perlahan-lahan akan habis. Tekanan gas berkurang. Pengguna tak perlu khawatir, sebab alat ini telah dilengkapi dengan perangkat otomatis yang mampu mengganti bahan bakar gas menjadi bensin. &ldquo;Ketika tekanan mengecil, bensin akan mengalir sedikitdemi sedikit. Nah, lalu bila gas habis, mobil akan kembali menggunakan bensin 100%,&rdquo; kata Abdul. Converter kit buatan Abdul ini bisa dipesan seharga Rp 7,5 juta - 8 juta. Sementara converter kit buatan luar negeri dibanderol Rp 12 juta - 15 juta.\n\nIndikator pada konverter kit yang beredar saat ini menggunakan tabung fix. Peralatan sensor bahan bakar gas dalam tabung dipasang didalamnya (build in) seperti halnya tangki BBM. Untuk converter kit produk dalam negeri menggunakan tabung fleksibel yang terdapat diwarung-warung. Sehingga indikator gas dipasang diluar tabung. Dengan memanfaatkan tekanan pada jalur distribusi gas. Bila gas dalam keadaan penuh, jarum menunjuuk pada warna hijau, akan habis menunjuk warna kuning dan sudah habis jarum mengarah pada warna merah (Teguh).','ethanol kendaraan, gas control unit, konverter kit, lpg, microcontroller, pembangkit tenaga listrik','96e82c49689952c41384ccd58371b31d','articles','articles:post','articles:posts','28','articles/2013/07/kreasi-inovasi-modul-peluang-pengembangan-konverter-kit','admin/articles/edit/28','admin/articles/delete/28',NULL),(280,'Sallaka','Produsen aneka makanan berbahanbaku salak.&nbsp; Diantaranya: cake salak pondoh, bakpia salak pondoh, cokelat salak pondoh, saltar(salak nastar) kekerlak(cake kering salak), minuman sari buah salak,',NULL,NULL,'business','business:business','business:businesses','25','business/view/sallaka','admin/business/edit/25','admin/business/delete/25',NULL),(264,'Arts Dummy: Replika Kuliner – Ekonomis Efektif','​Berbicara seni tak akan ada habisnya. Selalu saja ada kesenian baru muncul dengan keunikan dan juga pengembangannya. Para pelaku seni biasanya tidak memikirkan berapa pengeluaran dan pendapatan dari kesenian yang dibuat, dapat menghasilkan karya saja sudah cukup menambah koleksi. Namun, banyak juga yang tanpa sengaja lewat keterampilan dan kreativitas menjadi pengusaha. Salah satunya, Stefanus Susanto (60) yang rela mempelajari ilmu seni replika di Korea Selatan selama 4 tahun.\n\nBerbekal ilmu tersebut ia mendirikan Arts Dummy, usaha replika kuliner tahun 2007. Bisnis replika pertama di Asia Tenggara ini berbeda dengan usaha sejenisnya. Kalau usaha lain membuat replika dalam bentuk kecil atau dikenal dengan istilah miniatur, produk replika miliknya sesuai dengan bentuk asli. Bila kita ke gerainya di Jakarta, kita akan menjumpai duplikat sajian beragam makanan. Semisal pizza, muffin, satai padang, sushi, baso. Tak ketinggalan tiruan aneka minuman bir, jus, es krim dalam ukuran sebenarnya. Menariknya lagi, sajian seperti bebek peking dengan beberapa minuman pendukungnya tertata rapi di meja makan seolah kita berada dalam ruang makan. Berbagai tiruan kuliner dunia juga tersusun rapi di beberapa rak lainnya.\n\nBerbahan plastic jelly yang diimpor dari Korea membuat replika ini nyaris tak bisa dibedakan dengan bentuk aslinya. Dalam membuat replika, Stefanus tidak hanya memakai satu macam plastic jelly untuk menghasilkan visualisasi 3 dimensi, tapi mencapai 50 jenis. Bahan ini dipilih lantaran tingkat kelenturan dan kekenyalannya baik, hingga mudah dibentuk. Bila sudah jadi, replika dapat bertahan 10 tahun. Syaratnya, penyimpanan replika ini harus di tempat yang sejuk, karena jika terkena sinar matahari yang mengandung UV warna replika akan pudar.\n\n​Proses pengerjaan dilakukan dengan melihat contoh barang asli yang dibawa pelanggan, bukan dari foto. Jika memakai foto, bentuk detail dan ukuran dari replika belum tentu sesuai dengan bentuk aslinya. Setelah itu bahan dicetak. Cetakan ini lalu dimasukkan ke oven dengan pemanasan berdasar jenis karet (umumnya 1400C) selama lebih kurang 30 menit. Habis itu, dilakukan pewarnaan dengan cat keramik. Wadah yang dipakai berbahan sesuai aslinya. Ada bahan keramik dan juga beling yang membuat replika berat saat diangkat.\n\n​Dalam pembuatan replika ini, replika sayur terbilang sulit dibikin. Soalnya, sayur memiliki tingkat ketebalan yang spesifik plus adanya serat di permukaannya. Jika helaian sayur dibuat tebal, bisa meleset bila dibandingkan dengan bentuk aslinya, sedangkan jika terlalu tipis akan mudah pecah. Berdasarkan tingkat kesulitan dan ukuran replika tersebut, Stefanus menentukan harga jual. Penawarannya berkisar Rp 100 ribu-Rp 5 juta. Dengan modal bahan baku dan mood, ia dapat mengerjakan 1 replika selama seminggu. &ldquo;Ini kan produk handmade, bukan produksi pakai mesin. Jadi, tidak dapat dihitung secara rutin,&rdquo; ujar Stefanus ditemui di kedai makan miliknya.\n\nTarget Pasar\n\nStefanus menilai pasar kuliner di Indonesia sedang tumbuh, sementara banyak orang tidak tahu tata cara menata makanan. Padahal seni penyajian makanan sangatlah penting untuk memikat pembeli. Target inilah yang dijadikan Arts Dummy untuk membantu pengusaha kuliner memasarkan produk asli mereka. Alasannya, jika menggunakan makanan atau minuman asli tidak tahan lama. Sedangkan dengan replika bisa tahan lama dan nampak selalu atraktif. Sejauh ini usaha restoran, hotel, kafe, dan usaha lain yang bergerak dalam bidang kuliner adalah target pasar yang empuk. Sekitar 100 pengusaha telah menjadi pelanggan tetapnya. Diantaranya: Ajisen, Baskin Robbins, JCO, Holycow Steak, Diamond, dan Hoka-Hoka Bento.\n\nTidak itu saja, pedagang kaki lima di Bali juga memakai jasanya. Gerai Arts Dummy di Bali lebih sering didatangi pengusaha kuliner pedagang kaki lima karena turis akan tertarik memesan makanan bila melihat wujud aslinya. Ditambah lagi dengan tingginya nilai seni di mata daerah Bali. Perkembangannya pun lebih meningkat dibanding Jakarta. Sampai saat ini, total replika yang ada di Arts Dummy Bali sebanyak 300 buah. Meskipun pasar Arts Dummy pengusaha kuliner, replika dapat juga digunakan sebagai alat bantu penjelasan kepada siswa/i untuk memahami materi pelajaran di sekolah tentunya yang berkaitan dalam bidang kuliner.\n\nBagi siapa saja yang ingin menggunakan jasanya, pemesanan di Arts Dummy bisa dilakukan via telp, fax, atau email. Pembayaran 50% di muka berarti resmi menjadi klien. Selanjutnya tinggal menunggu dihubungi bila pengerjaan selesai. Untuk memasarkan, Stefanus memanfaatkan website. Selain itu, setiap tahunnya, ia mengikuti pameran Food &amp; Beverages Product yang diadakan di Kemayoran, Jakarta. &quot;Harapan saya, Arts Dummy lebih dikenal masyarakat sebanyak mungkin dan rencananya saya akan buka outlet di Surabaya,&quot; ungkap Stefanus.​','art, craft, replika kuliner','545e712574f26284755873007fa42f23','articles','articles:post','articles:posts','8','articles/2013/06/arts-dummy-replika-kuliner--ekonomis-efektif','admin/articles/edit/8','admin/articles/delete/8',NULL),(267,'Pondok Bejo','Penangkaran benih ikan patin, bawal, mas, nila, dan gurami',NULL,NULL,'business','business:business','business:businesses','28','business/view/pondok-bejo','admin/business/edit/28','admin/business/delete/28',NULL),(281,'PT. Aditya Nugraha Pratama Agro','Produsen sekaligus distributor dari beberapa produk yaitu Pupuk Majemuk Organik Guano WALET, Beras Organik SEGA ECHO, serta Oli PERRI.&nbsp;',NULL,NULL,'business','business:business','business:businesses','30','business/view/pt-aditya-nugraha-pratama-agro','admin/business/edit/30','admin/business/delete/30',NULL),(292,'PT. Karunia Semesta Raya','PT KARUNIA SEMESTA RAYA&nbsp;berhasil me-utilisasi-kan batuan tembaga menjadi pupuk mineral, setara dengan Pupuk Mineral produksi Amerika.',NULL,NULL,'business','business:business','business:businesses','27','business/view/pt-karunia-semesta-raya','admin/business/edit/27','admin/business/delete/27',NULL),(270,'PT. Istana Alam Dewi Tara','Perusahaan penyedia ragam tanaman hias.&nbsp; Spesialis bonsai, tanaman landscape, serta sarana pertamanan.',NULL,NULL,'business','business:business','business:businesses','29','business/view/pt-istana-alam-dewi-tara','admin/business/edit/29','admin/business/delete/29',NULL),(210,'Toko HP Erafone: Brand Nama Terpercaya, Peluangnya Besar','&nbsp; Kalau kita lihat lagi, hasil survei tahun 2010 jumlah penduduk Indonesia 240 juta dimana 50% dari jumlah itu, umurnya di bawah 35 tahun. &ldquo;Orang-orang yang produktif sekaligus konsumtif. Ditunjang meningkatnya pertumbuhan kelas menengah Indonesia. Ini pasar yang besar buat kita,&rdquo; terang Djatmiko Wardoyo atau Koko, Director Marketing and CV\n\nCommunication PT Erajaya Swasembada Tbk, yang membawahi PT Erafone Artha Retailindo yang membawahi retail toko handphone Erafone.\n\nPeluang inilah yang kemudian ditawarkan oleh Erafone ke masyarakat untuk menjadi mitra usahanya. Kesuksesan ini yang ingin dibagi ke masyarakat. Apalagi Erafone didukung oleh PT Erajaya Swasembada Tbk, distributor resmi 11 brand mobile phone ternama internasional, yang menjadi perusahaan induknya.\n\nNama Sudah Terkenal\n\nAda beberapa kelebihan, menurut Koko, bila menjadi mitra dengan Erafone. Pertama brand Erafone sudah dikenal, tentu saja kepercayaan orang menjadi lebih tinggi. Kedua jaminan pasokan barang dagangan yang lengkap dari 90 pusat distribusi. Semua produk handphone yang dijual bergaransi. Ketiga, desain gerai yang profesional dan atraktif. Dalam menjalankan aktivitas usaha mitranya, Erafone juga mendukung dalam soal promosi. Tidak hanya dari Erafone nya sendiri tapi juga dari pihak principal. Dalam soal pengelolaan usaha, Erafone sudah mempuyai SOP (Standard Operating Procedure) yang sudah teruji.\n\n&ldquo;Bila ingin menjadi mitra tentunya harus punya minat di usaha ini, lalu kita adakan diskusi bareng dan tentu saja punya modal untuk investasi,&rdquo; terang Koko. Investasi untuk usaha ini sebesar Rp 500 juta. Itu sudah termasuk franchise fee selama 5 tahun, renovasi outlet dan perlengkapan usaha. Untuk lokasi minimal luasnya 24m&sup2; (6m x 4m). Acuan lokasinya, di pusat perbelanjaan kelas A (seperti Grand Indonesia, Pondok Indah Mall),&nbsp; kelas B (Seperti ITC Fatmawati, Cempaka Mas) atau di apartemen, komplek ruko di tempat keramaian dengan posisi strategis dekat jalan utama.\n\nSesudah ada penentuan lokasi, pihak Erafone akan mensurvei kelayakan tempat tersebut dan akan memberi jawaban dalam tempo 2 minggu. Itu kalau lokasi usaha berasal dari mitra. Bisa juga lokasi usaha berasal dari Erafone yang kemudian ditawarkan&nbsp; ke mitra. Sesudah lokasi oke, penandatanganan kerjasama dilakukan. Setelah melakukan perizinan, sewa tempat, dan renovasi, training untuk calon karyawan dilakukan. Untuk gerai, perlengkapan produk diisi. Dalam tempo 3-6 bulan, toko sudah bisa dibuka.\n\nBanyak Diminati\n\nBoleh dibilang Erafone merupakan satu-satunya retail toko mobile phone yang diwaralabakan. Saat mengikuti pameran franchise beberapa waktu lalu, ternyata banyak yang berminat menjadi mitra Erafone. &ldquo;Setidaknya ada sekitar 270 formulir yang masuk ke kami. Kami tidak berharap banyak, 10% dari jumlah itu bisa, sekitar 26-30 orang, bisa menjadi mitra kami,&rdquo; terang Koko. Ia tidak ingin sembarangan mendapatkan mitra, harus selektif. Karena kalau ada mitra yang buruk, tentu akan berdampak negatif bagi brand Erafone. Karena itu, Erafone hanya memilih mitra yang benar-benar serius.\n\nDalam operasional toko, pihak mitra dibantu oleh Erafone pusat. Dibantu mulai dari survei lokasi, konsultasi dalam mengurus perijinan, set up toko, training karyawan sampai support dalam bentuk bentuk konsultasi dan kunjungan secara rutin ke franchise. Untuk barang dagangan disuplai langsung dari Erafone. &ldquo;Kalau ada produk yang tidak laku dalam rentang waktu tertentu, kami bisa membantu promosi lewat prinsipal kami. Atau bisa kami mengambil produk tersebut, dan menjualnya di toko Erafone lain yang penjualan produk tersebut bagus,&rdquo; ucap Koko.\n\nKoko mengingatkan berbisnis handphone itu bagai memegang bara api, semakin lama semakin terbakar. Karena itu, tambahnya, pada satu titik harus berani menjual rugi. Bukan rugi sebenarnya, tapi subsidi silang dengan penjualan handphone lainnya. Yang cukup jadi peluang, menurut Koko adalah penjualan aksesoris handphone. Seperti plastik anti gores, pelindung handphone dan lain-lain. &ldquo;Keuntungannya bisa lebih dari 100% kalau dijual,&rdquo; paparnya.\n\nPersyaratan menjadi mitra waralaba:\n\n\n	Memiliki ketertarikan dalam bidang usaha telekomunikasi selular dan retail.\n	Mengajukan permohonan dengan mengisi formulir calon waralaba\n	Bersedia mengikuti diskusi kesesuaian minta dan background dengan bisnis Erafone.\n	Menyediakan modal investasi sebesar Rp 500 Juta\n	Bersedia melaksanakan sistem dan prosedur yang diberlakukan oleh pihak Erafone.&nbsp;\n','handphone, retail','0bf06107655e4ee6b17029684d28dd61','articles','articles:post','articles:posts','11','articles/2013/06/toko-hp-erafone-brand-nama-terpercaya-peluangnya-besar','admin/articles/edit/11','admin/articles/delete/11',NULL),(205,'Zet GPS Tracking Solution: Tawaran Laba Pelacakan Kendaraan','&nbsp;Buat Anda para pebisnis Zet GPS Tracking Solution menawarkan peluang kemitraan bisnis. Sejak berdiri di Jakarta tahun 2005, perusahaan yang didirikan Melanie besama suaminya, memang bergerak di bidang riset pengembangan dan pemasaran produk GPS Tracking Solution. &ldquo;Fokus utama kami adalah memberi nilai lebih kepada para pebisnis di bidang transportasi khususnya atau pemilik kendaraan umumnya dalam melakukan fungsi kontrol terhadap kendaraan operasional ataupun kontrol terhadap pegawai mereka,&rdquo; kata Melanie.\n\nAnimo pasar terhadap produk yang ia hasilkan pun ternyata sangat baik. Kebanyakan pelanggannya adalah pengusaha rental mobil dan rental motor, perusahaan cargo, penyewaan alat berat, perusahaan minyak dan gas (untuk armada operasionalnya), perusahaan taksi, perusahaan logistik, dan perusahaan lain yang memiliki kendaraan operasional. Melihat antusias masyarakat yang begitu tinggi terhadap produknya, Melani memutuskan membuka peluang kemitraan dengan sistem franchise.\n\nDalam 5 tahun Melanie bisa menjual lebih dari 10.000 unit GPS tracking di hampir seluruh pulau di Indonesia. Bahkan sudah ada empat dealer resmi diwilayah Cibubur dan Depok yang ia ajak bekerjasama untuk memasarkan produknya. &ldquo;Kami sudah menjangkau hampir di seluruh Indonesia. Namun terkendala di support karena jauh. Selain menambah cabang, kami ingin perwakilan kami di tiap propinsi dapat melayani konsumen dengan lebih baik,&rdquo; kata wanita yang butuh modal Rp 15 juta untuk memulai usaha ini.\n\nPerlebar Pemasaran\n\nManajemen yang terstruktur, dan banyaknya pebisnis yang melirik bisnis ini membuatnya yakin penawaran kerjasama melalui sistem waralaba akan membantu pemasaran menjadi lebih cepat. Hal ini terbukti setelah ia mengikuti pameran IFRA di JCC beberapa waktu lalu. Stand-nya banyak dikunjungi calon mitra yang tertarik untuk bekerjasama. &ldquo;Syukurlah kami dapat merekrut 10 mitra gerai dan 5 master franchise,&rdquo; ungkapnya.\n\nDengan investasi sebesar Rp 200 juta untuk master franchise dan Rp 35 juta untuk gerai, mitra akan mendapatkan kontrak kerjasama selama 3 tahun, mendapatkan barang modal senilai masing-masing Rp 20 juta dan Rp 6,5 juta, satu paket peralatan dan perlengkapan, training karyawan, hak eksklusif penjualan, dan promosi di media massa. Jika harga jual per unit Rp 1,6 juta, maka dengan menjadi master franchise, mitra akan mendapatkan harga spesial hanya Rp 1 juta per unit, dan untuk gerai Rp 1,3 juta per unit.\n\n&ldquo;Kompetitor memang sudah banyak tapi yang mewaralabakan dan merakit sendiri masih sangat jarang. Kebanyakan mereka membeli barang yang sudah jadi dari luar negeri kemudian dipasarkan di Indonesia. Berbeda dengan kami yang sangat fleksibel seandainya diminta klien untuk mengubah alat, karena kami punya tim pengembang sendiri untuk memenuhi kebutuhan. Pembuatan hardware dan software kami lakukan sendiri,&rdquo; lanjutnya.\n\nMelanie juga mengatakan, ternyata banyak produsen dari luar yang ingin penetrasi di Indonesia. Lanie, panggilannya sempat ditawari pengusaha tracking dari luar negeri untuk bekerjasama menjualkan produknya. Tapi ia terpaksa menolak karena harganya terlalu mahal untuk kantung orang Indonesia. Selain itu, Melani juga melayani custome jika ada konsumen yang minta dibuatkan fitur tambahan. &ldquo;Misalnya pada sebuah perusahaan taksi, selain berfungsi sebagai ID driver dan sistem navigasi, sistem GPS ini nantinya akan disambungkan ke sistem manajemen akunting perusahaan tersebut.\n\nSementara, ketika GPS tracking ini dihubungkan ke argo, maka data argo bisa ditarik dan membentuk akumulasi dalam bentuk pendapatan taksi perhari. Akumulasi tersebut langsung masuk ke manajemen akunting mereka secara otomatis,&rdquo; terang Melanie. Cara ini penting untuk menghindari penyalahgunaan laporan dari seorang pengemudi, mengingat ada beberapa supir taksi yang memakai argo tembak saat beroperasi.\n\nTambahan fitur tersebut tentunya mempengaruhi harga jual. &ldquo;Bisa sampai Rp 5 juta per unit karena kami menggunakan Android Huawei yang harganya sudah Rp 3 jutaan sendiri,&rdquo; jelasnya.\n\nLangganan Perusahaan Besar\n\nKualitas Zet GPS Tracking Solutin memang tak perlu diragukan. Sebab, produknya banyak dinikmati oleh lembaga dan perusahaan-perusahaan besar seperti KPK, Adimix, Panorama, Orange Taxi Surabaya, Taksi Premium, Bhineka Sangkuriang, PO Kramat Djati, dan masih banyak lagi. &ldquo;Kalau untuk retailnya adalah rental-rental mobil rumahan. sekarang lagi proses ke Cipaganti dan Blue Bird. Biasanya mereka pesan dalam jumlah hingga ratusan unit,&rdquo; katanya menambahkan.\n\nDalam sebulan rata-rata omzet yang berhasil diraih Melanie sekitar Rp 500 juta. Tapi ternyata, pendapatan tidak hanya berasal dari penjualan unit, melainkan juga dari abonemen. &ldquo;Abonemen kita gunakan karena alat ini kan menggunakan kartu GSM dengan pulsa Rp 27.500 untuk tiap unitnya. Abonemen tersebut berfungsi sebagai garansi. Misalnya ada kerusakan atau penggantian unit, maka konsumen tidak akan dikenakan biaya, semua kita yang ngurus,&rdquo; ucapnya.','gps tracking solution, kendaraan bermotor, pencegahan pencurian kendaraan bermotor','5ddaedbdccd99a369e5f164a2cb65d4a','articles','articles:post','articles:posts','34','articles/2013/07/zet-gps-tracking-solution-tawaran-laba-pelacakan-kendaraan','admin/articles/edit/34','admin/articles/delete/34',NULL),(325,'Edisi 33','Go Internasional\n\nPARA pengusaha pasti berharap produknya tak hanya diserap oleh pasar lokal, tapi juga pasar global. Apalagi saat ini, ketika nilai dolar AS sedang terkerek naik. Namun ibarat benteng, pasar internasional tak mudah ditekuk. Seorang ekspotir buah merasakan bagaimana susahnya menembus benteng tersebut. &ldquo;Mereka menerapkan standar tinggi. Buah mesti punya tingkat kematangan dan ukuran yang seragam. Tanpa noda hitam pada kulit, juga getah &ndash; sekecil apapun. Kemasan harus menarik,&rdquo; katanya.\n\nToh, eksportir buah ini bisa memenuhi standar kualitas produk. Jauh-jauh hari, ia sudah memberitahukan baku mutu tersebut kepada petani binaannya. Bagaimana budidaya, pemetikan, paskapanen, penyortiran, dan pengemasan, agar memenuhi standar mutu yang diminta negara penerima. Kerja kerasnya berbuah manis, ekspor buahnya sukses, ia pun menikmati harga yang tinggi.\n\nPengalaman di atas menunjukkan untuk berhasil menembus pasar ekspor, dibutuhkan kerja keras, konsistensi, dan nafas panjang. Tapi bila berhasil, imbalannya setara. Laporan utama Idebisnis, kali ini mengupas tuntas UKM-UKM yang berjaya memasarkan produknya di pasar internasional. Ada furnitur, tas, dompet, sarung tangan, jaket, suvenir, briket arang kelapa, makanan dalam kaleng, rambut palsu, dan buah. Apa saja kiat mereka, dokumen apa yang perlu disiapkan, lantas bagaimana mengendus komoditas yang diminati?\n\nSatu kesamaan dari mereka yang berhasil yakni menerapkan standar tinggi untuk mutu dan tak henti berinovasi menuruti kemauan konsumen.',NULL,NULL,'magazine','magazine:magazine','magazine:magazines','6','magazine/2013/02/edisi-33','admin/magazine/edit/6','admin/magazine/delete/6','2725a98b84c4138'),(320,'Edisi 38','Cantik &ndash; Tampan\n\nDalam satu edisinya, Majalah National Geography mengisahkan, upaya manusia agar terlihat cantik dan tampan bisa dijejaki semenjak tahun 2400 SM , di zaman Mesir Kuno. Dalam salah satu relief pada sebuah makam, tampak seorang bangsawan melakukan perawatan kaki (pedicure). Sementara ratu Cleopatra memakai eyeliner terbuat dari bahan mineral.\n\nItu artinya pencarian orang akan makna kecantikan dan ketampanan terbentang dari ge nerasi ke generasi. Judith Langlois, profesor psikologi dari Universitas Texas, di Austin meriset soal ini dan akhirnya tiba pada kesimpulan. Bayi menatap lebih lama pada orang yang berwajah atraktif dibandingkan dengan yang tidak. Seperti apa wajah atraktif? Simetris! Ini berkaitan dengan posisi dan ukuran semua hal yang ada di wajah. &ldquo;Saat gambar slide ditunjukkan secara cepat, saya mengamati reaksinya. Ada gambar-gambar yang lebih menarik perhatiannya. Contohnya gambar seorang wanita bermata lebar dengan hidung kecil lebih menarik matanya dibandingkan dengan wajah bermata sempit dengan hidung lebar,&rdquo; ungkap Langlois.\n\nKamus Besar Bahasa Indonesia, edisi Ketiga memberi clue yang lebih membumi ikhwal kata cantik. Yakni: sangat rupawan (bentuk, rupa, dan lainnya sangat serasi). Namun pengertian molek ini terus berkembang. Tak berhenti pada penampilan fi sik semata. Buktinya ada yang kukuh mengatakan, &ldquo;Mereka yang cantik sejatinya pendengar yang baik sekaligus menyenangkan, sehingga banyak orang pengin selalu dekat.\n\nSoal berjibunnya pengertian cantik, molek, dan tampan ini, tentu menguntungkan dari sisi bisnis, lantaran gampang dijadikan komoditas. Nah, mana yang bisa dijadikan mesin uang, cermati laporan utama majalah ini.',NULL,NULL,'magazine','magazine:magazine','magazine:magazines','2','magazine/2013/07/edisi-38','admin/magazine/edit/2','admin/magazine/delete/2','1c1186db3ceae88'),(322,'Edisi 36','Rasa Tak Mungkin Bohong\n\nSeorang pengusaha kuliner bercerita kepada majalah ini. Sungguh tak mudah mengelola sebuah bisnis kuliner. &ldquo;Kalau kita tidak mengawasi langsung, kualitas secara perlahan bakal menurun, dan kalau ini terjadi, bisa dipastikan pelanggan akan rontok satu per satu.&rdquo; Menurut pemilik resto ini, kecermatan mesti dimulai sejak pemilihan bahan, pengolahan, penyajian, dan pelayanan. Itulah sebabnya, meski di permukaan nampak sederhana, bisnis restoran sebenarnya rumit lantaran menyangkut urusan lidah orang yang tak kenal kompromi.\n\nBahkan pemilik Ocean&rsquo;s Resto di Balikpapan mengaku, harus pandai-pandai menjaga emosi pelanggan. Penikmat makanan ini datang dalam keadaan lapar sehingga emosinya labil. Pelayanan yang terlalu lama bisa memicu kemarahan. Sebaliknya, pelayanan cepat, tanpa ditunjang rasa yang memadai membuat pelanggan bersungut-sungut. Disisi lain, emosi koki harus juga dijaga. Jika sampai mood mereka drop, kualitas masakan bakal melorot.\n\nBegitulah tantangan bisnis kuliner, meski kompleks, tapi menjanjikan keuntungan yang berlipat. Apalagi bila Anda kreatif memainkan rasa dan bentuk yang lantas membalutnya dengan sensasi pengalaman.\n\nSelamat berbisnis',NULL,NULL,'magazine','magazine:magazine','magazine:magazines','1','magazine/2013/05/edisi-36','admin/magazine/edit/1','admin/magazine/delete/1','0ea830e6a028127'),(323,'Edisi 35','Gerakan Kewirausahaan Nasional\n\nKalau Anda tinggal di Jakarta, pertengahan Maret lalu berbagai jalan protokol dihiasi deretan umbul-umbul untuk menyambut pencanangan Gerakan Kewirausahaan Nasional di Gelora Bung Karno. Pada umbulumbul itu tertulis &ldquo;Daripada wira-wiri nyari kerja mending wirausaha&rdquo;. Virus wirausaha, dalam tiga tahun terakhir memang tengah ditiupkan untuk mendongkrak jumlah entrepreneur. Itulah sebabnya, April ini, sambil memperingati hari Kartini, kami menyebarkan virus womanpreneur dengan menampilkan 21 pengusaha wanita.\n\nAda kuliner, seperti Betta Farah yang Menyulap Bangunan Tua jadi Resto Ternama; Arya Sukma Wardhani Bekal yang Nekat Rumahnya Dibuat Caf&eacute;; Rizka Wahyu Romadhona meng-Edukasi Pelanggan pada Kemasan Lapis Bogor Sangkuriang; Dian Purwaningtyas Meracik Penghasilan dari Makanan Meksiko; Aghnia Nabila Berbisnis Risoles Sejak SMA; Riezka Rahmatina, Meraup Peluang Pisang Ijo; Purnani - Juragan produk Olahan Ikan; Fatma Arief Fianti - Menyasar Wisatawan Dengan Kue Kecil dan Camilan. Fashion diwakili oleh Valentina Meiliyana yang Berbisnis Fashion Lewat Online; Anita Suryawati - Meraup Berkah dari Sajadah. Valencia Arifi n yang Memasarkan Sepatu Batiknya Sampai Hongkong. danYusi Kurniawati Sukses Berkat Selembar Kulit Domba.\n\nDi bisnis online, Nadia Meutia &ndash; Mengibarkan Bisnis MLM Lewat Internet. Sektor otomotif dicontohkan oleh Loly Olivia yang Berjaya di Dunia Jual Beli Mobil. Kerajinan oleh Evi Marlina yang Sukses Bersama Suku Anak Dalam. Jasa diwakili Ika Puspita Sari &ndash; Agen Pos Beromzet Rp 200 Juta per Bulan. Siti Nurjanah Kekhasan Usaha Laundry Syariah. Jessica Diana Kartika Rezeki Logo Berdasar Feng Shui. Teknologi Informasi oleh Jennifer Rossian yang menjual Flash Disk Unik; dan Paula Meliana dengan All in One Place Wedding Gallery.\n\nLewat forum ini, kami redaksi memberitahukan, harga promosi Rp 20.000 telah berakhir Maret ini. Mulai April harga yang tercantum dalam sampul majalah adalah harga normal, Rp 25.000. Terimakasih atas kerjasamanya.',NULL,NULL,'magazine','magazine:magazine','magazine:magazines','4','magazine/2013/04/edisi-35','admin/magazine/edit/4','admin/magazine/delete/4','c5c9b8634db68c5'),(324,'Edisi 34','Idebisnis Raih Ipma 2013\n\nJUMAT (8/2/2013) malam kami menerima kabar gembira dari Manado. Majalah ini menerima penghargaan Silver Winner di ajang Indonesian Print Media Award (IPMA) 2013 untuk kategori The Best of Special Interest Local Magazine. IPMA adalah lomba sampul muka (cover) yang digelar oleh Serikat Penerbit Suratkabar (SPS) Pusat. Adalah sampul Majalah Idebisnis Edisi 30/ November dengan topik utama Bisnis Kecantikan Kian Molek yang mendapatkan penghargaan bergengsi ini.\n\nMenampilkan gambar sampul pengusaha, penulis buku, dan motivator muda cantik yang tengah naik daun Merry Riana, cover ini memang terlihat atraktif. Sedikit mengupas rahasia dapur, perburuan untuk mendapatkan Merry Riana lumayan panjang. Setelah kami kejar berminggu-minggu, Merry yang tinggal di Singapura bersedia kami wawancarai saat mampir di studio MD Entertainmentdi, Jakarta untuk rencana pembuatan fi lm tentang kisah suksesnya.\n\nHasil pemotretan fotografer, Rohedi Yulianto yang lantas diolah sebagai sampul majalah oleh Muhamad Yana, visual editor kami, terbukti membuat juri di ajang IPMA mengganjar kami dengan Silver Winner.',NULL,NULL,'magazine','magazine:magazine','magazine:magazines','5','magazine/2013/03/edisi-34','admin/magazine/edit/5','admin/magazine/delete/5','e094868a77f14ca'),(330,'Evaluating a Business Idea','CES Alumni Entrepreneurship Bootcamp\nThis lecture covers the general areas that an entrepreneur should evaluate when considering a new business idea.\nRuss Siegelman',NULL,NULL,'video','video:video','video:videos','2','video/view/evaluating-a-business-idea','admin/video/edit/2','admin/video/delete/2',NULL),(332,'Small Business Idea','Welcome to this small business ideas video. This description is an excerpt of an article I wrote and there is no need to read it. The real meat is in the small business ideas video. To see how I broke free in three months with my home based business click the link above.\n\n\nThe whole idea of creating a home business ideas is a great idea, but a lot of people think it&#39;s a hard thing to successfully establish. Home businesses are only hard to establish if you don&#39;t know what you&#39;re doing. The more knowledge you have about the subject, then the more successful you can become. The tips you learn in this article can help you greatly and start generating some small business ideas.\n\nTake the time to network and advertise. Just because you are working at home doesn&#39;t mean you don&#39;t need small business ideas contacts. Schedule meetings outside of your home to get away, and meet others in your field. Using networking and marketing events is a great way to build up your network.\n\nMake sure you groom and dress for work, no matter where you are working. Developing this habit will help get you into a productive frame of mind at the start of each work session. It also means, you will be ready to conduct home business outside the house at a moment&#39;s notice.\n\nMake sure that any small business ideas you choose can be profitable. Research the demands and trends. Is there a market? Who are the competitors? If the market is crowded, can you fill a niche? Startup costs? Economies of scale? How much income fluctuation? What&#39;s the revenue required to cover expenses? It may not easy but doing your homework now may reduce heartbreak later.\n\nWhen starting a home small business ideas , remember to file for a DBA license. A DBA license stands for &quot;Doing Business As,&quot; letting the state know the name you are operating under. You&#39;ll be able to stay within the letter of the law, and register your business legitimately on various web services as the owner.\n\nDon&#39;t give up. There may be a time that you aren&#39;t making much money from your small business ideas but keep trying. If you give up, you don&#39;t give yourself an opportunity to succeed and do well. Most people that start their own home business go through a time when they don&#39;t make any money.\n\nIf you start making a lot of money while running your home small business ideas , it is most likely time for you start looking for someone that you can hire as your financial accountant. Once your small business ideas started picking up, you just can&#39;t seem to find enough time to get to the paperwork, right? Do yourself a favor and hire someone to do it for you.\n\nNever spam your home small business ideas out to the world! Don&#39;t send unsolicited emails, don&#39;t post advertisements on forums (unless they permit it), and don&#39;t send your link out ad nauseum on your social media accounts. Be respectful of your audience and entice them to come to your website because of it&#39;s content.\n\nThanks for watching this small business ideas video. Take action and click the link at the top of the description for a free video that reveals my exact strategy. Over &amp; Out Rhys\n\n\nIncoming Search Terms:\nSmall business ideas, small business opportunities, small business ideas for small towns, home based business ideas, new business ideas, internet business ideas, home business ideas, franchises, small business ideas for 2010\n\n',NULL,NULL,'video','video:video','video:videos','3','video/view/small-business-idea','admin/video/edit/3','admin/video/delete/3',NULL),(333,'Geoff Stearns and the YouTube Player APIs','Geoff Stearns goes over the YouTube Player APIs with demos and a technical overview.',NULL,NULL,'video','video:video','video:videos','4','video/view/geoff-stearns-and-the-youtube-player-apis','admin/video/edit/4','admin/video/delete/4',NULL),(383,'Apakah informasi di website ini lengkap','Apakah informasi di website ini lengkap?','tidak, ya','6daafc6f0ab52b26678dbef4175139e7','polls','polls:poll','polls:polls','2','polls/apakah-informasi-di-website-ini-lengkap','admin/polls/edit/2','admin/blog/delete/2',NULL),(560,'Pembongkaran Rekelame Yang diadakan Di Daerah Berastagi dan Kabanjahe','&nbsp; IMG_20170524_223202_HDR.jpg &nbsp; Pembongkaran Rekelame Yang di Adakan di Kecamatan Berastagi dan kabanjahe yang di Laksanakan Pada tanggal 24 Mei s/d&nbsp; 04 Juni 2017\noleh bidang Pengawasan dari dinas Perizinan dan Penanaman Modal Terpadu Satu Pintu',NULL,NULL,'blog','blog:post','blog:posts','54','blog/2017/06/pembongkaran_rekelame','admin/blog/edit/54','admin/blog/delete/54',NULL),(575,'Pekan Inovasi Sumatera Utara 2017 yang diadakan di Medan','&nbsp;img_1781.jpg &nbsp; 20170511_155444.jpg &nbsp;20170511_155444.jpg ',NULL,NULL,'blog','blog:post','blog:posts','56','blog/2017/05/pekan-inovasi-sumatera-utara-2017-yang-diadakan-di-medan','admin/blog/edit/56','admin/blog/delete/56',NULL),(559,'Festival Buah dan Bunga 2017 yang diadakan di Berastagi',' img_1773.jpg ',NULL,NULL,'blog','blog:post','blog:posts','57','blog/2017/07/festival-buah-dan-bunga-2017-yang-diadakan-di-berastagi','admin/blog/edit/57','admin/blog/delete/57',NULL),(562,'Penyerahan Trophy 17 Agustus 2017 di Lapangan Samura',' img_2180.jpg ',NULL,NULL,'blog','blog:post','blog:posts','58','blog/2017/08/penyerahan-trophy-17-agustus-2017-di-lapangan-samura','admin/blog/edit/58','admin/blog/delete/58',NULL),(567,'Perizinan Online','',NULL,NULL,'pages','pages:page','pages:pages','15','gambaran-umum-instansi/perizinan-online','admin/pages/edit/15','admin/pages/delete/15',NULL),(568,'Perizinan Offline','',NULL,NULL,'pages','pages:page','pages:pages','16','perizinan-offline','admin/pages/edit/16','admin/pages/delete/16',NULL),(569,'Kesepakatan Bersama antara Dinas DPM-PPTSP Deli Serdang dengan Dinas DPM-PPTSP Kab. Karo',' img_2219.jpg  img_2220.jpg  img_2220.jpg ',NULL,NULL,'blog','blog:post','blog:posts','59','blog/2017/03/kesepakatan-bersama-antara-dinas-dpmpptsp-deli-serdang-dengan-dinas-dpmpptsp-kab-karo','admin/blog/edit/59','admin/blog/delete/59',NULL),(571,'Launching E-Perizinan siCantik',' img_2326.jpg ',NULL,NULL,'blog','blog:post','blog:posts','60','blog/2017/08/launching-eperizinan-sicantik','admin/blog/edit/60','admin/blog/delete/60',NULL),(572,'Kerjasama DPM-PPTSP &amp; BPJS Ketenagakerjaan',' img_2354.jpg ',NULL,NULL,'blog','blog:post','blog:posts','61','blog/2017/08/kerjasama-dpmpptsp-and-bpjs-ketenagakerjaan','admin/blog/edit/61','admin/blog/delete/61',NULL),(574,'Sosialisasi Yang Diadakan Di Rudang Hotel',' dsc_0394-800x445.jpg &nbsp;&nbsp;&nbsp; &nbsp;\nSosialisasi Yang Diadakan Di Rudang Hotel Oleh DPM-PPTSP KARO tahun 2017',NULL,NULL,'blog','blog:post','blog:posts','55','blog/2017/06/Sosialisasi','admin/blog/edit/55','admin/blog/delete/55',NULL),(577,'Pembongkaran Reklame 23 &amp; 24 Oktober di Kabanjahe dan Berastagi',' img_2855.jpg ',NULL,NULL,'blog','blog:post','blog:posts','62','blog/2017/10/pembongkaran-reklame-23-and-24-oktober-di-kabanjahe-dan-berastagi','admin/blog/edit/62','admin/blog/delete/62',NULL),(553,'Jenis-Jenis Perizinan','',NULL,NULL,'pages','pages:page','pages:pages','11','gambaran-umum-instansi','admin/pages/edit/11','admin/pages/delete/11',NULL),(509,'Bagaimana menurut anda tampilan portal baru BPMPTSP ini?','Polling untuk melihat tanggapan visitor terhadap portal baru BPMPTSP Kabupaten Tangerang','bagus, kurang bagus, sedang','321a9830c2960d45c01723bf2f2da942','polls','polls:poll','polls:polls','1','polls/bagaimana-menurut-anda-tampilan-portal-baru-bpmptsp-ini-','admin/polls/edit/1','admin/blog/delete/1',NULL),(507,'Perizinan Kab. Karo','Bagaimana Pendapat Anda Tentang Pelayanan DPM PPTSP Kab. Karo','a bagus, b kurang bagus, c buruk','b59bcf1ca1800a2c6add9f4f08ed30f6','polls','polls:poll','polls:polls','3','polls/perizinan-kab-karo','admin/polls/edit/3','admin/blog/delete/3',NULL);
/*!40000 ALTER TABLE `default_search_index` ENABLE KEYS */;
UNLOCK TABLES;

--
-- Table structure for table `default_settings`
--

DROP TABLE IF EXISTS `default_settings`;
/*!40101 SET @saved_cs_client     = @@character_set_client */;
/*!40101 SET character_set_client = utf8 */;
CREATE TABLE `default_settings` (
  `slug` varchar(30) COLLATE utf8_unicode_ci NOT NULL,
  `title` varchar(100) COLLATE utf8_unicode_ci NOT NULL,
  `description` text COLLATE utf8_unicode_ci NOT NULL,
  `type` set('text','textarea','password','select','select-multiple','radio','checkbox') COLLATE utf8_unicode_ci NOT NULL,
  `default` text COLLATE utf8_unicode_ci NOT NULL,
  `value` text COLLATE utf8_unicode_ci NOT NULL,
  `options` varchar(255) COLLATE utf8_unicode_ci NOT NULL,
  `is_required` int(1) NOT NULL,
  `is_gui` int(1) NOT NULL,
  `module` varchar(50) COLLATE utf8_unicode_ci NOT NULL,
  `order` int(10) NOT NULL DEFAULT '0',
  PRIMARY KEY (`slug`),
  UNIQUE KEY `unique_slug` (`slug`),
  KEY `slug` (`slug`)
) ENGINE=InnoDB DEFAULT CHARSET=utf8 COLLATE=utf8_unicode_ci;
/*!40101 SET character_set_client = @saved_cs_client */;

--
-- Dumping data for table `default_settings`
--

LOCK TABLES `default_settings` WRITE;
/*!40000 ALTER TABLE `default_settings` DISABLE KEYS */;
INSERT INTO `default_settings` VALUES ('activation_email','Activation Email','Send out an e-mail with an activation link when a user signs up. Disable this so that admins must manually activate each account.','select','1','','0=activate_by_admin|1=activate_by_email|2=no_activation',0,1,'users',961),('addons_upload','Addons Upload Permissions','Keeps mere admins from uploading addons by default','text','0','1','',1,0,'',0),('admin_force_https','Force HTTPS for Control Panel?','Allow only the HTTPS protocol when using the Control Panel?','radio','0','','1=Yes|0=No',1,1,'',0),('admin_theme','Control Panel Theme','Select the theme for the control panel.','','','kominfo_admin','func:get_themes',1,0,'',0),('akismet_api_key','Akismet API Key','Akismet is a spam-blocker from the WordPress team. It keeps spam under control without forcing users to get past human-checking CAPTCHA forms.','text','','','',0,1,'integration',981),('auto_username','Auto Username','Create the username automatically, meaning users can skip making one on registration.','radio','1','','1=Enabled|0=Disabled',0,1,'users',964),('cdn_domain','CDN Domain','CDN domains allow you to offload static content to various edge servers, like Amazon CloudFront or MaxCDN.','text','','','',0,1,'integration',1000),('ckeditor_config','CKEditor Config','You can find a list of valid configuration items in <a target=\"_blank\" href=\"http://docs.cksource.com/ckeditor_api/symbols/CKEDITOR.config.html\">CKEditor\'s documentation.</a>','textarea','','{{# this is a wysiwyg-simple editor customized for the blog module (it allows images to be inserted) #}}\n$(\'textarea#intro.wysiwyg-simple\').ckeditor({\n	toolbar: [\n		[\'pyroimages\'],\n		[\'Bold\', \'Italic\', \'-\', \'NumberedList\', \'BulletedList\', \'-\', \'Link\', \'Unlink\']\n	  ],\n	extraPlugins: \'pyroimages\',\n	width: \'99%\',\n	height: 100,\n	dialog_backgroundCoverColor: \'#000\',\n	defaultLanguage: \'{{ helper:config item=\"default_language\" }}\',\n	language: \'{{ global:current_language }}\'\n});\n\n{{# this is the config for all wysiwyg-simple textareas #}}\n$(\'textarea.wysiwyg-simple\').ckeditor({\n	toolbar: [\n		[\'Bold\', \'Italic\', \'-\', \'NumberedList\', \'BulletedList\', \'-\', \'Link\', \'Unlink\']\n	  ],\n	width: \'99%\',\n	height: 100,\n	dialog_backgroundCoverColor: \'#000\',\n	defaultLanguage: \'{{ helper:config item=\"default_language\" }}\',\n	language: \'{{ global:current_language }}\'\n});\n\n{{# and this is the advanced editor #}}\n$(\'textarea.wysiwyg-advanced\').ckeditor({\n	toolbar: [\n		[\'Maximize\'],\n		[\'pyroimages\', \'pyrofiles\'],\n		[\'Cut\',\'Copy\',\'Paste\',\'PasteFromWord\'],\n		[\'Undo\',\'Redo\',\'-\',\'Find\',\'Replace\'],\n		[\'Link\',\'Unlink\'],\n		[\'Table\',\'HorizontalRule\',\'SpecialChar\'],\n		[\'Bold\',\'Italic\',\'StrikeThrough\'],\n		[\'JustifyLeft\',\'JustifyCenter\',\'JustifyRight\',\'JustifyBlock\',\'-\',\'BidiLtr\',\'BidiRtl\'],\n		[\'Format\', \'FontSize\', \'Subscript\',\'Superscript\', \'NumberedList\',\'BulletedList\',\'Outdent\',\'Indent\',\'Blockquote\'],\n		[\'ShowBlocks\', \'RemoveFormat\', \'Source\']\n	],\n	extraPlugins: \'pyroimages,pyrofiles\',\n	width: \'99%\',\n	height: 400,\n	dialog_backgroundCoverColor: \'#000\',\n	removePlugins: \'elementspath\',\n	defaultLanguage: \'{{ helper:config item=\"default_language\" }}\',\n	language: \'{{ global:current_language }}\'\n});','',1,1,'wysiwyg',993),('comment_markdown','Allow Markdown','Do you want to allow visitors to post comments using Markdown?','select','0','0','0=Text Only|1=Allow Markdown',1,1,'comments',965),('comment_order','Comment Order','Sort order in which to display comments.','select','ASC','ASC','ASC=Oldest First|DESC=Newest First',1,1,'comments',966),('contact_email','Contact E-mail','All e-mails from users, guests and the site will go to this e-mail address.','text','bvapframework@gmail.com','indra.halimm@gmail.com','',1,1,'email',979),('currency','Currency','The currency symbol for use on products, services, etc.','text','&pound;','','',1,1,'',994),('daftar_layanan_webservice','Daftar Layanan Setting','URL Web Service untuk Daftar Layanan','text','','http://10.10.100.206/backoffice','',1,1,'daftar_layanan',0),('dashboard_rss','Dashboard RSS Feed','Link to an RSS feed that will be displayed on the dashboard.','text','https://www.pyrocms.com/blog/rss/all.rss','http://yahoo.com','',0,1,'',990),('dashboard_rss_count','Dashboard RSS Items','How many RSS items would you like to display on the dashboard?','text','5','5','',1,1,'',989),('date_format','Date Format','How should dates be displayed across the website and control panel? Using the <a target=\"_blank\" href=\"http://php.net/manual/en/function.date.php\">date format</a> from PHP - OR - Using the format of <a target=\"_blank\" href=\"http://php.net/manual/en/function.strftime.php\">strings formatted as date</a> from PHP.','text','F j, Y','','',1,1,'',995),('default_theme','Default Theme','Select the theme you want users to see by default.','','default','portal_kominfo','func:get_themes',1,0,'',0),('enable_comments','Enable Comments','Enable comments.','radio','1','0','1=Enabled|0=Disabled',1,1,'comments',968),('enable_profiles','Enable profiles','Allow users to add and edit profiles.','radio','1','','1=Enabled|0=Disabled',1,1,'users',963),('enable_registration','Enable user registration','Allow users to register in your site.','radio','1','','1=Enabled|0=Disabled',0,1,'users',961),('files_cache','Files Cache','When outputting an image via site.com/files what shall we set the cache expiration for?','select','480','480','0=no-cache|1=1-minute|60=1-hour|180=3-hour|480=8-hour|1440=1-day|43200=30-days',1,1,'files',986),('files_cf_api_key','Rackspace Cloud Files API Key','You also must provide your Cloud Files API Key. You will find it at the same location as your Username in your Rackspace account.','text','','','',0,1,'files',989),('files_cf_username','Rackspace Cloud Files Username','To enable cloud file storage in your Rackspace Cloud Files account please enter your Cloud Files Username. <a href=\"https://manage.rackspacecloud.com/APIAccess.do\">Find your credentials</a>','text','','','',0,1,'files',990),('files_enabled_providers','Enabled File Storage Providers','Which file storage providers do you want to enable? (If you enable a cloud provider you must provide valid auth keys below','checkbox','0','0','amazon-s3=Amazon S3|rackspace-cf=Rackspace Cloud Files',0,1,'files',994),('files_s3_access_key','Amazon S3 Access Key','To enable cloud file storage in your Amazon S3 account provide your Access Key. <a href=\"https://aws-portal.amazon.com/gp/aws/securityCredentials#access_credentials\">Find your credentials</a>','text','','','',0,1,'files',993),('files_s3_geographic_location','Amazon S3 Geographic Location','Either US or EU. If you change this you must also change the S3 URL.','radio','US','US','US=United States|EU=Europe',1,1,'files',991),('files_s3_secret_key','Amazon S3 Secret Key','You also must provide your Amazon S3 Secret Key. You will find it at the same location as your Access Key in your Amazon account.','text','','','',0,1,'files',992),('files_s3_url','Amazon S3 URL','Change this if using one of Amazon\'s EU locations or a custom domain.','text','http://{{ bucket }}.s3.amazonaws.com/','http://{{ bucket }}.s3.amazonaws.com/','',0,1,'files',991),('files_upload_limit','Filesize Limit','Maximum filesize to allow when uploading. Specify the size in MB. Example: 5','text','5','5','',1,1,'files',987),('forums_editor','Forum Editor','Which editor should the forums use?','select','bbcode','bbcode','bbcode=BBCode|textile=Textile',1,1,'forums',0),('frontend_enabled','Site Status','Use this option to the user-facing part of the site on or off. Useful when you want to take the site down for maintenance.','radio','1','','1=Open|0=Closed',1,1,'',988),('ga_email','Google Analytic E-mail','E-mail address used for Google Analytics, we need this to show the graph on the dashboard.','text','','','',0,1,'integration',983),('ga_password','Google Analytic Password','This is also needed to show the graph on the dashboard. You will need to allow access to Google to get this to work. See <a href=\"https://accounts.google.com/b/0/IssuedAuthSubTokens?hl=en_US\" target=\"_blank\">Authorized Access to your Google Account</a>','password','','','',0,1,'integration',982),('ga_profile','Google Analytic Profile ID','Profile ID for this website in Google Analytics','text','','','',0,1,'integration',984),('ga_tracking','Google Tracking Code','Enter your Google Analytic Tracking Code to activate Google Analytics view data capturing. E.g: UA-19483569-6','text','','','',0,1,'integration',985),('mail_line_endings','Email Line Endings','Change from the standard \\r\\n line ending to PHP_EOL for some email servers.','select','1','1','0=PHP_EOL|1=\\r\\n',0,1,'email',972),('mail_protocol','Mail Protocol','Select desired email protocol.','select','mail','smtp','mail=Mail|sendmail=Sendmail|smtp=SMTP',1,1,'email',977),('mail_sendmail_path','Sendmail Path','Path to server sendmail binary.','text','','','',0,1,'email',972),('mail_smtp_host','SMTP Host Name','The host name of your smtp server.','text','','ssl://smtp.googlemail.com','',0,1,'email',976),('mail_smtp_pass','SMTP password','SMTP password.','password','','24liang1806gmail','',0,1,'email',975),('mail_smtp_port','SMTP Port','SMTP port number.','text','','465','',0,1,'email',974),('mail_smtp_user','SMTP User Name','SMTP user name.','text','','indra.halimm@gmail.com','',0,1,'email',973),('meta_topic','Meta Topic','Two or three words describing this type of company/website.','text','Content Management','Portal, DPM-PPTSP Kab. Karo','',0,1,'',998),('moderate_comments','Moderate Comments','Force comments to be approved before they appear on the site.','radio','1','0','1=Enabled|0=Disabled',1,1,'comments',967),('pengaduan_online_webservice','Pengaduan Online Setting','URL Web Service untuk Pengaduan Online','text','','http://10.10.100.206/backoffice','',1,1,'pengaduan_online',0),('perizinan_online_webservice','Perizinan Online Setting','URL Web Service untuk Perizinan Online','text','','http://10.10.100.206/backoffice','',1,1,'perizinan_online',0),('profile_visibility','Profile Visibility','Specify who can view user profiles on the public site','select','public','public','public=profile_public|owner=profile_owner|hidden=profile_hidden|member=profile_member',0,1,'users',960),('records_per_page','Records Per Page','How many records should we show per page in the admin section?','select','25','10','10=10|25=25|50=50|100=100',1,1,'',992),('registered_email','User Registered Email','Send a notification email to the contact e-mail when someone registers.','radio','1','','1=Enabled|0=Disabled',0,1,'users',962),('rss_feed_items','Feed item count','How many items should we show in RSS/blog feeds?','select','25','','10=10|25=25|50=50|100=100',1,1,'',991),('server_email','Server E-mail','All e-mails to users will come from this e-mail address.','text','admin@localhost','indra.halimm@gmail.com','',1,1,'email',978),('site_lang','Site Language','The native language of the website, used to choose templates of e-mail notifications, contact form, and other features that should not depend on the language of a user.','select','en','id','func:get_supported_lang',1,1,'',997),('site_name','Site Name','The name of the website for page titles and for use around the site.','text','Un-named Website','Portal DPMPPTSP Kab Karo','',1,1,'',1000),('site_public_lang','Public Languages','Which are the languages really supported and offered on the front-end of your website?','checkbox','en','id','func:get_supported_lang',1,1,'',996),('site_slogan','Site Slogan','The slogan of the website for page titles and for use around the site','text','','DPM-PPTSP Kabupaten Karo','',0,1,'',999),('unavailable_message','Unavailable Message','When the site is turned off or there is a major problem, this message will show to users.','textarea','Sorry, this website is currently unavailable.','Sorry, this website is currently unavailable.','',0,1,'',987);
/*!40000 ALTER TABLE `default_settings` ENABLE KEYS */;
UNLOCK TABLES;

--
-- Table structure for table `default_sliders`
--

DROP TABLE IF EXISTS `default_sliders`;
/*!40101 SET @saved_cs_client     = @@character_set_client */;
/*!40101 SET character_set_client = utf8 */;
CREATE TABLE `default_sliders` (
  `id` int(11) NOT NULL AUTO_INCREMENT,
  `folder_id` int(11) NOT NULL DEFAULT '0',
  `jquery` int(11) NOT NULL DEFAULT '0',
  PRIMARY KEY (`id`)
) ENGINE=MyISAM AUTO_INCREMENT=2 DEFAULT CHARSET=utf8 COLLATE=utf8_unicode_ci;
/*!40101 SET character_set_client = @saved_cs_client */;

--
-- Dumping data for table `default_sliders`
--

LOCK TABLES `default_sliders` WRITE;
/*!40000 ALTER TABLE `default_sliders` DISABLE KEYS */;
INSERT INTO `default_sliders` VALUES (1,15,1);
/*!40000 ALTER TABLE `default_sliders` ENABLE KEYS */;
UNLOCK TABLES;

--
-- Table structure for table `default_survey_answers`
--

DROP TABLE IF EXISTS `default_survey_answers`;
/*!40101 SET @saved_cs_client     = @@character_set_client */;
/*!40101 SET character_set_client = utf8 */;
CREATE TABLE `default_survey_answers` (
  `id` int(11) NOT NULL AUTO_INCREMENT,
  `order` int(11) DEFAULT NULL,
  `answer` varchar(255) COLLATE utf8_unicode_ci NOT NULL,
  `survey_question_id` int(11) NOT NULL,
  `survey_voter_id` int(11) NOT NULL,
  PRIMARY KEY (`id`)
) ENGINE=MyISAM DEFAULT CHARSET=utf8 COLLATE=utf8_unicode_ci;
/*!40101 SET character_set_client = @saved_cs_client */;

--
-- Dumping data for table `default_survey_answers`
--

LOCK TABLES `default_survey_answers` WRITE;
/*!40000 ALTER TABLE `default_survey_answers` DISABLE KEYS */;
/*!40000 ALTER TABLE `default_survey_answers` ENABLE KEYS */;
UNLOCK TABLES;

--
-- Table structure for table `default_survey_options`
--

DROP TABLE IF EXISTS `default_survey_options`;
/*!40101 SET @saved_cs_client     = @@character_set_client */;
/*!40101 SET character_set_client = utf8 */;
CREATE TABLE `default_survey_options` (
  `id` int(11) NOT NULL AUTO_INCREMENT,
  `order` int(11) DEFAULT NULL,
  `option_value` int(11) NOT NULL,
  `option_desc` varchar(255) COLLATE utf8_unicode_ci NOT NULL,
  `weight` int(11) NOT NULL,
  `survey_question_id` int(11) NOT NULL,
  PRIMARY KEY (`id`)
) ENGINE=MyISAM AUTO_INCREMENT=57 DEFAULT CHARSET=utf8 COLLATE=utf8_unicode_ci;
/*!40101 SET character_set_client = @saved_cs_client */;

--
-- Dumping data for table `default_survey_options`
--

LOCK TABLES `default_survey_options` WRITE;
/*!40000 ALTER TABLE `default_survey_options` DISABLE KEYS */;
INSERT INTO `default_survey_options` VALUES (1,NULL,1,'Tidak mudah',1,1),(2,NULL,1,'Kurang mudah',2,1),(3,NULL,1,'Mudah',3,1),(4,NULL,1,'Sangat Mudah',4,1),(5,NULL,1,'Tidak sesuai',1,2),(6,NULL,1,'Kurang sesuai',2,2),(7,NULL,1,'Sesuai',3,2),(8,NULL,1,'Sangat sesuai',4,2),(9,NULL,1,'Tidak jelas',1,3),(10,NULL,1,'Kurang jelas',2,3),(11,NULL,1,'Jelas',3,3),(12,NULL,1,'Sangat jelas',4,3),(13,NULL,1,'Tidak disiplin',1,4),(14,NULL,1,'Kurang disiplin',2,4),(15,NULL,1,'Disiplin',3,4),(16,NULL,1,'Sangat disiplin',4,4),(17,NULL,1,'Tidak bertanggung jawab',1,5),(18,NULL,1,'Kurang bertanggung jawab',2,5),(19,NULL,1,'Bertanggung jawab',3,5),(20,NULL,1,'Sangat bertanggung jawab',4,5),(21,NULL,1,'Tidak mampu',1,6),(22,NULL,1,'Kurang mampu',2,6),(23,NULL,1,'Mampu',3,6),(24,NULL,1,'Sangat mampu',4,6),(25,NULL,1,'Tidak cepat',1,7),(26,NULL,1,'Kurang cepat',2,7),(27,NULL,1,'Cepat',3,7),(28,NULL,1,'Sangat cepat',4,7),(29,NULL,1,'Tidak adil',1,8),(30,NULL,1,'Kurang adil',2,8),(31,NULL,1,'Adil',3,8),(32,NULL,1,'Sangat adil',4,8),(33,NULL,1,'Tidak sopan dan ramah',1,9),(34,NULL,1,'Kurang sopan dan ramah',2,9),(35,NULL,1,'Sopan dan ramah',3,9),(36,NULL,1,'Sangat sopan dan ramah',4,9),(37,NULL,1,'Tidak wajar',1,10),(38,NULL,1,'Kurang wajar',2,10),(39,NULL,1,'Wajar',3,10),(40,NULL,1,'Sangat wajar',4,10),(41,NULL,1,'Selalu tidak sesuai',1,11),(42,NULL,1,'Kadang-kadang sesuai',2,11),(43,NULL,1,'Banyak sesuainya',3,11),(44,NULL,1,'Selalu sesuai',4,11),(45,NULL,1,'Selalu tidak tepat',1,12),(46,NULL,1,'Kadang-kadang tepat',2,12),(47,NULL,1,'Banyak tepatnya',3,12),(48,NULL,1,'Selalu tepat atau lebih cepat',4,12),(49,NULL,1,'Tidak nyaman',1,13),(50,NULL,1,'Kurang nyaman',2,13),(51,NULL,1,'Nyaman',3,13),(52,NULL,1,'Sangat nyaman',4,13),(53,NULL,1,'Tidak aman',1,14),(54,NULL,1,'Kurang aman',2,14),(55,NULL,1,'Aman',3,14),(56,NULL,1,'Sangat aman',4,14);
/*!40000 ALTER TABLE `default_survey_options` ENABLE KEYS */;
UNLOCK TABLES;

--
-- Table structure for table `default_survey_participants`
--

DROP TABLE IF EXISTS `default_survey_participants`;
/*!40101 SET @saved_cs_client     = @@character_set_client */;
/*!40101 SET character_set_client = utf8 */;
CREATE TABLE `default_survey_participants` (
  `id` int(11) NOT NULL AUTO_INCREMENT,
  `order` int(11) DEFAULT NULL,
  `nama` varchar(500) COLLATE utf8_unicode_ci NOT NULL,
  `umur` int(11) NOT NULL,
  `jenis_kelamin` varchar(50) COLLATE utf8_unicode_ci NOT NULL,
  `pendidikan_terakhir` varchar(100) COLLATE utf8_unicode_ci NOT NULL,
  `pekerjaan_utama` varchar(100) COLLATE utf8_unicode_ci NOT NULL,
  `created` datetime NOT NULL,
  PRIMARY KEY (`id`)
) ENGINE=MyISAM DEFAULT CHARSET=utf8 COLLATE=utf8_unicode_ci;
/*!40101 SET character_set_client = @saved_cs_client */;

--
-- Dumping data for table `default_survey_participants`
--

LOCK TABLES `default_survey_participants` WRITE;
/*!40000 ALTER TABLE `default_survey_participants` DISABLE KEYS */;
/*!40000 ALTER TABLE `default_survey_participants` ENABLE KEYS */;
UNLOCK TABLES;

--
-- Table structure for table `default_survey_questions`
--

DROP TABLE IF EXISTS `default_survey_questions`;
/*!40101 SET @saved_cs_client     = @@character_set_client */;
/*!40101 SET character_set_client = utf8 */;
CREATE TABLE `default_survey_questions` (
  `id` int(11) NOT NULL AUTO_INCREMENT,
  `order` int(11) DEFAULT NULL,
  `question_desc` varchar(255) COLLATE utf8_unicode_ci NOT NULL,
  `question_type` varchar(25) COLLATE utf8_unicode_ci NOT NULL,
  `multiple_votes` int(1) NOT NULL DEFAULT '0',
  `survey_id` int(11) NOT NULL,
  PRIMARY KEY (`id`)
) ENGINE=MyISAM AUTO_INCREMENT=15 DEFAULT CHARSET=utf8 COLLATE=utf8_unicode_ci;
/*!40101 SET character_set_client = @saved_cs_client */;

--
-- Dumping data for table `default_survey_questions`
--

LOCK TABLES `default_survey_questions` WRITE;
/*!40000 ALTER TABLE `default_survey_questions` DISABLE KEYS */;
INSERT INTO `default_survey_questions` VALUES (1,NULL,'Kemudahan prosedur pelayanan di kantor ini','option',1,1),(2,NULL,'Kesesuaian persyaratan dengan jenis pelayanannya','option',1,1),(3,NULL,'Kejelasan dan kepastian petugas yang melayani','option',1,1),(4,NULL,'Kedisiplinan petugas dalam memberikan pelayanan','option',1,1),(5,NULL,'Tanggung jawab petugas dalam memberikan layanan','option',1,1),(6,NULL,'Kemampuan petugas dalam memberikan layanan','option',1,1),(7,NULL,'Kecepatan pelayanan di kantor ini','option',1,1),(8,NULL,'Keadilan untuk mendapatkan pelayanan di kantor ini','option',1,1),(9,NULL,'Kesopanan dan keramahan petugas yang memberi layanan','option',1,1),(10,NULL,'Kewajaran biaya untuk mendapatkan pelayanan','option',1,1),(11,NULL,'Kesesuaian biaya yang dibayar dengan yang ditetapkan','option',1,1),(12,NULL,'Ketepatan pelaksanaan terhadap jadwal waktu pelayanan','option',1,1),(13,NULL,'Kenyamanan lingkungan di kantor ini','option',1,1),(14,NULL,'Keamanan pelayanan di kantor ini','option',1,1);
/*!40000 ALTER TABLE `default_survey_questions` ENABLE KEYS */;
UNLOCK TABLES;

--
-- Table structure for table `default_survey_voters`
--

DROP TABLE IF EXISTS `default_survey_voters`;
/*!40101 SET @saved_cs_client     = @@character_set_client */;
/*!40101 SET character_set_client = utf8 */;
CREATE TABLE `default_survey_voters` (
  `id` int(11) NOT NULL AUTO_INCREMENT,
  `order` int(11) DEFAULT NULL,
  `ip_address` varchar(50) COLLATE utf8_unicode_ci NOT NULL,
  `session_id` varchar(255) COLLATE utf8_unicode_ci NOT NULL,
  `user_id` int(11) DEFAULT NULL,
  `survey_id` int(11) NOT NULL,
  `timestamp` int(11) NOT NULL,
  PRIMARY KEY (`id`)
) ENGINE=MyISAM DEFAULT CHARSET=utf8 COLLATE=utf8_unicode_ci;
/*!40101 SET character_set_client = @saved_cs_client */;

--
-- Dumping data for table `default_survey_voters`
--

LOCK TABLES `default_survey_voters` WRITE;
/*!40000 ALTER TABLE `default_survey_voters` DISABLE KEYS */;
/*!40000 ALTER TABLE `default_survey_voters` ENABLE KEYS */;
UNLOCK TABLES;

--
-- Table structure for table `default_surveys`
--

DROP TABLE IF EXISTS `default_surveys`;
/*!40101 SET @saved_cs_client     = @@character_set_client */;
/*!40101 SET character_set_client = utf8 */;
CREATE TABLE `default_surveys` (
  `id` int(11) NOT NULL AUTO_INCREMENT,
  `order` int(11) DEFAULT NULL,
  `slug` varchar(255) COLLATE utf8_unicode_ci NOT NULL,
  `description` varchar(255) COLLATE utf8_unicode_ci NOT NULL,
  `open_date` date DEFAULT NULL,
  `close_date` date DEFAULT NULL,
  `active` int(11) NOT NULL,
  PRIMARY KEY (`id`)
) ENGINE=MyISAM AUTO_INCREMENT=2 DEFAULT CHARSET=utf8 COLLATE=utf8_unicode_ci;
/*!40101 SET character_set_client = @saved_cs_client */;

--
-- Dumping data for table `default_surveys`
--

LOCK TABLES `default_surveys` WRITE;
/*!40000 ALTER TABLE `default_surveys` DISABLE KEYS */;
INSERT INTO `default_surveys` VALUES (1,NULL,'survey-1','Survey 1','2015-10-01','2016-12-31',1);
/*!40000 ALTER TABLE `default_surveys` ENABLE KEYS */;
UNLOCK TABLES;

--
-- Table structure for table `default_theme_options`
--

DROP TABLE IF EXISTS `default_theme_options`;
/*!40101 SET @saved_cs_client     = @@character_set_client */;
/*!40101 SET character_set_client = utf8 */;
CREATE TABLE `default_theme_options` (
  `id` int(11) NOT NULL AUTO_INCREMENT,
  `slug` varchar(30) COLLATE utf8_unicode_ci NOT NULL,
  `title` varchar(100) COLLATE utf8_unicode_ci NOT NULL,
  `description` text COLLATE utf8_unicode_ci NOT NULL,
  `type` set('text','textarea','password','select','select-multiple','radio','checkbox','colour-picker') COLLATE utf8_unicode_ci NOT NULL,
  `default` varchar(255) COLLATE utf8_unicode_ci NOT NULL,
  `value` varchar(255) COLLATE utf8_unicode_ci NOT NULL,
  `options` text COLLATE utf8_unicode_ci NOT NULL,
  `is_required` int(1) NOT NULL,
  `theme` varchar(50) COLLATE utf8_unicode_ci NOT NULL,
  PRIMARY KEY (`id`)
) ENGINE=InnoDB AUTO_INCREMENT=29 DEFAULT CHARSET=utf8 COLLATE=utf8_unicode_ci;
/*!40101 SET character_set_client = @saved_cs_client */;

--
-- Dumping data for table `default_theme_options`
--

LOCK TABLES `default_theme_options` WRITE;
/*!40000 ALTER TABLE `default_theme_options` DISABLE KEYS */;
INSERT INTO `default_theme_options` VALUES (1,'pyrocms_recent_comments','Recent Comments','Would you like to display recent comments on the dashboard?','radio','yes','yes','yes=Yes|no=No',1,'pyrocms'),(2,'pyrocms_news_feed','News Feed','Would you like to display the news feed on the dashboard?','radio','yes','yes','yes=Yes|no=No',1,'pyrocms'),(3,'pyrocms_quick_links','Quick Links','Would you like to display quick links on the dashboard?','radio','yes','yes','yes=Yes|no=No',1,'pyrocms'),(4,'pyrocms_analytics_graph','Analytics Graph','Would you like to display the graph on the dashboard?','radio','yes','yes','yes=Yes|no=No',1,'pyrocms'),(5,'show_breadcrumbs','Show Breadcrumbs','Would you like to display breadcrumbs?','radio','yes','yes','yes=Yes|no=No',1,'default'),(6,'layout','Layout','Which type of layout shall we use?','select','2 column','2 column','2 column=Two Column|full-width=Full Width|full-width-home=Full Width Home Page',1,'default'),(7,'background','Background','Choose the default background for the theme.','select','fabric','fabric','black=Black|fabric=Fabric|graph=Graph|leather=Leather|noise=Noise|texture=Texture',1,'base'),(8,'slider','Slider','Would you like to display the slider on the homepage?','radio','yes','yes','yes=Yes|no=No',1,'base'),(9,'color','Default Theme Color','This changes things like background color, link colors etc…','select','pink','pink','red=Red|orange=Orange|yellow=Yellow|green=Green|blue=Blue|pink=Pink',1,'base'),(10,'show_breadcrumbs','Do you want to show breadcrumbs?','If selected it shows a string of breadcrumbs at the top of the page.','radio','yes','yes','yes=Yes|no=No',1,'base'),(11,'idebisnis_recent_comments','Recent Comments','Would you like to display recent comments on the dashboard?','radio','yes','no','yes=Yes|no=No',1,'idebisnis_admin'),(12,'idebisnis_news_feed','News Feed','Would you like to display the news feed on the dashboard?','radio','yes','no','yes=Yes|no=No',1,'idebisnis_admin'),(13,'idebisnis_quick_links','Quick Links','Would you like to display quick links on the dashboard?','radio','yes','yes','yes=Yes|no=No',1,'idebisnis_admin'),(14,'idebisnis_analytics_graph','Analytics Graph','Would you like to display the graph on the dashboard?','radio','yes','no','yes=Yes|no=No',1,'idebisnis_admin'),(15,'show_breadcrumbs','Show Breadcrumbs','Would you like to display breadcrumbs?','radio','yes','yes','yes=Yes|no=No',1,'agam'),(16,'layout','Layout','Which type of layout shall we use?','select','2 column','2 column','2 column=Two Column|full-width=Full Width|full-width-home=Full Width Home Page',1,'agam'),(17,'idebisnis_recent_comments','Recent Comments','Would you like to display recent comments on the dashboard?','radio','yes','yes','yes=Yes|no=No',1,'agam_admin'),(18,'idebisnis_news_feed','News Feed','Would you like to display the news feed on the dashboard?','radio','yes','yes','yes=Yes|no=No',1,'agam_admin'),(19,'idebisnis_quick_links','Quick Links','Would you like to display quick links on the dashboard?','radio','yes','yes','yes=Yes|no=No',1,'agam_admin'),(20,'idebisnis_analytics_graph','Analytics Graph','Would you like to display the graph on the dashboard?','radio','yes','yes','yes=Yes|no=No',1,'agam_admin'),(21,'show_breadcrumbs','Show Breadcrumbs','Would you like to display breadcrumbs?','radio','yes','yes','yes=Yes|no=No',1,'portal_agam'),(22,'layout','Layout','Which type of layout shall we use?','select','2 column','2 column','2 column=Two Column|full-width=Full Width|full-width-home=Full Width Home Page',1,'portal_agam'),(23,'show_breadcrumbs','Show Breadcrumbs','Would you like to display breadcrumbs?','radio','yes','yes','yes=Yes|no=No',1,'portal_kominfo'),(24,'layout','Layout','Which type of layout shall we use?','select','2 column','2 column','2 column=Two Column|full-width=Full Width|full-width-home=Full Width Home Page',1,'portal_kominfo'),(25,'portal_recent_comments','Recent Comments','Would you like to display recent comments on the dashboard?','radio','yes','yes','yes=Yes|no=No',1,'kominfo_admin'),(26,'portal_news_feed','News Feed','Would you like to display the news feed on the dashboard?','radio','yes','yes','yes=Yes|no=No',1,'kominfo_admin'),(27,'portal_quick_links','Quick Links','Would you like to display quick links on the dashboard?','radio','yes','yes','yes=Yes|no=No',1,'kominfo_admin'),(28,'portal_analytics_graph','Analytics Graph','Would you like to display the graph on the dashboard?','radio','yes','yes','yes=Yes|no=No',1,'kominfo_admin');
/*!40000 ALTER TABLE `default_theme_options` ENABLE KEYS */;
UNLOCK TABLES;

--
-- Table structure for table `default_users`
--

DROP TABLE IF EXISTS `default_users`;
/*!40101 SET @saved_cs_client     = @@character_set_client */;
/*!40101 SET character_set_client = utf8 */;
CREATE TABLE `default_users` (
  `id` smallint(5) unsigned NOT NULL AUTO_INCREMENT,
  `email` varchar(60) COLLATE utf8_unicode_ci NOT NULL DEFAULT '',
  `password` varchar(100) COLLATE utf8_unicode_ci NOT NULL DEFAULT '',
  `salt` varchar(6) COLLATE utf8_unicode_ci NOT NULL DEFAULT '',
  `group_id` int(11) DEFAULT NULL,
  `ip_address` varchar(45) COLLATE utf8_unicode_ci DEFAULT NULL,
  `active` int(1) DEFAULT NULL,
  `activation_code` varchar(40) COLLATE utf8_unicode_ci DEFAULT NULL,
  `created_on` int(11) NOT NULL,
  `last_login` int(11) NOT NULL,
  `username` varchar(20) COLLATE utf8_unicode_ci DEFAULT NULL,
  `forgotten_password_code` varchar(40) COLLATE utf8_unicode_ci DEFAULT NULL,
  `remember_code` varchar(40) COLLATE utf8_unicode_ci DEFAULT NULL,
  PRIMARY KEY (`id`),
  KEY `email` (`email`)
) ENGINE=InnoDB AUTO_INCREMENT=13 DEFAULT CHARSET=utf8 COLLATE=utf8_unicode_ci COMMENT='Registered User Information';
/*!40101 SET character_set_client = @saved_cs_client */;

--
-- Dumping data for table `default_users`
--

LOCK TABLES `default_users` WRITE;
/*!40000 ALTER TABLE `default_users` DISABLE KEYS */;
INSERT INTO `default_users` VALUES (1,'admin@123.com','17735ebaf80700296c82b919bb0ff109e08410a5','6e8fa',1,'',1,'',1370958749,1509004259,'admin',NULL,'bec1034769d4798b4db3e6790d1937432365f43e'),(8,'j.fndlee@gmail.com','9a84b7e8bd96c549cc062ac55dc30e5ab6b4cd3a','3f6a07',5,'::1',1,'b9547686cda325a65e89764ca5e243d8794321dd',1393151834,1393744712,'admin2',NULL,'8c229316238c19087e2f86be319d7300cbcb0dbd'),(9,'indra.halimm@gmail.com','e8b9109f21be7eccb4bf800762702ae4427dea6f','caa993',6,'::1',1,NULL,1397663220,1397672467,'investor',NULL,'12887c4a57dfcdbc81ae513d669c71a29495a31a'),(10,'dian.biring@gmail.com','2efc648f1936675cedf8eb1904e00dd47325728b','1aa6e7',2,'10.0.0.1',0,'0bec40581c8a66074cf887c6ffa05c071e3dfc89',1502676223,1502676223,'sembiring',NULL,NULL),(11,'dionsima07@gmail.com','7726afbe8b81b05f86f460c49a2f2a4c1c62a0eb','30a404',2,'10.0.0.1',0,'a75a653f8425a6a48af1c50f97d1890fee02adb6',1507696443,1507696443,'dion.sima',NULL,NULL),(12,'gidiontib@gmail.com','165e52585e1a64abcd65817d1e365411f73eab1d','b0fd4f',2,'10.0.0.1',0,'5046bd42047d308b87b10b29a4f5c96c307b6833',1507696477,1507696477,'dion.sima1',NULL,NULL);
/*!40000 ALTER TABLE `default_users` ENABLE KEYS */;
UNLOCK TABLES;

--
-- Table structure for table `default_variables`
--

DROP TABLE IF EXISTS `default_variables`;
/*!40101 SET @saved_cs_client     = @@character_set_client */;
/*!40101 SET character_set_client = utf8 */;
CREATE TABLE `default_variables` (
  `id` int(11) NOT NULL AUTO_INCREMENT,
  `name` varchar(250) COLLATE utf8_unicode_ci DEFAULT NULL,
  `data` varchar(250) COLLATE utf8_unicode_ci DEFAULT NULL,
  PRIMARY KEY (`id`)
) ENGINE=InnoDB DEFAULT CHARSET=utf8 COLLATE=utf8_unicode_ci;
/*!40101 SET character_set_client = @saved_cs_client */;

--
-- Dumping data for table `default_variables`
--

LOCK TABLES `default_variables` WRITE;
/*!40000 ALTER TABLE `default_variables` DISABLE KEYS */;
/*!40000 ALTER TABLE `default_variables` ENABLE KEYS */;
UNLOCK TABLES;

--
-- Table structure for table `default_widget_areas`
--

DROP TABLE IF EXISTS `default_widget_areas`;
/*!40101 SET @saved_cs_client     = @@character_set_client */;
/*!40101 SET character_set_client = utf8 */;
CREATE TABLE `default_widget_areas` (
  `id` int(11) NOT NULL AUTO_INCREMENT,
  `slug` varchar(100) COLLATE utf8_unicode_ci DEFAULT NULL,
  `title` varchar(100) COLLATE utf8_unicode_ci DEFAULT NULL,
  PRIMARY KEY (`id`)
) ENGINE=InnoDB AUTO_INCREMENT=8 DEFAULT CHARSET=utf8 COLLATE=utf8_unicode_ci;
/*!40101 SET character_set_client = @saved_cs_client */;

--
-- Dumping data for table `default_widget_areas`
--

LOCK TABLES `default_widget_areas` WRITE;
/*!40000 ALTER TABLE `default_widget_areas` DISABLE KEYS */;
INSERT INTO `default_widget_areas` VALUES (3,'main-content','Main Content'),(4,'sidebar-left','Sidebar Left'),(5,'slider','Slider'),(6,'top-area','Top Area'),(7,'sidebar-right','Sidebar Right');
/*!40000 ALTER TABLE `default_widget_areas` ENABLE KEYS */;
UNLOCK TABLES;

--
-- Table structure for table `default_widget_instances`
--

DROP TABLE IF EXISTS `default_widget_instances`;
/*!40101 SET @saved_cs_client     = @@character_set_client */;
/*!40101 SET character_set_client = utf8 */;
CREATE TABLE `default_widget_instances` (
  `id` int(11) NOT NULL AUTO_INCREMENT,
  `title` varchar(100) COLLATE utf8_unicode_ci DEFAULT NULL,
  `widget_id` int(11) DEFAULT NULL,
  `widget_area_id` int(11) DEFAULT NULL,
  `options` text COLLATE utf8_unicode_ci NOT NULL,
  `order` int(10) NOT NULL DEFAULT '0',
  `created_on` int(11) NOT NULL DEFAULT '0',
  `updated_on` int(11) NOT NULL DEFAULT '0',
  PRIMARY KEY (`id`)
) ENGINE=InnoDB AUTO_INCREMENT=61 DEFAULT CHARSET=utf8 COLLATE=utf8_unicode_ci;
/*!40101 SET character_set_client = @saved_cs_client */;

--
-- Dumping data for table `default_widget_instances`
--

LOCK TABLES `default_widget_instances` WRITE;
/*!40000 ALTER TABLE `default_widget_instances` DISABLE KEYS */;
INSERT INTO `default_widget_instances` VALUES (21,'Link ke Website Terkait',29,4,'a:1:{s:5:\"limit\";s:1:\"5\";}',4,1393787174,0),(24,'Info Singkat',31,6,'a:1:{s:5:\"limit\";s:2:\"10\";}',1,1394283330,0),(25,'Info Publik',24,3,'a:2:{s:10:\"show_title\";s:1:\"1\";s:5:\"limit\";s:1:\"5\";}',1,1394866493,0),(30,'Minimalistic Slideshow',34,4,'a:2:{s:5:\"limit\";s:1:\"5\";s:9:\"folder_id\";s:2:\"26\";}',1,1395075197,1395077791),(37,'Periksa Status Permohonan',22,4,'a:0:{}',3,1399612006,0),(50,'daftar pemohon Yang Belum di ambil',38,7,'a:2:{s:10:\"show_title\";s:1:\"1\";s:5:\"limit\";s:1:\"5\";}',3,1497605734,1498032187),(51,'Daftar Pemohon Yang Diterbitkan',39,7,'a:2:{s:10:\"show_title\";s:1:\"1\";s:5:\"limit\";s:1:\"5\";}',4,1498032179,0),(55,'Daftar Download',36,4,'a:1:{s:5:\"limit\";s:1:\"5\";}',5,1501172364,0),(56,'Daftar Formulir',37,7,'a:2:{s:10:\"show_title\";s:1:\"1\";s:5:\"limit\";s:1:\"5\";}',5,1501172503,0),(58,'Simulasi Tarif',35,3,'a:1:{s:10:\"show_title\";s:1:\"1\";}',2,1501217435,1501747871),(59,'Traking Status',22,4,'a:1:{s:10:\"show_title\";s:1:\"1\";}',6,1501217483,0),(60,'Logo Umum',23,5,'a:16:{s:9:\"slider_id\";s:2:\"43\";s:5:\"theme\";s:7:\"default\";s:8:\"captions\";s:5:\"false\";s:6:\"effect\";s:4:\"fade\";s:9:\"animSpeed\";s:3:\"500\";s:9:\"pauseTime\";s:4:\"3000\";s:12:\"directionNav\";s:4:\"true\";s:16:\"directionNavHide\";s:4:\"true\";s:10:\"controlNav\";s:4:\"true\";s:16:\"controlNavThumbs\";s:5:\"false\";s:11:\"keyboardNav\";s:4:\"true\";s:12:\"pauseOnHover\";s:4:\"true\";s:13:\"manualAdvance\";s:5:\"false\";s:6:\"slices\";s:2:\"15\";s:7:\"boxCols\";s:1:\"8\";s:7:\"boxRows\";s:1:\"4\";}',2,1502329723,1502330423);
/*!40000 ALTER TABLE `default_widget_instances` ENABLE KEYS */;
UNLOCK TABLES;

--
-- Table structure for table `default_widgets`
--

DROP TABLE IF EXISTS `default_widgets`;
/*!40101 SET @saved_cs_client     = @@character_set_client */;
/*!40101 SET character_set_client = utf8 */;
CREATE TABLE `default_widgets` (
  `id` int(11) NOT NULL AUTO_INCREMENT,
  `slug` varchar(100) COLLATE utf8_unicode_ci NOT NULL DEFAULT '',
  `title` text COLLATE utf8_unicode_ci NOT NULL,
  `description` text COLLATE utf8_unicode_ci NOT NULL,
  `author` varchar(100) COLLATE utf8_unicode_ci NOT NULL DEFAULT '',
  `website` varchar(255) COLLATE utf8_unicode_ci NOT NULL DEFAULT '',
  `version` varchar(20) COLLATE utf8_unicode_ci NOT NULL DEFAULT '0',
  `enabled` int(1) NOT NULL DEFAULT '1',
  `order` int(10) NOT NULL DEFAULT '0',
  `updated_on` int(11) NOT NULL DEFAULT '0',
  PRIMARY KEY (`id`)
) ENGINE=InnoDB AUTO_INCREMENT=41 DEFAULT CHARSET=utf8 COLLATE=utf8_unicode_ci;
/*!40101 SET character_set_client = @saved_cs_client */;

--
-- Dumping data for table `default_widgets`
--

LOCK TABLES `default_widgets` WRITE;
/*!40000 ALTER TABLE `default_widgets` DISABLE KEYS */;
INSERT INTO `default_widgets` VALUES (1,'google_maps','a:10:{s:2:\"en\";s:11:\"Google Maps\";s:2:\"el\";s:19:\"Χάρτης Google\";s:2:\"nl\";s:11:\"Google Maps\";s:2:\"br\";s:11:\"Google Maps\";s:2:\"pt\";s:11:\"Google Maps\";s:2:\"ru\";s:17:\"Карты Google\";s:2:\"id\";s:11:\"Google Maps\";s:2:\"fi\";s:11:\"Google Maps\";s:2:\"fr\";s:11:\"Google Maps\";s:2:\"fa\";s:17:\"نقشه گوگل\";}','a:10:{s:2:\"en\";s:32:\"Display Google Maps on your site\";s:2:\"el\";s:78:\"Προβάλετε έναν Χάρτη Google στον ιστότοπό σας\";s:2:\"nl\";s:27:\"Toon Google Maps in uw site\";s:2:\"br\";s:34:\"Mostra mapas do Google no seu site\";s:2:\"pt\";s:34:\"Mostra mapas do Google no seu site\";s:2:\"ru\";s:80:\"Выводит карты Google на страницах вашего сайта\";s:2:\"id\";s:37:\"Menampilkan Google Maps di Situs Anda\";s:2:\"fi\";s:39:\"Näytä Google Maps kartta sivustollasi\";s:2:\"fr\";s:42:\"Publiez un plan Google Maps sur votre site\";s:2:\"fa\";s:59:\"نمایش داده نقشه گوگل بر روی سایت \";}','Gregory Athons','http://www.gregathons.com','1.0.0',1,1,1501171945),(2,'html','s:4:\"HTML\";','a:10:{s:2:\"en\";s:28:\"Create blocks of custom HTML\";s:2:\"el\";s:80:\"Δημιουργήστε περιοχές με δικό σας κώδικα HTML\";s:2:\"br\";s:41:\"Permite criar blocos de HTML customizados\";s:2:\"pt\";s:41:\"Permite criar blocos de HTML customizados\";s:2:\"nl\";s:30:\"Maak blokken met maatwerk HTML\";s:2:\"ru\";s:83:\"Создание HTML-блоков с произвольным содержимым\";s:2:\"id\";s:24:\"Membuat blok HTML apapun\";s:2:\"fi\";s:32:\"Luo lohkoja omasta HTML koodista\";s:2:\"fr\";s:36:\"Créez des blocs HTML personnalisés\";s:2:\"fa\";s:58:\"ایجاد قسمت ها به صورت اچ تی ام ال\";}','Phil Sturgeon','http://philsturgeon.co.uk/','1.0.0',1,2,1501171946),(3,'login','a:10:{s:2:\"en\";s:5:\"Login\";s:2:\"el\";s:14:\"Σύνδεση\";s:2:\"nl\";s:5:\"Login\";s:2:\"br\";s:5:\"Login\";s:2:\"pt\";s:5:\"Login\";s:2:\"ru\";s:22:\"Вход на сайт\";s:2:\"id\";s:5:\"Login\";s:2:\"fi\";s:13:\"Kirjautuminen\";s:2:\"fr\";s:9:\"Connexion\";s:2:\"fa\";s:10:\"لاگین\";}','a:10:{s:2:\"en\";s:36:\"Display a simple login form anywhere\";s:2:\"el\";s:96:\"Προβάλετε μια απλή φόρμα σύνδεσης χρήστη οπουδήποτε\";s:2:\"br\";s:69:\"Permite colocar um formulário de login em qualquer lugar do seu site\";s:2:\"pt\";s:69:\"Permite colocar um formulário de login em qualquer lugar do seu site\";s:2:\"nl\";s:32:\"Toon overal een simpele loginbox\";s:2:\"ru\";s:72:\"Выводит простую форму для входа на сайт\";s:2:\"id\";s:32:\"Menampilkan form login sederhana\";s:2:\"fi\";s:52:\"Näytä yksinkertainen kirjautumislomake missä vain\";s:2:\"fr\";s:54:\"Affichez un formulaire de connexion où vous souhaitez\";s:2:\"fa\";s:70:\"نمایش یک لاگین ساده در هر قسمتی از سایت\";}','Phil Sturgeon','http://philsturgeon.co.uk/','1.0.0',1,3,1501171946),(4,'navigation','a:10:{s:2:\"en\";s:10:\"Navigation\";s:2:\"el\";s:16:\"Πλοήγηση\";s:2:\"nl\";s:9:\"Navigatie\";s:2:\"br\";s:11:\"Navegação\";s:2:\"pt\";s:11:\"Navegação\";s:2:\"ru\";s:18:\"Навигация\";s:2:\"id\";s:8:\"Navigasi\";s:2:\"fi\";s:10:\"Navigaatio\";s:2:\"fr\";s:10:\"Navigation\";s:2:\"fa\";s:10:\"منوها\";}','a:10:{s:2:\"en\";s:40:\"Display a navigation group with a widget\";s:2:\"el\";s:100:\"Προβάλετε μια ομάδα στοιχείων πλοήγησης στον ιστότοπο\";s:2:\"nl\";s:38:\"Toon een navigatiegroep met een widget\";s:2:\"br\";s:62:\"Exibe um grupo de links de navegação como widget em seu site\";s:2:\"pt\";s:62:\"Exibe um grupo de links de navegação como widget no seu site\";s:2:\"ru\";s:88:\"Отображает навигационную группу внутри виджета\";s:2:\"id\";s:44:\"Menampilkan grup navigasi menggunakan widget\";s:2:\"fi\";s:37:\"Näytä widgetillä navigaatio ryhmä\";s:2:\"fr\";s:47:\"Affichez un groupe de navigation dans un widget\";s:2:\"fa\";s:71:\"نمایش گروهی از منوها با استفاده از ویجت\";}','Phil Sturgeon','http://philsturgeon.co.uk/','1.2.0',1,4,1501171946),(5,'rss_feed','a:10:{s:2:\"en\";s:8:\"RSS Feed\";s:2:\"el\";s:24:\"Τροφοδοσία RSS\";s:2:\"nl\";s:8:\"RSS Feed\";s:2:\"br\";s:8:\"Feed RSS\";s:2:\"pt\";s:8:\"Feed RSS\";s:2:\"ru\";s:31:\"Лента новостей RSS\";s:2:\"id\";s:8:\"RSS Feed\";s:2:\"fi\";s:10:\"RSS Syöte\";s:2:\"fr\";s:8:\"Flux RSS\";s:2:\"fa\";s:19:\"خبر خوان RSS\";}','a:10:{s:2:\"en\";s:41:\"Display parsed RSS feeds on your websites\";s:2:\"el\";s:82:\"Προβάλετε τα περιεχόμενα μιας τροφοδοσίας RSS\";s:2:\"nl\";s:28:\"Toon RSS feeds op uw website\";s:2:\"br\";s:48:\"Interpreta e exibe qualquer feed RSS no seu site\";s:2:\"pt\";s:48:\"Interpreta e exibe qualquer feed RSS no seu site\";s:2:\"ru\";s:94:\"Выводит обработанную ленту новостей на вашем сайте\";s:2:\"id\";s:42:\"Menampilkan kutipan RSS feed di situs Anda\";s:2:\"fi\";s:39:\"Näytä purettu RSS syöte sivustollasi\";s:2:\"fr\";s:39:\"Affichez un flux RSS sur votre site web\";s:2:\"fa\";s:46:\"نمایش خوراک های RSS در سایت\";}','Phil Sturgeon','http://philsturgeon.co.uk/','1.2.0',1,5,1501171946),(6,'social_bookmark','a:10:{s:2:\"en\";s:15:\"Social Bookmark\";s:2:\"el\";s:35:\"Κοινωνική δικτύωση\";s:2:\"nl\";s:19:\"Sociale Bladwijzers\";s:2:\"br\";s:15:\"Social Bookmark\";s:2:\"pt\";s:15:\"Social Bookmark\";s:2:\"ru\";s:37:\"Социальные закладки\";s:2:\"id\";s:15:\"Social Bookmark\";s:2:\"fi\";s:24:\"Sosiaalinen kirjanmerkki\";s:2:\"fr\";s:13:\"Liens sociaux\";s:2:\"fa\";s:52:\"بوکمارک های شبکه های اجتماعی\";}','a:10:{s:2:\"en\";s:47:\"Configurable social bookmark links from AddThis\";s:2:\"el\";s:111:\"Παραμετροποιήσιμα στοιχεία κοινωνικής δικτυώσης από το AddThis\";s:2:\"nl\";s:43:\"Voeg sociale bladwijzers toe vanuit AddThis\";s:2:\"br\";s:87:\"Adiciona links de redes sociais usando o AddThis, podendo fazer algumas configurações\";s:2:\"pt\";s:87:\"Adiciona links de redes sociais usando o AddThis, podendo fazer algumas configurações\";s:2:\"ru\";s:90:\"Конфигурируемые социальные закладки с сайта AddThis\";s:2:\"id\";s:60:\"Tautan social bookmark yang dapat dikonfigurasi dari AddThis\";s:2:\"fi\";s:59:\"Konfiguroitava sosiaalinen kirjanmerkki linkit AddThis:stä\";s:2:\"fr\";s:43:\"Liens sociaux personnalisables avec AddThis\";s:2:\"fa\";s:71:\"تنظیم و نمایش لینک های شبکه های اجتماعی\";}','Phil Sturgeon','http://philsturgeon.co.uk/','1.0.0',1,6,1501171946),(7,'archive','a:8:{s:2:\"en\";s:7:\"Archive\";s:2:\"br\";s:15:\"Arquivo do Blog\";s:2:\"fa\";s:10:\"آرشیو\";s:2:\"pt\";s:15:\"Arquivo do Blog\";s:2:\"el\";s:33:\"Αρχείο Ιστολογίου\";s:2:\"fr\";s:16:\"Archives du Blog\";s:2:\"ru\";s:10:\"Архив\";s:2:\"id\";s:7:\"Archive\";}','a:8:{s:2:\"en\";s:64:\"Display a list of old months with links to posts in those months\";s:2:\"br\";s:95:\"Mostra uma lista navegação cronológica contendo o índice dos artigos publicados mensalmente\";s:2:\"fa\";s:101:\"نمایش لیست ماه های گذشته به همراه لینک به پست های مربوطه\";s:2:\"pt\";s:95:\"Mostra uma lista navegação cronológica contendo o índice dos artigos publicados mensalmente\";s:2:\"el\";s:155:\"Προβάλλει μια λίστα μηνών και συνδέσμους σε αναρτήσεις που έγιναν σε κάθε από αυτούς\";s:2:\"fr\";s:95:\"Permet d\'afficher une liste des mois passés avec des liens vers les posts relatifs à ces mois\";s:2:\"ru\";s:114:\"Выводит список по месяцам со ссылками на записи в этих месяцах\";s:2:\"id\";s:63:\"Menampilkan daftar bulan beserta tautan post di setiap bulannya\";}','Phil Sturgeon','http://philsturgeon.co.uk/','1.0.0',0,7,1501171945),(8,'blog_categories','a:8:{s:2:\"en\";s:15:\"Blog Categories\";s:2:\"br\";s:18:\"Categorias do Blog\";s:2:\"pt\";s:18:\"Categorias do Blog\";s:2:\"el\";s:41:\"Κατηγορίες Ιστολογίου\";s:2:\"fr\";s:19:\"Catégories du Blog\";s:2:\"ru\";s:29:\"Категории Блога\";s:2:\"id\";s:12:\"Kateori Blog\";s:2:\"fa\";s:28:\"مجموعه های بلاگ\";}','a:8:{s:2:\"en\";s:30:\"Show a list of blog categories\";s:2:\"br\";s:57:\"Mostra uma lista de navegação com as categorias do Blog\";s:2:\"pt\";s:57:\"Mostra uma lista de navegação com as categorias do Blog\";s:2:\"el\";s:97:\"Προβάλει την λίστα των κατηγοριών του ιστολογίου σας\";s:2:\"fr\";s:49:\"Permet d\'afficher la liste de Catégories du Blog\";s:2:\"ru\";s:57:\"Выводит список категорий блога\";s:2:\"id\";s:35:\"Menampilkan daftar kategori tulisan\";s:2:\"fa\";s:55:\"نمایش لیستی از مجموعه های بلاگ\";}','Stephen Cozart','http://github.com/clip/','1.0.0',1,8,1501171945),(9,'latest_posts','a:8:{s:2:\"en\";s:12:\"Latest posts\";s:2:\"br\";s:24:\"Artigos recentes do Blog\";s:2:\"fa\";s:26:\"آخرین ارسال ها\";s:2:\"pt\";s:24:\"Artigos recentes do Blog\";s:2:\"el\";s:62:\"Τελευταίες αναρτήσεις ιστολογίου\";s:2:\"fr\";s:17:\"Derniers articles\";s:2:\"ru\";s:31:\"Последние записи\";s:2:\"id\";s:12:\"Post Terbaru\";}','a:8:{s:2:\"en\";s:39:\"Display latest blog posts with a widget\";s:2:\"br\";s:81:\"Mostra uma lista de navegação para abrir os últimos artigos publicados no Blog\";s:2:\"fa\";s:65:\"نمایش آخرین پست های وبلاگ در یک ویجت\";s:2:\"pt\";s:81:\"Mostra uma lista de navegação para abrir os últimos artigos publicados no Blog\";s:2:\"el\";s:103:\"Προβάλει τις πιο πρόσφατες αναρτήσεις στο ιστολόγιό σας\";s:2:\"fr\";s:68:\"Permet d\'afficher la liste des derniers posts du blog dans un Widget\";s:2:\"ru\";s:100:\"Выводит список последних записей блога внутри виджета\";s:2:\"id\";s:51:\"Menampilkan posting blog terbaru menggunakan widget\";}','Erik Berman','http://www.nukleo.fr','1.0.0',0,9,1501171946),(21,'polls','s:11:\"Poll Widget\";','s:15:\"Display a poll.\";','Victor Michnowicz','http://www.vmichnowicz.com/','0.4',1,21,1501171946),(22,'tracking_perizinan','a:2:{s:2:\"en\";s:25:\"Tracking Status Perizinan\";s:2:\"id\";s:25:\"Tracking Status Perizinan\";}','a:2:{s:2:\"en\";s:25:\"Tracking Status Perizinan\";s:2:\"id\";s:25:\"Tracking Status Perizinan\";}','Indra Halim','http://www.indra.com','1.0.0',1,22,1501171946),(23,'slider','a:1:{s:2:\"en\";s:6:\"Slider\";}','a:1:{s:2:\"en\";s:38:\"Display a Nivo Slider on your website.\";}','Michael Giuliana','http://rpnzl.com','1.1',1,23,1501171946),(24,'info_publik','a:8:{s:2:\"en\";s:18:\"Latest Public Info\";s:2:\"br\";s:24:\"Artigos recentes do Blog\";s:2:\"fa\";s:26:\"آخرین ارسال ها\";s:2:\"pt\";s:24:\"Artigos recentes do Blog\";s:2:\"el\";s:62:\"Τελευταίες αναρτήσεις ιστολογίου\";s:2:\"fr\";s:17:\"Derniers articles\";s:2:\"ru\";s:31:\"Последние записи\";s:2:\"id\";s:24:\"Post Info Publik Terbaru\";}','a:8:{s:2:\"en\";s:39:\"Display latest blog posts with a widget\";s:2:\"br\";s:81:\"Mostra uma lista de navegação para abrir os últimos artigos publicados no Blog\";s:2:\"fa\";s:65:\"نمایش آخرین پست های وبلاگ در یک ویجت\";s:2:\"pt\";s:81:\"Mostra uma lista de navegação para abrir os últimos artigos publicados no Blog\";s:2:\"el\";s:103:\"Προβάλει τις πιο πρόσφατες αναρτήσεις στο ιστολόγιό σας\";s:2:\"fr\";s:68:\"Permet d\'afficher la liste des derniers posts du blog dans un Widget\";s:2:\"ru\";s:100:\"Выводит список последних записей блога внутри виджета\";s:2:\"id\";s:58:\"Menampilkan posting info publik terbaru menggunakan widget\";}','Indra Halim','http://www.nukleo.fr','1.0.0',1,24,1501171946),(25,'kegiatan_kpmpt','a:8:{s:2:\"en\";s:21:\"Latest KPMPT Activity\";s:2:\"br\";s:24:\"Artigos recentes do Blog\";s:2:\"fa\";s:26:\"آخرین ارسال ها\";s:2:\"pt\";s:24:\"Artigos recentes do Blog\";s:2:\"el\";s:62:\"Τελευταίες αναρτήσεις ιστολογίου\";s:2:\"fr\";s:17:\"Derniers articles\";s:2:\"ru\";s:31:\"Последние записи\";s:2:\"id\";s:27:\"Post Kegiatan KPMPT Terbaru\";}','a:8:{s:2:\"en\";s:39:\"Display latest blog posts with a widget\";s:2:\"br\";s:81:\"Mostra uma lista de navegação para abrir os últimos artigos publicados no Blog\";s:2:\"fa\";s:65:\"نمایش آخرین پست های وبلاگ در یک ویجت\";s:2:\"pt\";s:81:\"Mostra uma lista de navegação para abrir os últimos artigos publicados no Blog\";s:2:\"el\";s:103:\"Προβάλει τις πιο πρόσφατες αναρτήσεις στο ιστολόγιό σας\";s:2:\"fr\";s:68:\"Permet d\'afficher la liste des derniers posts du blog dans un Widget\";s:2:\"ru\";s:100:\"Выводит список последних записей блога внутри виджета\";s:2:\"id\";s:66:\"Menampilkan posting info kegiatan KPMPT terbaru menggunakan widget\";}','Indra Halim','http://www.indra.com','1.0.0',1,25,1501171946),(26,'gallery_terbaru','a:8:{s:2:\"en\";s:14:\"Latest Gallery\";s:2:\"br\";s:24:\"Artigos recentes do Blog\";s:2:\"fa\";s:26:\"آخرین ارسال ها\";s:2:\"pt\";s:24:\"Artigos recentes do Blog\";s:2:\"el\";s:62:\"Τελευταίες αναρτήσεις ιστολογίου\";s:2:\"fr\";s:17:\"Derniers articles\";s:2:\"ru\";s:31:\"Последние записи\";s:2:\"id\";s:15:\"Gallery terbaru\";}','a:8:{s:2:\"en\";s:36:\"Display latest gallery with a widget\";s:2:\"br\";s:81:\"Mostra uma lista de navegação para abrir os últimos artigos publicados no Blog\";s:2:\"fa\";s:65:\"نمایش آخرین پست های وبلاگ در یک ویجت\";s:2:\"pt\";s:81:\"Mostra uma lista de navegação para abrir os últimos artigos publicados no Blog\";s:2:\"el\";s:103:\"Προβάλει τις πιο πρόσφατες αναρτήσεις στο ιστολόγιό σας\";s:2:\"fr\";s:68:\"Permet d\'afficher la liste des derniers posts du blog dans un Widget\";s:2:\"ru\";s:100:\"Выводит список последних записей блога внутри виджета\";s:2:\"id\";s:27:\"Menampilkan gallery terbaru\";}','Indra Halim','http://www.indra.com','1.0.0',1,26,1501171945),(29,'link_website','a:8:{s:2:\"en\";s:17:\"List Link Website\";s:2:\"br\";s:24:\"Artigos recentes do Blog\";s:2:\"fa\";s:26:\"آخرین ارسال ها\";s:2:\"pt\";s:24:\"Artigos recentes do Blog\";s:2:\"el\";s:62:\"Τελευταίες αναρτήσεις ιστολογίου\";s:2:\"fr\";s:17:\"Derniers articles\";s:2:\"ru\";s:31:\"Последние записи\";s:2:\"id\";s:17:\"List Link Website\";}','a:8:{s:2:\"en\";s:21:\"Display website links\";s:2:\"br\";s:81:\"Mostra uma lista de navegação para abrir os últimos artigos publicados no Blog\";s:2:\"fa\";s:65:\"نمایش آخرین پست های وبلاگ در یک ویجت\";s:2:\"pt\";s:81:\"Mostra uma lista de navegação para abrir os últimos artigos publicados no Blog\";s:2:\"el\";s:103:\"Προβάλει τις πιο πρόσφατες αναρτήσεις στο ιστολόγιό σας\";s:2:\"fr\";s:68:\"Permet d\'afficher la liste des derniers posts du blog dans un Widget\";s:2:\"ru\";s:100:\"Выводит список последних записей блога внутри виджета\";s:2:\"id\";s:31:\"Menampilkan daftar link website\";}','Indra Halim','http://www.indra.com','1.0.0',1,29,1501171946),(31,'info_singkat','a:8:{s:2:\"en\";s:10:\"Quick Info\";s:2:\"br\";s:24:\"Artigos recentes do Blog\";s:2:\"fa\";s:26:\"آخرین ارسال ها\";s:2:\"pt\";s:24:\"Artigos recentes do Blog\";s:2:\"el\";s:62:\"Τελευταίες αναρτήσεις ιστολογίου\";s:2:\"fr\";s:17:\"Derniers articles\";s:2:\"ru\";s:31:\"Последние записи\";s:2:\"id\";s:12:\"Info Singkat\";}','a:8:{s:2:\"en\";s:18:\"Display quick info\";s:2:\"br\";s:81:\"Mostra uma lista de navegação para abrir os últimos artigos publicados no Blog\";s:2:\"fa\";s:65:\"نمایش آخرین پست های وبلاگ در یک ویجت\";s:2:\"pt\";s:81:\"Mostra uma lista de navegação para abrir os últimos artigos publicados no Blog\";s:2:\"el\";s:103:\"Προβάλει τις πιο πρόσφατες αναρτήσεις στο ιστολόγιό σας\";s:2:\"fr\";s:68:\"Permet d\'afficher la liste des derniers posts du blog dans un Widget\";s:2:\"ru\";s:100:\"Выводит список последних записей блога внутри виджета\";s:2:\"id\";s:24:\"Menampilkan info singkat\";}','Indra Halim','http://www.nukleo.fr','1.0.0',1,31,1501171946),(32,'potensi_peluang','a:8:{s:2:\"en\";s:36:\"Potensi Daerah dan Peluang Investasi\";s:2:\"br\";s:24:\"Artigos recentes do Blog\";s:2:\"fa\";s:26:\"آخرین ارسال ها\";s:2:\"pt\";s:24:\"Artigos recentes do Blog\";s:2:\"el\";s:62:\"Τελευταίες αναρτήσεις ιστολογίου\";s:2:\"fr\";s:17:\"Derniers articles\";s:2:\"ru\";s:31:\"Последние записи\";s:2:\"id\";s:36:\"Potensi Daerah dan Peluang Investasi\";}','a:8:{s:2:\"en\";s:52:\"Display Potensi Kabupaten Agam and Peluang Investasi\";s:2:\"br\";s:81:\"Mostra uma lista de navegação para abrir os últimos artigos publicados no Blog\";s:2:\"fa\";s:65:\"نمایش آخرین پست های وبلاگ در یک ویجت\";s:2:\"pt\";s:81:\"Mostra uma lista de navegação para abrir os últimos artigos publicados no Blog\";s:2:\"el\";s:103:\"Προβάλει τις πιο πρόσφατες αναρτήσεις στο ιστολόγιό σας\";s:2:\"fr\";s:68:\"Permet d\'afficher la liste des derniers posts du blog dans un Widget\";s:2:\"ru\";s:100:\"Выводит список последних записей блога внутри виджета\";s:2:\"id\";s:56:\"Menampilkan Potensi Kabupaten Agam dan Peluang Investasi\";}','Indra Halim','http://www.nukleo.fr','1.0.0',1,32,1501171946),(33,'permohonan_proses','a:2:{s:2:\"en\";s:17:\"Daftar Permohonan\";s:2:\"id\";s:17:\"Daftar Permohonan\";}','a:2:{s:2:\"en\";s:38:\"Daftar Permohonan yang sedang diproses\";s:2:\"id\";s:38:\"Daftar Permohonan yang sedang diproses\";}','Indra Halim','http://www.indra.com','1.0.0',1,33,1501171946),(34,'minimalistic_slideshow','a:8:{s:2:\"en\";s:29:\"Minimalistic Slideshow Widget\";s:2:\"br\";s:24:\"Artigos recentes do Blog\";s:2:\"fa\";s:26:\"آخرین ارسال ها\";s:2:\"pt\";s:24:\"Artigos recentes do Blog\";s:2:\"el\";s:62:\"Τελευταίες αναρτήσεις ιστολογίου\";s:2:\"fr\";s:17:\"Derniers articles\";s:2:\"ru\";s:31:\"Последние записи\";s:2:\"id\";s:29:\"Minimalistic Slideshow Widget\";}','a:8:{s:2:\"en\";s:62:\"Widget untuk menampilkan gambar dengan Minimalisitic Slideshow\";s:2:\"br\";s:81:\"Mostra uma lista de navegação para abrir os últimos artigos publicados no Blog\";s:2:\"fa\";s:65:\"نمایش آخرین پست های وبلاگ در یک ویجت\";s:2:\"pt\";s:81:\"Mostra uma lista de navegação para abrir os últimos artigos publicados no Blog\";s:2:\"el\";s:103:\"Προβάλει τις πιο πρόσφατες αναρτήσεις στο ιστολόγιό σας\";s:2:\"fr\";s:68:\"Permet d\'afficher la liste des derniers posts du blog dans un Widget\";s:2:\"ru\";s:100:\"Выводит список последних записей блога внутри виджета\";s:2:\"id\";s:62:\"Widget untuk menampilkan gambar dengan Minimalisitic Slideshow\";}','Indra Halim','http://www.indra.com','1.0.0',1,34,1501171946),(35,'simulasi_tarif','a:2:{s:2:\"en\";s:14:\"Simulasi Tarif\";s:2:\"id\";s:14:\"Simulasi Tarif\";}','a:2:{s:2:\"en\";s:21:\"Widget Simulasi Tarif\";s:2:\"id\";s:21:\"Widget Simulasi Tarif\";}','Indra Halim','http://www.indra.com','1.0.0',1,35,1501171946),(36,'dasar_hukum_download','a:8:{s:2:\"en\";s:34:\"Download Dasar Hukum untuk Layanan\";s:2:\"br\";s:24:\"Artigos recentes do Blog\";s:2:\"fa\";s:26:\"آخرین ارسال ها\";s:2:\"pt\";s:24:\"Artigos recentes do Blog\";s:2:\"el\";s:62:\"Τελευταίες αναρτήσεις ιστολογίου\";s:2:\"fr\";s:17:\"Derniers articles\";s:2:\"ru\";s:31:\"Последние записи\";s:2:\"id\";s:15:\"Daftar Download\";}','a:8:{s:2:\"en\";s:41:\"Display latest downloadable with a widget\";s:2:\"br\";s:81:\"Mostra uma lista de navegação para abrir os últimos artigos publicados no Blog\";s:2:\"fa\";s:65:\"نمایش آخرین پست های وبلاگ در یک ویجت\";s:2:\"pt\";s:81:\"Mostra uma lista de navegação para abrir os últimos artigos publicados no Blog\";s:2:\"el\";s:103:\"Προβάλει τις πιο πρόσφατες αναρτήσεις στο ιστολόγιό σας\";s:2:\"fr\";s:68:\"Permet d\'afficher la liste des derniers posts du blog dans un Widget\";s:2:\"ru\";s:100:\"Выводит список последних записей блога внутри виджета\";s:2:\"id\";s:35:\"Menampilkan daftar download layanan\";}','Indra Halim','http://www.indra.com','1.0.0',1,36,1501171945),(37,'formulir_download','a:8:{s:2:\"en\";s:31:\"Download Formulir untuk Layanan\";s:2:\"br\";s:24:\"Artigos recentes do Blog\";s:2:\"fa\";s:26:\"آخرین ارسال ها\";s:2:\"pt\";s:24:\"Artigos recentes do Blog\";s:2:\"el\";s:62:\"Τελευταίες αναρτήσεις ιστολογίου\";s:2:\"fr\";s:17:\"Derniers articles\";s:2:\"ru\";s:31:\"Последние записи\";s:2:\"id\";s:15:\"Daftar Download\";}','a:8:{s:2:\"en\";s:41:\"Display latest downloadable with a widget\";s:2:\"br\";s:81:\"Mostra uma lista de navegação para abrir os últimos artigos publicados no Blog\";s:2:\"fa\";s:65:\"نمایش آخرین پست های وبلاگ در یک ویجت\";s:2:\"pt\";s:81:\"Mostra uma lista de navegação para abrir os últimos artigos publicados no Blog\";s:2:\"el\";s:103:\"Προβάλει τις πιο πρόσφατες αναρτήσεις στο ιστολόγιό σας\";s:2:\"fr\";s:68:\"Permet d\'afficher la liste des derniers posts du blog dans un Widget\";s:2:\"ru\";s:100:\"Выводит список последних записей блога внутри виджета\";s:2:\"id\";s:35:\"Menampilkan daftar download layanan\";}','Indra Halim','http://www.indra.com','1.0.0',1,37,1501171945),(38,'permohonan_ambil','a:2:{s:2:\"en\";s:36:\"Daftar Permohonan yang Belum Diambil\";s:2:\"id\";s:36:\"Daftar Permohonan yang Belum Diambil\";}','a:2:{s:2:\"en\";s:36:\"Daftar Permohonan yang Belum Diambil\";s:2:\"id\";s:36:\"Daftar Permohonan yang Belum Diambil\";}','Indra Halim','http://www.indra.com','1.0.0',1,38,1501171946),(39,'permohonan_terbit','a:2:{s:2:\"en\";s:34:\"Daftar Permohonan yang Diterbitkan\";s:2:\"id\";s:34:\"Daftar Permohonan yang Diterbitkan\";}','a:2:{s:2:\"en\";s:34:\"Daftar Permohonan yang Diterbitkan\";s:2:\"id\";s:34:\"Daftar Permohonan yang Diterbitkan\";}','Indra Halim','http://www.indra.com','1.0.0',1,39,1501171946),(40,'surveys','s:13:\"Survey Widget\";','s:32:\"Widget untuk menampilkan Survey.\";','Indra','http://www.indra.com/','0.1',1,40,1501171946);
/*!40000 ALTER TABLE `default_widgets` ENABLE KEYS */;
UNLOCK TABLES;
/*!40103 SET TIME_ZONE=@OLD_TIME_ZONE */;

/*!40101 SET SQL_MODE=@OLD_SQL_MODE */;
/*!40014 SET FOREIGN_KEY_CHECKS=@OLD_FOREIGN_KEY_CHECKS */;
/*!40014 SET UNIQUE_CHECKS=@OLD_UNIQUE_CHECKS */;
/*!40101 SET CHARACTER_SET_CLIENT=@OLD_CHARACTER_SET_CLIENT */;
/*!40101 SET CHARACTER_SET_RESULTS=@OLD_CHARACTER_SET_RESULTS */;
/*!40101 SET COLLATION_CONNECTION=@OLD_COLLATION_CONNECTION */;
/*!40111 SET SQL_NOTES=@OLD_SQL_NOTES */;

-- Dump completed on 2017-10-31  4:57:49
